{
  "categories": [
    {
      "name": "others_",
      "score": 0.0390625
    },
    {
      "name": "people_portrait",
      "score": 0.3984375,
      "detail": {
        "celebrities": []
      }
    }
  ],
  "adult": {
    "isAdultContent": false,
    "isRacyContent": false,
    "isGoryContent": false,
    "adultScore": 0.03220752254128456,
    "racyScore": 0.047358304262161255,
    "goreScore": 0.003923451062291861
  },
  "color": {
    "dominantColorForeground": "Black",
    "dominantColorBackground": "Black",
    "dominantColors": [
      "Black"
    ],
    "accentColor": "8C623F",
    "isBWImg": false
  },
  "imageType": {
    "clipArtType": 0,
    "lineDrawingType": 0
  },
  "tags": [
    {
      "name": "person",
      "confidence": 0.9230008721351624
    },
    {
      "name": "clothing",
      "confidence": 0.8776473999023438
    },
    {
      "name": "human face",
      "confidence": 0.8734570741653442
    },
    {
      "name": "screenshot",
      "confidence": 0.8729976415634155
    },
    {
      "name": "man",
      "confidence": 0.8520451188087463
    },
    {
      "name": "car",
      "confidence": 0.4936354160308838
    }
  ],
  "description": {
    "tags": [
      "person",
      "dark"
    ],
    "captions": [
      {
        "text": "a man looking through a scope at a boy",
        "confidence": 0.32571086287498474
      }
    ]
  },
  "faces": [
    {
      "age": 20,
      "gender": "Male",
      "faceRectangle": {
        "left": 328,
        "top": 460,
        "width": 110,
        "height": 110
      }
    }
  ],
  "objects": [
    {
      "rectangle": {
        "x": 300,
        "y": 389,
        "w": 317,
        "h": 327
      },
      "object": "person",
      "confidence": 0.766
    }
  ],
  "brands": [],
  "requestId": "d731d739-6c19-47f2-a2e8-fced3b924c2c",
  "metadata": {
    "width": 1280,
    "height": 720,
    "format": "Png"
  },
  "modelVersion": "2021-05-01"
}