{
  "categories": [
    {
      "name": "others_",
      "score": 0.0078125
    },
    {
      "name": "people_portrait",
      "score": 0.33203125,
      "detail": {
        "celebrities": [
          {
            "name": "Billy Corgan",
            "confidence": 0.9999727010726929,
            "faceRectangle": {
              "left": 146,
              "top": 160,
              "width": 508,
              "height": 508
            }
          }
        ]
      }
    }
  ],
  "adult": {
    "isAdultContent": false,
    "isRacyContent": false,
    "isGoryContent": false,
    "adultScore": 0.013382364064455032,
    "racyScore": 0.014803513884544373,
    "goreScore": 0.012765462510287762
  },
  "color": {
    "dominantColorForeground": "White",
    "dominantColorBackground": "Black",
    "dominantColors": [
      "Black"
    ],
    "accentColor": "AA7422",
    "isBWImg": false
  },
  "imageType": {
    "clipArtType": 0,
    "lineDrawingType": 0
  },
  "tags": [
    {
      "name": "human face",
      "confidence": 0.98790043592453
    },
    {
      "name": "person",
      "confidence": 0.9779666662216187
    },
    {
      "name": "screenshot",
      "confidence": 0.9066287279129028
    },
    {
      "name": "darkness",
      "confidence": 0.8832865357398987
    },
    {
      "name": "forehead",
      "confidence": 0.8775609731674194
    },
    {
      "name": "black",
      "confidence": 0.8763730525970459
    },
    {
      "name": "chin",
      "confidence": 0.8693333864212036
    },
    {
      "name": "lip",
      "confidence": 0.8603386282920837
    },
    {
      "name": "eyebrow",
      "confidence": 0.85944002866745
    },
    {
      "name": "jaw",
      "confidence": 0.8402752876281738
    },
    {
      "name": "indoor",
      "confidence": 0.6466493606567383
    },
    {
      "name": "light",
      "confidence": 0.5504453778266907
    },
    {
      "name": "face",
      "confidence": 0.4093683660030365
    }
  ],
  "description": {
    "tags": [
      "person",
      "indoor",
      "dark",
      "staring"
    ],
    "captions": [
      {
        "text": "Billy Corgan with a straight face",
        "confidence": 0.31536975502967834
      }
    ]
  },
  "faces": [
    {
      "age": 25,
      "gender": "Male",
      "faceRectangle": {
        "left": 147,
        "top": 160,
        "width": 509,
        "height": 509
      }
    }
  ],
  "objects": [
    {
      "rectangle": {
        "x": 119,
        "y": 3,
        "w": 658,
        "h": 704
      },
      "object": "person",
      "confidence": 0.858
    }
  ],
  "brands": [],
  "requestId": "70d23dde-23ca-4d4e-bd98-668d6e8ac2ed",
  "metadata": {
    "width": 1280,
    "height": 720,
    "format": "Png"
  },
  "modelVersion": "2021-05-01"
}