{
  "categories": [
    {
      "name": "abstract_",
      "score": 0.00390625
    },
    {
      "name": "others_",
      "score": 0.00390625
    },
    {
      "name": "outdoor_",
      "score": 0.0078125,
      "detail": {
        "landmarks": []
      }
    },
    {
      "name": "outdoor_road",
      "score": 0.26953125,
      "detail": {
        "landmarks": []
      }
    }
  ],
  "adult": {
    "isAdultContent": false,
    "isRacyContent": false,
    "isGoryContent": false,
    "adultScore": 0.0026432888116687536,
    "racyScore": 0.004739970434457064,
    "goreScore": 0.0008974201045930386
  },
  "color": {
    "dominantColorForeground": "Black",
    "dominantColorBackground": "Black",
    "dominantColors": [
      "Black"
    ],
    "accentColor": "2775A4",
    "isBWImg": false
  },
  "imageType": {
    "clipArtType": 0,
    "lineDrawingType": 0
  },
  "tags": [
    {
      "name": "darkness",
      "confidence": 0.9180063009262085
    },
    {
      "name": "concert",
      "confidence": 0.9081778526306152
    },
    {
      "name": "music",
      "confidence": 0.5339887738227844
    }
  ],
  "description": {
    "tags": [],
    "captions": [
      {
        "text": "a person's feet on a table in front of a street at night",
        "confidence": 0.4112340211868286
      }
    ]
  },
  "faces": [],
  "objects": [],
  "brands": [],
  "requestId": "049b18ed-80d7-4e1a-8452-c277fef106df",
  "metadata": {
    "width": 1280,
    "height": 720,
    "format": "Png"
  },
  "modelVersion": "2021-05-01"
}