{
  "categories": [
    {
      "name": "abstract_",
      "score": 0.01171875
    },
    {
      "name": "abstract_shape",
      "score": 0.109375
    },
    {
      "name": "others_",
      "score": 0.015625
    },
    {
      "name": "outdoor_",
      "score": 0.00390625,
      "detail": {
        "landmarks": []
      }
    }
  ],
  "adult": {
    "isAdultContent": false,
    "isRacyContent": false,
    "isGoryContent": false,
    "adultScore": 0.03732702508568764,
    "racyScore": 0.08389382064342499,
    "goreScore": 0.022591274231672287
  },
  "color": {
    "dominantColorForeground": "Black",
    "dominantColorBackground": "Black",
    "dominantColors": [
      "Black",
      "Brown"
    ],
    "accentColor": "CB8A00",
    "isBWImg": false
  },
  "imageType": {
    "clipArtType": 1,
    "lineDrawingType": 0
  },
  "tags": [
    {
      "name": "candle",
      "confidence": 0.98414146900177
    },
    {
      "name": "heat",
      "confidence": 0.9202733635902405
    },
    {
      "name": "night",
      "confidence": 0.7155872583389282
    },
    {
      "name": "light",
      "confidence": 0.693309485912323
    },
    {
      "name": "person",
      "confidence": 0.673237681388855
    },
    {
      "name": "fire",
      "confidence": 0.6534658074378967
    }
  ],
  "description": {
    "tags": [
      "lit",
      "dark"
    ],
    "captions": [
      {
        "text": "a fire burning in a room",
        "confidence": 0.3072752058506012
      }
    ]
  },
  "faces": [],
  "objects": [],
  "brands": [],
  "requestId": "bf8e7440-3791-4db8-a8a2-4da978ee9109",
  "metadata": {
    "width": 1280,
    "height": 720,
    "format": "Png"
  },
  "modelVersion": "2021-05-01"
}