{
  "categories": [
    {
      "name": "people_show",
      "score": 0.9140625
    }
  ],
  "adult": {
    "isAdultContent": false,
    "isRacyContent": false,
    "isGoryContent": false,
    "adultScore": 0.02674955502152443,
    "racyScore": 0.044896066188812256,
    "goreScore": 0.007983610965311527
  },
  "color": {
    "dominantColorForeground": "White",
    "dominantColorBackground": "Black",
    "dominantColors": [
      "Black"
    ],
    "accentColor": "242FA7",
    "isBWImg": false
  },
  "imageType": {
    "clipArtType": 0,
    "lineDrawingType": 0
  },
  "tags": [
    {
      "name": "clothing",
      "confidence": 0.97789466381073
    },
    {
      "name": "person",
      "confidence": 0.9693952798843384
    },
    {
      "name": "sky",
      "confidence": 0.9537744522094727
    },
    {
      "name": "screenshot",
      "confidence": 0.8992157578468323
    },
    {
      "name": "outdoor",
      "confidence": 0.8974995613098145
    },
    {
      "name": "human face",
      "confidence": 0.8653735518455505
    },
    {
      "name": "girl",
      "confidence": 0.8442349433898926
    },
    {
      "name": "standing",
      "confidence": 0.6232783794403076
    }
  ],
  "description": {
    "tags": [
      "text",
      "person",
      "dark"
    ],
    "captions": [
      {
        "text": "a man holding a light saber",
        "confidence": 0.33403828740119934
      }
    ]
  },
  "faces": [],
  "objects": [
    {
      "rectangle": {
        "x": 933,
        "y": 27,
        "w": 184,
        "h": 559
      },
      "object": "person",
      "confidence": 0.779
    },
    {
      "rectangle": {
        "x": 185,
        "y": 0,
        "w": 400,
        "h": 712
      },
      "object": "person",
      "confidence": 0.677
    },
    {
      "rectangle": {
        "x": 475,
        "y": 13,
        "w": 520,
        "h": 673
      },
      "object": "person",
      "confidence": 0.655
    }
  ],
  "brands": [],
  "requestId": "720ed444-50e7-4abb-b727-4f81297a350c",
  "metadata": {
    "width": 1280,
    "height": 720,
    "format": "Png"
  },
  "modelVersion": "2021-05-01"
}