{
  "categories": [
    {
      "name": "abstract_",
      "score": 0.00390625
    },
    {
      "name": "others_",
      "score": 0.0546875
    },
    {
      "name": "outdoor_",
      "score": 0.0078125,
      "detail": {
        "landmarks": []
      }
    }
  ],
  "adult": {
    "isAdultContent": false,
    "isRacyContent": false,
    "isGoryContent": false,
    "adultScore": 0.019426770508289337,
    "racyScore": 0.030654143542051315,
    "goreScore": 0.0010286190081387758
  },
  "color": {
    "dominantColorForeground": "Black",
    "dominantColorBackground": "Black",
    "dominantColors": [
      "Black"
    ],
    "accentColor": "010002",
    "isBWImg": false
  },
  "imageType": {
    "clipArtType": 2,
    "lineDrawingType": 0
  },
  "tags": [
    {
      "name": "cave",
      "confidence": 0.8982897996902466
    },
    {
      "name": "silhouette",
      "confidence": 0.8270728588104248
    }
  ],
  "description": {
    "tags": [
      "monitor",
      "person",
      "screen",
      "dark",
      "watching"
    ],
    "captions": [
      {
        "text": "a person looking through a hole in a wall",
        "confidence": 0.3325078785419464
      }
    ]
  },
  "faces": [],
  "objects": [
    {
      "rectangle": {
        "x": 412,
        "y": 4,
        "w": 682,
        "h": 685
      },
      "object": "person",
      "confidence": 0.777
    }
  ],
  "brands": [
    {
      "name": "Barclays",
      "confidence": 0.702,
      "rectangle": {
        "x": 417,
        "y": 91,
        "w": 478,
        "h": 553
      }
    }
  ],
  "requestId": "b95f30dc-3bd0-4fb7-96fc-099c16c232f9",
  "metadata": {
    "width": 1280,
    "height": 720,
    "format": "Png"
  },
  "modelVersion": "2021-05-01"
}