{
  "categories": [
    {
      "name": "outdoor_",
      "score": 0.00390625,
      "detail": {
        "landmarks": []
      }
    },
    {
      "name": "outdoor_road",
      "score": 0.55859375,
      "detail": {
        "landmarks": []
      }
    }
  ],
  "adult": {
    "isAdultContent": false,
    "isRacyContent": false,
    "isGoryContent": false,
    "adultScore": 0.0014692230615764856,
    "racyScore": 0.0027426767628639936,
    "goreScore": 0.00023210154904518276
  },
  "color": {
    "dominantColorForeground": "Black",
    "dominantColorBackground": "Black",
    "dominantColors": [
      "Black",
      "Brown"
    ],
    "accentColor": "0D0200",
    "isBWImg": false
  },
  "imageType": {
    "clipArtType": 1,
    "lineDrawingType": 0
  },
  "tags": [
    {
      "name": "outdoor",
      "confidence": 0.9969234466552734
    },
    {
      "name": "street light",
      "confidence": 0.9786003828048706
    },
    {
      "name": "sky",
      "confidence": 0.9667779207229614
    },
    {
      "name": "light",
      "confidence": 0.9286969304084778
    },
    {
      "name": "road",
      "confidence": 0.9286195635795593
    },
    {
      "name": "night",
      "confidence": 0.9280053377151489
    },
    {
      "name": "darkness",
      "confidence": 0.9237876534461975
    },
    {
      "name": "security lighting",
      "confidence": 0.8722121715545654
    },
    {
      "name": "street",
      "confidence": 0.8700920939445496
    },
    {
      "name": "road surface",
      "confidence": 0.850371241569519
    },
    {
      "name": "lighting",
      "confidence": 0.8408541083335876
    }
  ],
  "description": {
    "tags": [
      "outdoor",
      "sky",
      "light",
      "way",
      "road",
      "night",
      "dark",
      "highway"
    ],
    "captions": [
      {
        "text": "a car driving down a road at night",
        "confidence": 0.564679741859436
      }
    ]
  },
  "faces": [],
  "objects": [
    {
      "rectangle": {
        "x": 802,
        "y": 331,
        "w": 32,
        "h": 179
      },
      "object": "Street light",
      "confidence": 0.509
    },
    {
      "rectangle": {
        "x": 976,
        "y": 456,
        "w": 87,
        "h": 69
      },
      "object": "car",
      "confidence": 0.53,
      "parent": {
        "object": "Land vehicle",
        "confidence": 0.536,
        "parent": {
          "object": "Vehicle",
          "confidence": 0.536
        }
      }
    }
  ],
  "brands": [],
  "requestId": "dd2456d0-1829-4739-9f25-ffbc1a9a50cd",
  "metadata": {
    "width": 1280,
    "height": 720,
    "format": "Png"
  },
  "modelVersion": "2021-05-01"
}