{
  "categories": [
    {
      "name": "abstract_",
      "score": 0.00390625
    },
    {
      "name": "others_",
      "score": 0.00390625
    },
    {
      "name": "outdoor_",
      "score": 0.01171875,
      "detail": {
        "landmarks": []
      }
    },
    {
      "name": "outdoor_road",
      "score": 0.28125,
      "detail": {
        "landmarks": []
      }
    },
    {
      "name": "people_show",
      "score": 0.33203125
    }
  ],
  "adult": {
    "isAdultContent": false,
    "isRacyContent": false,
    "isGoryContent": false,
    "adultScore": 0.007445031777024269,
    "racyScore": 0.011540726758539677,
    "goreScore": 0.002052945550531149
  },
  "color": {
    "dominantColorForeground": "Black",
    "dominantColorBackground": "Black",
    "dominantColors": [
      "Black"
    ],
    "accentColor": "AC481F",
    "isBWImg": false
  },
  "imageType": {
    "clipArtType": 0,
    "lineDrawingType": 0
  },
  "tags": [
    {
      "name": "video",
      "confidence": 0.9276576042175293
    },
    {
      "name": "display device",
      "confidence": 0.9261428117752075
    },
    {
      "name": "monitor",
      "confidence": 0.8727654218673706
    },
    {
      "name": "indoor",
      "confidence": 0.8688070774078369
    },
    {
      "name": "screenshot",
      "confidence": 0.8676567077636719
    },
    {
      "name": "television",
      "confidence": 0.8528802394866943
    },
    {
      "name": "media",
      "confidence": 0.8522968888282776
    },
    {
      "name": "screen",
      "confidence": 0.6125651001930237
    }
  ],
  "description": {
    "tags": [
      "indoor"
    ],
    "captions": [
      {
        "text": "a person on a stage",
        "confidence": 0.3650857210159302
      }
    ]
  },
  "faces": [],
  "objects": [
    {
      "rectangle": {
        "x": 467,
        "y": 208,
        "w": 152,
        "h": 202
      },
      "object": "person",
      "confidence": 0.616
    }
  ],
  "brands": [],
  "requestId": "427881ed-9b57-4e22-96b9-43769b6403da",
  "metadata": {
    "width": 1280,
    "height": 720,
    "format": "Png"
  },
  "modelVersion": "2021-05-01"
}