{
  "categories": [
    {
      "name": "people_show",
      "score": 0.6328125
    }
  ],
  "adult": {
    "isAdultContent": false,
    "isRacyContent": false,
    "isGoryContent": false,
    "adultScore": 0.0018149218522012234,
    "racyScore": 0.003614810761064291,
    "goreScore": 0.0007265823660418391
  },
  "color": {
    "dominantColorForeground": "Black",
    "dominantColorBackground": "Black",
    "dominantColors": [
      "Black"
    ],
    "accentColor": "B70806",
    "isBWImg": false
  },
  "imageType": {
    "clipArtType": 0,
    "lineDrawingType": 0
  },
  "tags": [
    {
      "name": "clothing",
      "confidence": 0.9924943447113037
    },
    {
      "name": "person",
      "confidence": 0.9667425751686096
    },
    {
      "name": "darkness",
      "confidence": 0.9113166332244873
    },
    {
      "name": "event",
      "confidence": 0.8944820165634155
    },
    {
      "name": "man",
      "confidence": 0.8747292757034302
    },
    {
      "name": "people",
      "confidence": 0.8445512056350708
    },
    {
      "name": "art",
      "confidence": 0.5037623643875122
    }
  ],
  "description": {
    "tags": [
      "person",
      "indoor",
      "dark",
      "crowd"
    ],
    "captions": [
      {
        "text": "a group of people in a dark room",
        "confidence": 0.5108855962753296
      }
    ]
  },
  "faces": [],
  "objects": [
    {
      "rectangle": {
        "x": 917,
        "y": 155,
        "w": 128,
        "h": 307
      },
      "object": "person",
      "confidence": 0.582
    },
    {
      "rectangle": {
        "x": 707,
        "y": 172,
        "w": 201,
        "h": 346
      },
      "object": "person",
      "confidence": 0.642
    },
    {
      "rectangle": {
        "x": 260,
        "y": 226,
        "w": 300,
        "h": 494
      },
      "object": "person",
      "confidence": 0.708
    }
  ],
  "brands": [],
  "requestId": "e4beb417-9f0d-4a02-9c0c-072229e9c574",
  "metadata": {
    "width": 1280,
    "height": 720,
    "format": "Png"
  },
  "modelVersion": "2021-05-01"
}