{
  "categories": [
    {
      "name": "outdoor_",
      "score": 0.00390625,
      "detail": {
        "landmarks": []
      }
    },
    {
      "name": "outdoor_stonerock",
      "score": 0.4609375,
      "detail": {
        "landmarks": []
      }
    }
  ],
  "adult": {
    "isAdultContent": false,
    "isRacyContent": false,
    "isGoryContent": false,
    "adultScore": 0.004261034075170755,
    "racyScore": 0.00572338979691267,
    "goreScore": 0.0007676407694816589
  },
  "color": {
    "dominantColorForeground": "Brown",
    "dominantColorBackground": "Black",
    "dominantColors": [
      "Brown",
      "Black"
    ],
    "accentColor": "014BCA",
    "isBWImg": false
  },
  "imageType": {
    "clipArtType": 0,
    "lineDrawingType": 0
  },
  "tags": [
    {
      "name": "clothing",
      "confidence": 0.9936816692352295
    },
    {
      "name": "person",
      "confidence": 0.9832944869995117
    },
    {
      "name": "sky",
      "confidence": 0.9778222441673279
    },
    {
      "name": "outdoor",
      "confidence": 0.9696977734565735
    },
    {
      "name": "hiking",
      "confidence": 0.9023075699806213
    },
    {
      "name": "toddler",
      "confidence": 0.8641331195831299
    },
    {
      "name": "mountain",
      "confidence": 0.7388278841972351
    },
    {
      "name": "nature",
      "confidence": 0.6975664496421814
    },
    {
      "name": "boy",
      "confidence": 0.6433645486831665
    },
    {
      "name": "child",
      "confidence": 0.6052574515342712
    },
    {
      "name": "ground",
      "confidence": 0.5857033133506775
    }
  ],
  "description": {
    "tags": [
      "sky",
      "outdoor",
      "ground",
      "person",
      "sandy",
      "crowd"
    ],
    "captions": [
      {
        "text": "a person standing in a desert",
        "confidence": 0.40431463718414307
      }
    ]
  },
  "faces": [],
  "objects": [
    {
      "rectangle": {
        "x": 430,
        "y": 93,
        "w": 172,
        "h": 488
      },
      "object": "person",
      "confidence": 0.717
    },
    {
      "rectangle": {
        "x": 209,
        "y": 429,
        "w": 230,
        "h": 281
      },
      "object": "person",
      "confidence": 0.67
    },
    {
      "rectangle": {
        "x": 463,
        "y": 537,
        "w": 278,
        "h": 183
      },
      "object": "person",
      "confidence": 0.654
    }
  ],
  "brands": [],
  "requestId": "7b003780-f949-42e2-adc2-caf8d31b095f",
  "metadata": {
    "width": 1280,
    "height": 720,
    "format": "Png"
  },
  "modelVersion": "2021-05-01"
}