{
  "categories": [
    {
      "name": "abstract_",
      "score": 0.00390625
    },
    {
      "name": "others_",
      "score": 0.08984375
    }
  ],
  "adult": {
    "isAdultContent": false,
    "isRacyContent": false,
    "isGoryContent": false,
    "adultScore": 0.021231846883893013,
    "racyScore": 0.041877828538417816,
    "goreScore": 0.003513457253575325
  },
  "color": {
    "dominantColorForeground": "White",
    "dominantColorBackground": "Black",
    "dominantColors": [
      "Black"
    ],
    "accentColor": "2C23A8",
    "isBWImg": false
  },
  "imageType": {
    "clipArtType": 0,
    "lineDrawingType": 0
  },
  "tags": [
    {
      "name": "screenshot",
      "confidence": 0.9452179670333862
    },
    {
      "name": "light",
      "confidence": 0.924022912979126
    },
    {
      "name": "blurry",
      "confidence": 0.9078220129013062
    },
    {
      "name": "lens flare",
      "confidence": 0.9076099395751953
    },
    {
      "name": "backlighting",
      "confidence": 0.877720057964325
    },
    {
      "name": "darkness",
      "confidence": 0.8520286083221436
    },
    {
      "name": "person",
      "confidence": 0.6260170936584473
    },
    {
      "name": "sun",
      "confidence": 0.5460290312767029
    }
  ],
  "description": {
    "tags": [
      "dark",
      "screen",
      "blurry",
      "image"
    ],
    "captions": [
      {
        "text": "a man holding a phone",
        "confidence": 0.284614622592926
      }
    ]
  },
  "faces": [],
  "objects": [],
  "brands": [],
  "requestId": "84dd76d4-34be-4e42-b5b8-cef4ae3d8690",
  "metadata": {
    "width": 1280,
    "height": 720,
    "format": "Png"
  },
  "modelVersion": "2021-05-01"
}