{
  "categories": [
    {
      "name": "abstract_",
      "score": 0.01171875
    },
    {
      "name": "others_",
      "score": 0.01953125
    },
    {
      "name": "outdoor_",
      "score": 0.00390625,
      "detail": {
        "landmarks": []
      }
    }
  ],
  "adult": {
    "isAdultContent": false,
    "isRacyContent": false,
    "isGoryContent": false,
    "adultScore": 0.009159637615084648,
    "racyScore": 0.013857971876859665,
    "goreScore": 0.003791641676798463
  },
  "color": {
    "dominantColorForeground": "White",
    "dominantColorBackground": "Black",
    "dominantColors": [
      "Black"
    ],
    "accentColor": "A95D22",
    "isBWImg": false
  },
  "imageType": {
    "clipArtType": 0,
    "lineDrawingType": 0
  },
  "tags": [
    {
      "name": "human face",
      "confidence": 0.9896372556686401
    },
    {
      "name": "person",
      "confidence": 0.9727635383605957
    },
    {
      "name": "screenshot",
      "confidence": 0.900908350944519
    },
    {
      "name": "chin",
      "confidence": 0.8828995227813721
    },
    {
      "name": "jaw",
      "confidence": 0.8810113668441772
    },
    {
      "name": "lip",
      "confidence": 0.8806694149971008
    },
    {
      "name": "black",
      "confidence": 0.8761210441589355
    },
    {
      "name": "darkness",
      "confidence": 0.8755425214767456
    },
    {
      "name": "forehead",
      "confidence": 0.8734179735183716
    },
    {
      "name": "human",
      "confidence": 0.8713825345039368
    },
    {
      "name": "cheek",
      "confidence": 0.8440402150154114
    },
    {
      "name": "indoor",
      "confidence": 0.5895538330078125
    }
  ],
  "description": {
    "tags": [
      "person",
      "indoor",
      "dark"
    ],
    "captions": [
      {
        "text": "a person making a face",
        "confidence": 0.41858020424842834
      }
    ]
  },
  "faces": [],
  "objects": [
    {
      "rectangle": {
        "x": 261,
        "y": 0,
        "w": 839,
        "h": 713
      },
      "object": "person",
      "confidence": 0.753
    }
  ],
  "brands": [],
  "requestId": "b05cb29f-3c5a-4a38-a1f6-0ad2de30142b",
  "metadata": {
    "width": 1280,
    "height": 720,
    "format": "Png"
  },
  "modelVersion": "2021-05-01"
}