{
  "categories": [
    {
      "name": "abstract_",
      "score": 0.00390625
    },
    {
      "name": "others_",
      "score": 0.00390625
    }
  ],
  "adult": {
    "isAdultContent": false,
    "isRacyContent": false,
    "isGoryContent": false,
    "adultScore": 0.018502097576856613,
    "racyScore": 0.024942496791481972,
    "goreScore": 0.003828246844932437
  },
  "color": {
    "dominantColorForeground": "Orange",
    "dominantColorBackground": "Black",
    "dominantColors": [
      "Orange",
      "Black"
    ],
    "accentColor": "0A0100",
    "isBWImg": false
  },
  "imageType": {
    "clipArtType": 1,
    "lineDrawingType": 0
  },
  "tags": [
    {
      "name": "footwear",
      "confidence": 0.9591734409332275
    },
    {
      "name": "clothing",
      "confidence": 0.935117244720459
    },
    {
      "name": "wall",
      "confidence": 0.9282137155532837
    },
    {
      "name": "person",
      "confidence": 0.8871199488639832
    },
    {
      "name": "indoor",
      "confidence": 0.7573668956756592
    },
    {
      "name": "mirror",
      "confidence": 0.6308352947235107
    },
    {
      "name": "floor",
      "confidence": 0.5760995149612427
    },
    {
      "name": "light",
      "confidence": 0.5741746425628662
    }
  ],
  "description": {
    "tags": [
      "indoor",
      "wall"
    ],
    "captions": [
      {
        "text": "a person in a red shirt",
        "confidence": 0.27182552218437195
      }
    ]
  },
  "faces": [],
  "objects": [
    {
      "rectangle": {
        "x": 462,
        "y": 36,
        "w": 266,
        "h": 486
      },
      "object": "person",
      "confidence": 0.685
    }
  ],
  "brands": [],
  "requestId": "887eb587-ad6c-49fe-8943-be6870c3f68e",
  "metadata": {
    "width": 1280,
    "height": 720,
    "format": "Png"
  },
  "modelVersion": "2021-05-01"
}