{
  "categories": [
    {
      "name": "people_",
      "score": 0.88671875,
      "detail": {
        "celebrities": []
      }
    }
  ],
  "adult": {
    "isAdultContent": false,
    "isRacyContent": false,
    "isGoryContent": false,
    "adultScore": 0.014657257124781609,
    "racyScore": 0.01778150536119938,
    "goreScore": 0.0007017012685537338
  },
  "color": {
    "dominantColorForeground": "Black",
    "dominantColorBackground": "Black",
    "dominantColors": [
      "Black"
    ],
    "accentColor": "A87623",
    "isBWImg": false
  },
  "imageType": {
    "clipArtType": 1,
    "lineDrawingType": 0
  },
  "tags": [
    {
      "name": "clothing",
      "confidence": 0.9938437938690186
    },
    {
      "name": "person",
      "confidence": 0.9898805618286133
    },
    {
      "name": "soft drink",
      "confidence": 0.9609805345535278
    },
    {
      "name": "retail",
      "confidence": 0.907771646976471
    },
    {
      "name": "convenience store",
      "confidence": 0.8883874416351318
    },
    {
      "name": "indoor",
      "confidence": 0.8722220659255981
    },
    {
      "name": "human face",
      "confidence": 0.8554143905639648
    },
    {
      "name": "customer",
      "confidence": 0.8447779417037964
    },
    {
      "name": "store",
      "confidence": 0.8259244561195374
    },
    {
      "name": "standing",
      "confidence": 0.80503249168396
    },
    {
      "name": "ceiling",
      "confidence": 0.6524571180343628
    },
    {
      "name": "shop",
      "confidence": 0.6117396950721741
    },
    {
      "name": "drink",
      "confidence": 0.5531908273696899
    },
    {
      "name": "vending machine",
      "confidence": 0.501118540763855
    }
  ],
  "description": {
    "tags": [
      "text",
      "person",
      "indoor",
      "standing",
      "dressed"
    ],
    "captions": [
      {
        "text": "a person holding a yellow bottle in a grocery store",
        "confidence": 0.4254378378391266
      }
    ]
  },
  "faces": [
    {
      "age": 30,
      "gender": "Male",
      "faceRectangle": {
        "left": 396,
        "top": 58,
        "width": 95,
        "height": 95
      }
    }
  ],
  "objects": [
    {
      "rectangle": {
        "x": 247,
        "y": 21,
        "w": 453,
        "h": 674
      },
      "object": "person",
      "confidence": 0.809
    }
  ],
  "brands": [],
  "requestId": "9b044954-1b7b-43c8-b84b-26091bf83858",
  "metadata": {
    "width": 1280,
    "height": 720,
    "format": "Png"
  },
  "modelVersion": "2021-05-01"
}