{
  "categories": [
    {
      "name": "others_",
      "score": 0.11328125
    },
    {
      "name": "outdoor_",
      "score": 0.0078125,
      "detail": {
        "landmarks": []
      }
    }
  ],
  "adult": {
    "isAdultContent": false,
    "isRacyContent": false,
    "isGoryContent": false,
    "adultScore": 0.011317022144794464,
    "racyScore": 0.017148040235042572,
    "goreScore": 0.001862725941464305
  },
  "color": {
    "dominantColorForeground": "White",
    "dominantColorBackground": "Black",
    "dominantColors": [
      "Black",
      "White"
    ],
    "accentColor": "B41C17",
    "isBWImg": false
  },
  "imageType": {
    "clipArtType": 0,
    "lineDrawingType": 0
  },
  "tags": [
    {
      "name": "person",
      "confidence": 0.9807645082473755
    },
    {
      "name": "car",
      "confidence": 0.9674001932144165
    },
    {
      "name": "land vehicle",
      "confidence": 0.9644973278045654
    },
    {
      "name": "mirror",
      "confidence": 0.9290453195571899
    },
    {
      "name": "man",
      "confidence": 0.9049303531646729
    },
    {
      "name": "windshield",
      "confidence": 0.8980209231376648
    },
    {
      "name": "rear-view mirror",
      "confidence": 0.8938698768615723
    },
    {
      "name": "vehicle door",
      "confidence": 0.8920668363571167
    },
    {
      "name": "automotive mirror",
      "confidence": 0.8902628421783447
    },
    {
      "name": "driving",
      "confidence": 0.8899474740028381
    },
    {
      "name": "car seat",
      "confidence": 0.8899447917938232
    },
    {
      "name": "head restraint",
      "confidence": 0.8682879209518433
    },
    {
      "name": "motor vehicle",
      "confidence": 0.8435132503509521
    },
    {
      "name": "car seat cover",
      "confidence": 0.8415091037750244
    },
    {
      "name": "outdoor",
      "confidence": 0.6814228296279907
    },
    {
      "name": "vehicle",
      "confidence": 0.5469477772712708
    }
  ],
  "description": {
    "tags": [
      "person"
    ],
    "captions": [
      {
        "text": "a boy in a car",
        "confidence": 0.5093340873718262
      }
    ]
  },
  "faces": [
    {
      "age": 28,
      "gender": "Female",
      "faceRectangle": {
        "left": 839,
        "top": 500,
        "width": 134,
        "height": 134
      }
    }
  ],
  "objects": [
    {
      "rectangle": {
        "x": 765,
        "y": 409,
        "w": 279,
        "h": 300
      },
      "object": "person",
      "confidence": 0.595
    }
  ],
  "brands": [],
  "requestId": "49abb781-01fe-40b6-b07e-eee245f87248",
  "metadata": {
    "width": 1280,
    "height": 720,
    "format": "Png"
  },
  "modelVersion": "2021-05-01"
}