{
  "categories": [
    {
      "name": "others_",
      "score": 0.203125
    },
    {
      "name": "outdoor_",
      "score": 0.00390625,
      "detail": {
        "landmarks": []
      }
    }
  ],
  "adult": {
    "isAdultContent": false,
    "isRacyContent": false,
    "isGoryContent": false,
    "adultScore": 0.01970546506345272,
    "racyScore": 0.02101690135896206,
    "goreScore": 0.0012227291008457541
  },
  "color": {
    "dominantColorForeground": "White",
    "dominantColorBackground": "Black",
    "dominantColors": [
      "Black",
      "White"
    ],
    "accentColor": "2985A2",
    "isBWImg": false
  },
  "imageType": {
    "clipArtType": 0,
    "lineDrawingType": 0
  },
  "tags": [
    {
      "name": "vehicle",
      "confidence": 0.9630061388015747
    },
    {
      "name": "car",
      "confidence": 0.9505613446235657
    },
    {
      "name": "person",
      "confidence": 0.9475953578948975
    },
    {
      "name": "mirror",
      "confidence": 0.9228640198707581
    },
    {
      "name": "vehicle door",
      "confidence": 0.9047112464904785
    },
    {
      "name": "human face",
      "confidence": 0.8723591566085815
    },
    {
      "name": "man",
      "confidence": 0.8574616312980652
    },
    {
      "name": "outdoor",
      "confidence": 0.7796542644500732
    }
  ],
  "description": {
    "tags": [
      "indoor"
    ],
    "captions": [
      {
        "text": "a person in a car",
        "confidence": 0.4625820815563202
      }
    ]
  },
  "faces": [],
  "objects": [
    {
      "rectangle": {
        "x": 439,
        "y": 11,
        "w": 662,
        "h": 699
      },
      "object": "car",
      "confidence": 0.833,
      "parent": {
        "object": "Land vehicle",
        "confidence": 0.849,
        "parent": {
          "object": "Vehicle",
          "confidence": 0.867
        }
      }
    }
  ],
  "brands": [],
  "requestId": "14918a11-dc9e-46be-8c3f-47ba7c2f7912",
  "metadata": {
    "width": 1280,
    "height": 720,
    "format": "Png"
  },
  "modelVersion": "2021-05-01"
}