{
  "categories": [
    {
      "name": "others_",
      "score": 0.00390625
    },
    {
      "name": "outdoor_",
      "score": 0.00390625,
      "detail": {
        "landmarks": []
      }
    },
    {
      "name": "people_many",
      "score": 0.3046875
    }
  ],
  "adult": {
    "isAdultContent": false,
    "isRacyContent": false,
    "isGoryContent": false,
    "adultScore": 0.0701201856136322,
    "racyScore": 0.2644314169883728,
    "goreScore": 0.017487134784460068
  },
  "color": {
    "dominantColorForeground": "Black",
    "dominantColorBackground": "Black",
    "dominantColors": [
      "Black"
    ],
    "accentColor": "0BB4C0",
    "isBWImg": false
  },
  "imageType": {
    "clipArtType": 0,
    "lineDrawingType": 0
  },
  "tags": [
    {
      "name": "person",
      "confidence": 0.9714982509613037
    },
    {
      "name": "screenshot",
      "confidence": 0.9455354809761047
    },
    {
      "name": "clothing",
      "confidence": 0.9414698481559753
    },
    {
      "name": "indoor",
      "confidence": 0.6558587551116943
    }
  ],
  "description": {
    "tags": [
      "text",
      "person",
      "monitor",
      "indoor",
      "screen",
      "display",
      "feet"
    ],
    "captions": [
      {
        "text": "a group of people dancing",
        "confidence": 0.47298502922058105
      }
    ]
  },
  "faces": [],
  "objects": [
    {
      "rectangle": {
        "x": 444,
        "y": 23,
        "w": 474,
        "h": 656
      },
      "object": "person",
      "confidence": 0.563
    }
  ],
  "brands": [],
  "requestId": "0704d97b-7eae-49ec-87c3-ae32414a6727",
  "metadata": {
    "width": 1280,
    "height": 720,
    "format": "Png"
  },
  "modelVersion": "2021-05-01"
}