{
  "categories": [
    {
      "name": "outdoor_",
      "score": 0.00390625,
      "detail": {
        "landmarks": []
      }
    },
    {
      "name": "outdoor_stonerock",
      "score": 0.3515625,
      "detail": {
        "landmarks": []
      }
    }
  ],
  "adult": {
    "isAdultContent": false,
    "isRacyContent": false,
    "isGoryContent": false,
    "adultScore": 0.003290672553703189,
    "racyScore": 0.004825015086680651,
    "goreScore": 0.0036871712654829025
  },
  "color": {
    "dominantColorForeground": "Brown",
    "dominantColorBackground": "Black",
    "dominantColors": [
      "Black",
      "Brown",
      "Blue"
    ],
    "accentColor": "0341C8",
    "isBWImg": false
  },
  "imageType": {
    "clipArtType": 0,
    "lineDrawingType": 0
  },
  "tags": [
    {
      "name": "clothing",
      "confidence": 0.9916667938232422
    },
    {
      "name": "person",
      "confidence": 0.9856334924697876
    },
    {
      "name": "outdoor",
      "confidence": 0.984565019607544
    },
    {
      "name": "sky",
      "confidence": 0.9839349985122681
    },
    {
      "name": "mammal",
      "confidence": 0.8775277137756348
    },
    {
      "name": "footwear",
      "confidence": 0.8703054189682007
    },
    {
      "name": "ground",
      "confidence": 0.6746606230735779
    },
    {
      "name": "boy",
      "confidence": 0.6104683876037598
    },
    {
      "name": "child",
      "confidence": 0.5562077164649963
    }
  ],
  "description": {
    "tags": [
      "person",
      "sky",
      "outdoor",
      "boy",
      "young",
      "crowd"
    ],
    "captions": [
      {
        "text": "a group of people on a hill",
        "confidence": 0.36814966797828674
      }
    ]
  },
  "faces": [],
  "objects": [
    {
      "rectangle": {
        "x": 631,
        "y": 89,
        "w": 241,
        "h": 517
      },
      "object": "person",
      "confidence": 0.723
    },
    {
      "rectangle": {
        "x": 602,
        "y": 467,
        "w": 338,
        "h": 249
      },
      "object": "horse",
      "confidence": 0.543,
      "parent": {
        "object": "mammal",
        "confidence": 0.66,
        "parent": {
          "object": "animal",
          "confidence": 0.662
        }
      }
    },
    {
      "rectangle": {
        "x": 152,
        "y": 313,
        "w": 385,
        "h": 407
      },
      "object": "person",
      "confidence": 0.878
    }
  ],
  "brands": [],
  "requestId": "290105d1-46e4-4c15-8c0e-c126bf323e77",
  "metadata": {
    "width": 1280,
    "height": 720,
    "format": "Png"
  },
  "modelVersion": "2021-05-01"
}