{
  "categories": [
    {
      "name": "abstract_",
      "score": 0.00390625
    },
    {
      "name": "others_",
      "score": 0.00390625
    },
    {
      "name": "outdoor_",
      "score": 0.00390625,
      "detail": {
        "landmarks": []
      }
    }
  ],
  "adult": {
    "isAdultContent": false,
    "isRacyContent": false,
    "isGoryContent": false,
    "adultScore": 0.0050761341117322445,
    "racyScore": 0.006927833426743746,
    "goreScore": 0.0013581531820818782
  },
  "color": {
    "dominantColorForeground": "Black",
    "dominantColorBackground": "Black",
    "dominantColors": [
      "Black"
    ],
    "accentColor": "C88403",
    "isBWImg": false
  },
  "imageType": {
    "clipArtType": 0,
    "lineDrawingType": 0
  },
  "tags": [
    {
      "name": "amber",
      "confidence": 0.8460399508476257
    },
    {
      "name": "abstract",
      "confidence": 0.7932703495025635
    },
    {
      "name": "light",
      "confidence": 0.6733787059783936
    },
    {
      "name": "night",
      "confidence": 0.6279160976409912
    },
    {
      "name": "art",
      "confidence": 0.5600714683532715
    }
  ],
  "description": {
    "tags": [
      "match",
      "light"
    ],
    "captions": [
      {
        "text": "a close-up of a hand holding a light saber",
        "confidence": 0.4336080849170685
      }
    ]
  },
  "faces": [],
  "objects": [
    {
      "rectangle": {
        "x": 259,
        "y": 0,
        "w": 678,
        "h": 716
      },
      "object": "tool",
      "confidence": 0.521
    }
  ],
  "brands": [],
  "requestId": "231f7676-0140-4fa3-992b-1f9006be4819",
  "metadata": {
    "width": 1280,
    "height": 720,
    "format": "Png"
  },
  "modelVersion": "2021-05-01"
}