{
  "categories": [
    {
      "name": "people_show",
      "score": 0.53125
    }
  ],
  "adult": {
    "isAdultContent": false,
    "isRacyContent": false,
    "isGoryContent": false,
    "adultScore": 0.001601200783625245,
    "racyScore": 0.0032653138041496277,
    "goreScore": 0.0004174399364273995
  },
  "color": {
    "dominantColorForeground": "Black",
    "dominantColorBackground": "Black",
    "dominantColors": [
      "Black",
      "Blue"
    ],
    "accentColor": "192EB2",
    "isBWImg": false
  },
  "imageType": {
    "clipArtType": 0,
    "lineDrawingType": 0
  },
  "tags": [
    {
      "name": "clothing",
      "confidence": 0.9803633689880371
    },
    {
      "name": "person",
      "confidence": 0.9703457355499268
    },
    {
      "name": "sky",
      "confidence": 0.9019577503204346
    },
    {
      "name": "screenshot",
      "confidence": 0.8989465236663818
    },
    {
      "name": "man",
      "confidence": 0.8755561113357544
    },
    {
      "name": "outdoor",
      "confidence": 0.8739285469055176
    },
    {
      "name": "grass",
      "confidence": 0.8722731471061707
    }
  ],
  "description": {
    "tags": [
      "sky",
      "person",
      "outdoor",
      "standing",
      "suit",
      "dark"
    ],
    "captions": [
      {
        "text": "a man and woman walking",
        "confidence": 0.3601342439651489
      }
    ]
  },
  "faces": [],
  "objects": [
    {
      "rectangle": {
        "x": 218,
        "y": 155,
        "w": 208,
        "h": 553
      },
      "object": "person",
      "confidence": 0.792
    },
    {
      "rectangle": {
        "x": 821,
        "y": 189,
        "w": 169,
        "h": 492
      },
      "object": "person",
      "confidence": 0.57
    },
    {
      "rectangle": {
        "x": 506,
        "y": 11,
        "w": 375,
        "h": 709
      },
      "object": "person",
      "confidence": 0.689
    }
  ],
  "brands": [],
  "requestId": "8bf0fcdb-932d-4a46-abe5-94943b43ec09",
  "metadata": {
    "width": 1280,
    "height": 720,
    "format": "Png"
  },
  "modelVersion": "2021-05-01"
}