{
  "categories": [
    {
      "name": "abstract_",
      "score": 0.00390625
    },
    {
      "name": "others_",
      "score": 0.00390625
    },
    {
      "name": "outdoor_",
      "score": 0.0234375,
      "detail": {
        "landmarks": []
      }
    }
  ],
  "adult": {
    "isAdultContent": false,
    "isRacyContent": false,
    "isGoryContent": false,
    "adultScore": 0.0024022478610277176,
    "racyScore": 0.003626634832471609,
    "goreScore": 0.00033017699024640024
  },
  "color": {
    "dominantColorForeground": "White",
    "dominantColorBackground": "Black",
    "dominantColors": [
      "Black"
    ],
    "accentColor": "070613",
    "isBWImg": false
  },
  "imageType": {
    "clipArtType": 0,
    "lineDrawingType": 0
  },
  "tags": [
    {
      "name": "screenshot",
      "confidence": 0.8606030941009521
    },
    {
      "name": "light",
      "confidence": 0.6649396419525146
    }
  ],
  "description": {
    "tags": [
      "dark"
    ],
    "captions": [
      {
        "text": "a person sitting in a chair in a room with a large pool",
        "confidence": 0.32427483797073364
      }
    ]
  },
  "faces": [],
  "objects": [
    {
      "rectangle": {
        "x": 566,
        "y": 173,
        "w": 186,
        "h": 197
      },
      "object": "person",
      "confidence": 0.561
    }
  ],
  "brands": [],
  "requestId": "82f3fa42-1438-4023-bd14-3093fb6114f7",
  "metadata": {
    "width": 1280,
    "height": 720,
    "format": "Png"
  },
  "modelVersion": "2021-05-01"
}