{
  "categories": [
    {
      "name": "others_",
      "score": 0.00390625
    },
    {
      "name": "outdoor_",
      "score": 0.0078125,
      "detail": {
        "landmarks": []
      }
    }
  ],
  "adult": {
    "isAdultContent": false,
    "isRacyContent": false,
    "isGoryContent": false,
    "adultScore": 0.005288074724376202,
    "racyScore": 0.009833736345171928,
    "goreScore": 0.0007043409859761596
  },
  "color": {
    "dominantColorForeground": "Black",
    "dominantColorBackground": "Black",
    "dominantColors": [
      "Black",
      "Blue",
      "Brown"
    ],
    "accentColor": "034EC8",
    "isBWImg": false
  },
  "imageType": {
    "clipArtType": 0,
    "lineDrawingType": 0
  },
  "tags": [
    {
      "name": "person",
      "confidence": 0.9878722429275513
    },
    {
      "name": "clothing",
      "confidence": 0.9851601719856262
    },
    {
      "name": "sky",
      "confidence": 0.9719256162643433
    },
    {
      "name": "outdoor",
      "confidence": 0.9120857119560242
    },
    {
      "name": "human face",
      "confidence": 0.8648765683174133
    },
    {
      "name": "screenshot",
      "confidence": 0.8591662645339966
    }
  ],
  "description": {
    "tags": [
      "sky",
      "person",
      "outdoor",
      "crowd"
    ],
    "captions": [
      {
        "text": "a person holding a child's hand up in the air",
        "confidence": 0.4148314595222473
      }
    ]
  },
  "faces": [],
  "objects": [
    {
      "rectangle": {
        "x": 155,
        "y": 13,
        "w": 334,
        "h": 688
      },
      "object": "person",
      "confidence": 0.77
    },
    {
      "rectangle": {
        "x": 335,
        "y": 299,
        "w": 707,
        "h": 412
      },
      "object": "person",
      "confidence": 0.821
    }
  ],
  "brands": [],
  "requestId": "850dc47d-5595-456f-a997-af2abbde675a",
  "metadata": {
    "width": 1280,
    "height": 720,
    "format": "Png"
  },
  "modelVersion": "2021-05-01"
}