{
  "categories": [
    {
      "name": "people_show",
      "score": 0.9296875
    }
  ],
  "adult": {
    "isAdultContent": false,
    "isRacyContent": false,
    "isGoryContent": false,
    "adultScore": 0.004789500962942839,
    "racyScore": 0.006370203103870153,
    "goreScore": 0.0029993278440088034
  },
  "color": {
    "dominantColorForeground": "White",
    "dominantColorBackground": "Black",
    "dominantColors": [
      "Black"
    ],
    "accentColor": "7D2F9C",
    "isBWImg": false
  },
  "imageType": {
    "clipArtType": 0,
    "lineDrawingType": 0
  },
  "tags": [
    {
      "name": "human face",
      "confidence": 0.9969885349273682
    },
    {
      "name": "person",
      "confidence": 0.9790145754814148
    },
    {
      "name": "screenshot",
      "confidence": 0.9355657696723938
    },
    {
      "name": "smile",
      "confidence": 0.8997265100479126
    },
    {
      "name": "lip",
      "confidence": 0.8976225852966309
    },
    {
      "name": "eyebrow",
      "confidence": 0.8869109153747559
    },
    {
      "name": "selfie",
      "confidence": 0.8777843713760376
    },
    {
      "name": "forehead",
      "confidence": 0.8469435572624207
    },
    {
      "name": "portrait",
      "confidence": 0.8432239294052124
    },
    {
      "name": "sun",
      "confidence": 0.42988380789756775
    },
    {
      "name": "light",
      "confidence": 0.41460660099983215
    }
  ],
  "description": {
    "tags": [
      "person",
      "dark",
      "staring"
    ],
    "captions": [
      {
        "text": "a man with a distorted face",
        "confidence": 0.35599860548973083
      }
    ]
  },
  "faces": [],
  "objects": [
    {
      "rectangle": {
        "x": 344,
        "y": 2,
        "w": 639,
        "h": 716
      },
      "object": "person",
      "confidence": 0.775
    }
  ],
  "brands": [],
  "requestId": "86ecfbda-c9be-4ed8-b0a3-8754e421ec95",
  "metadata": {
    "width": 1280,
    "height": 720,
    "format": "Png"
  },
  "modelVersion": "2021-05-01"
}