{
  "categories": [
    {
      "name": "others_",
      "score": 0.21484375
    }
  ],
  "adult": {
    "isAdultContent": false,
    "isRacyContent": false,
    "isGoryContent": false,
    "adultScore": 0.0038414939772337675,
    "racyScore": 0.004937176126986742,
    "goreScore": 0.0027290417347103357
  },
  "color": {
    "dominantColorForeground": "Blue",
    "dominantColorBackground": "Black",
    "dominantColors": [
      "Blue",
      "Black"
    ],
    "accentColor": "000103",
    "isBWImg": false
  },
  "imageType": {
    "clipArtType": 1,
    "lineDrawingType": 0
  },
  "tags": [
    {
      "name": "majorelle blue",
      "confidence": 0.9085016846656799
    },
    {
      "name": "electric blue",
      "confidence": 0.8984344005584717
    },
    {
      "name": "world",
      "confidence": 0.8734820485115051
    },
    {
      "name": "sphere",
      "confidence": 0.8670061826705933
    },
    {
      "name": "cobalt blue",
      "confidence": 0.8503750562667847
    },
    {
      "name": "blue",
      "confidence": 0.635322630405426
    },
    {
      "name": "art",
      "confidence": 0.4201129078865051
    }
  ],
  "description": {
    "tags": [
      "dark",
      "helmet"
    ],
    "captions": [
      {
        "text": "a pair of blue rectangular objects",
        "confidence": 0.26051414012908936
      }
    ]
  },
  "faces": [],
  "objects": [],
  "brands": [],
  "requestId": "fbdab636-5eb5-481d-87c8-f710ea8a67b2",
  "metadata": {
    "width": 1280,
    "height": 720,
    "format": "Png"
  },
  "modelVersion": "2021-05-01"
}