{
  "categories": [
    {
      "name": "people_",
      "score": 0.7890625
    }
  ],
  "adult": {
    "isAdultContent": false,
    "isRacyContent": false,
    "isGoryContent": false,
    "adultScore": 0.007402873132377863,
    "racyScore": 0.060815125703811646,
    "goreScore": 0.0007867881213314831
  },
  "color": {
    "dominantColorForeground": "Black",
    "dominantColorBackground": "Black",
    "dominantColors": [
      "Black"
    ],
    "accentColor": "0A61C1",
    "isBWImg": false
  },
  "imageType": {
    "clipArtType": 0,
    "lineDrawingType": 0
  },
  "tags": [
    {
      "name": "grass",
      "confidence": 0.9819719791412354
    },
    {
      "name": "person",
      "confidence": 0.9771571159362793
    },
    {
      "name": "outdoor",
      "confidence": 0.9712589979171753
    },
    {
      "name": "clothing",
      "confidence": 0.9435502290725708
    },
    {
      "name": "sport",
      "confidence": 0.90189528465271
    },
    {
      "name": "blurry",
      "confidence": 0.8321671485900879
    },
    {
      "name": "tennis",
      "confidence": 0.6728430390357971
    },
    {
      "name": "field",
      "confidence": 0.6293405890464783
    }
  ],
  "description": {
    "tags": [
      "person"
    ],
    "captions": [
      {
        "text": "a group of people walking",
        "confidence": 0.39673173427581787
      }
    ]
  },
  "faces": [],
  "objects": [
    {
      "rectangle": {
        "x": 269,
        "y": 305,
        "w": 63,
        "h": 140
      },
      "object": "Wheel",
      "confidence": 0.516
    },
    {
      "rectangle": {
        "x": 341,
        "y": 16,
        "w": 159,
        "h": 450
      },
      "object": "person",
      "confidence": 0.776
    },
    {
      "rectangle": {
        "x": 172,
        "y": 131,
        "w": 132,
        "h": 323
      },
      "object": "person",
      "confidence": 0.701
    },
    {
      "rectangle": {
        "x": 521,
        "y": 7,
        "w": 429,
        "h": 713
      },
      "object": "person",
      "confidence": 0.721
    }
  ],
  "brands": [],
  "requestId": "0ed7abc7-6cb1-4f33-9221-f96ade760cda",
  "metadata": {
    "width": 1280,
    "height": 720,
    "format": "Png"
  },
  "modelVersion": "2021-05-01"
}