{
  "categories": [
    {
      "name": "people_many",
      "score": 0.8515625
    }
  ],
  "adult": {
    "isAdultContent": false,
    "isRacyContent": false,
    "isGoryContent": false,
    "adultScore": 0.021316656842827797,
    "racyScore": 0.025487113744020462,
    "goreScore": 0.007603704463690519
  },
  "color": {
    "dominantColorForeground": "Black",
    "dominantColorBackground": "Black",
    "dominantColors": [
      "Black"
    ],
    "accentColor": "7E3B90",
    "isBWImg": false
  },
  "imageType": {
    "clipArtType": 0,
    "lineDrawingType": 0
  },
  "tags": [
    {
      "name": "clothing",
      "confidence": 0.9950014352798462
    },
    {
      "name": "person",
      "confidence": 0.9885632991790771
    },
    {
      "name": "car",
      "confidence": 0.9622730612754822
    },
    {
      "name": "vehicle",
      "confidence": 0.953702449798584
    },
    {
      "name": "man",
      "confidence": 0.9408130049705505
    },
    {
      "name": "street",
      "confidence": 0.9232975244522095
    },
    {
      "name": "woman",
      "confidence": 0.9062017202377319
    },
    {
      "name": "land vehicle",
      "confidence": 0.8972869515419006
    },
    {
      "name": "people",
      "confidence": 0.6535381078720093
    },
    {
      "name": "outdoor",
      "confidence": 0.6291944980621338
    }
  ],
  "description": {
    "tags": [
      "text",
      "person"
    ],
    "captions": [
      {
        "text": "a man in a car",
        "confidence": 0.3656913638114929
      }
    ]
  },
  "faces": [],
  "objects": [
    {
      "rectangle": {
        "x": 807,
        "y": 32,
        "w": 110,
        "h": 271
      },
      "object": "person",
      "confidence": 0.744
    },
    {
      "rectangle": {
        "x": 222,
        "y": 127,
        "w": 474,
        "h": 578
      },
      "object": "person",
      "confidence": 0.819
    }
  ],
  "brands": [],
  "requestId": "9b982a85-79cf-4cfd-9826-23bea2bce710",
  "metadata": {
    "width": 1280,
    "height": 720,
    "format": "Png"
  },
  "modelVersion": "2021-05-01"
}