{
  "categories": [
    {
      "name": "outdoor_",
      "score": 0.0078125,
      "detail": {
        "landmarks": []
      }
    },
    {
      "name": "people_show",
      "score": 0.35546875
    }
  ],
  "adult": {
    "isAdultContent": false,
    "isRacyContent": false,
    "isGoryContent": false,
    "adultScore": 0.004811801481992006,
    "racyScore": 0.005477378144860268,
    "goreScore": 0.0013517346233129501
  },
  "color": {
    "dominantColorForeground": "Black",
    "dominantColorBackground": "Black",
    "dominantColors": [
      "Black"
    ],
    "accentColor": "2A76A1",
    "isBWImg": false
  },
  "imageType": {
    "clipArtType": 0,
    "lineDrawingType": 0
  },
  "tags": [
    {
      "name": "darkness",
      "confidence": 0.9436206817626953
    },
    {
      "name": "night",
      "confidence": 0.8677849769592285
    },
    {
      "name": "concert",
      "confidence": 0.8516102433204651
    },
    {
      "name": "light",
      "confidence": 0.5609659552574158
    }
  ],
  "description": {
    "tags": [
      "text",
      "dark"
    ],
    "captions": [
      {
        "text": "a stage with lights and a crowd of people",
        "confidence": 0.3858424425125122
      }
    ]
  },
  "faces": [],
  "objects": [],
  "brands": [],
  "requestId": "441cbc94-4b63-4bee-acae-719e8a29a046",
  "metadata": {
    "width": 1280,
    "height": 720,
    "format": "Png"
  },
  "modelVersion": "2021-05-01"
}