{
  "categories": [
    {
      "name": "others_",
      "score": 0.01171875
    },
    {
      "name": "outdoor_",
      "score": 0.00390625,
      "detail": {
        "landmarks": []
      }
    },
    {
      "name": "sky_cloud",
      "score": 0.3984375
    }
  ],
  "adult": {
    "isAdultContent": false,
    "isRacyContent": false,
    "isGoryContent": false,
    "adultScore": 0.016202306374907494,
    "racyScore": 0.09991814941167831,
    "goreScore": 0.001168726827017963
  },
  "color": {
    "dominantColorForeground": "White",
    "dominantColorBackground": "Black",
    "dominantColors": [
      "Black"
    ],
    "accentColor": "04051A",
    "isBWImg": false
  },
  "imageType": {
    "clipArtType": 0,
    "lineDrawingType": 0
  },
  "tags": [
    {
      "name": "swimming",
      "confidence": 0.8931695222854614
    }
  ],
  "description": {
    "tags": [
      "dark"
    ],
    "captions": [
      {
        "text": "a person holding a light saber",
        "confidence": 0.31568074226379395
      }
    ]
  },
  "faces": [],
  "objects": [],
  "brands": [],
  "requestId": "d0bd63f3-90e7-4135-8142-579d5da5e4b7",
  "metadata": {
    "width": 1280,
    "height": 720,
    "format": "Png"
  },
  "modelVersion": "2021-05-01"
}