{
  "categories": [
    {
      "name": "others_",
      "score": 0.3828125
    },
    {
      "name": "outdoor_",
      "score": 0.00390625,
      "detail": {
        "landmarks": []
      }
    }
  ],
  "adult": {
    "isAdultContent": false,
    "isRacyContent": false,
    "isGoryContent": false,
    "adultScore": 0.00824050698429346,
    "racyScore": 0.008980854414403439,
    "goreScore": 0.0010127599816769361
  },
  "color": {
    "dominantColorForeground": "Black",
    "dominantColorBackground": "Black",
    "dominantColors": [
      "Black",
      "Grey"
    ],
    "accentColor": "867D45",
    "isBWImg": false
  },
  "imageType": {
    "clipArtType": 0,
    "lineDrawingType": 0
  },
  "tags": [
    {
      "name": "screenshot",
      "confidence": 0.9725123047828674
    },
    {
      "name": "road",
      "confidence": 0.9654526114463806
    },
    {
      "name": "outdoor",
      "confidence": 0.7907248735427856
    },
    {
      "name": "car",
      "confidence": 0.4427536725997925
    }
  ],
  "description": {
    "tags": [
      "text",
      "outdoor",
      "tarmac"
    ],
    "captions": [
      {
        "text": "a broken bottle on a road",
        "confidence": 0.30432116985321045
      }
    ]
  },
  "faces": [],
  "objects": [],
  "brands": [],
  "requestId": "94dbd2f7-bb82-4035-81e0-d9256b1ad625",
  "metadata": {
    "width": 1280,
    "height": 720,
    "format": "Png"
  },
  "modelVersion": "2021-05-01"
}