{
  "categories": [
    {
      "name": "abstract_",
      "score": 0.01171875
    },
    {
      "name": "others_",
      "score": 0.0078125
    }
  ],
  "adult": {
    "isAdultContent": false,
    "isRacyContent": false,
    "isGoryContent": false,
    "adultScore": 0.031799014657735825,
    "racyScore": 0.07559466361999512,
    "goreScore": 0.011456071399152279
  },
  "color": {
    "dominantColorForeground": "Black",
    "dominantColorBackground": "Black",
    "dominantColors": [
      "Black"
    ],
    "accentColor": "26445C",
    "isBWImg": false
  },
  "imageType": {
    "clipArtType": 0,
    "lineDrawingType": 0
  },
  "tags": [
    {
      "name": "screenshot",
      "confidence": 0.9345542192459106
    },
    {
      "name": "black",
      "confidence": 0.8827736377716064
    },
    {
      "name": "music",
      "confidence": 0.44258639216423035
    }
  ],
  "description": {
    "tags": [
      "indoor",
      "beverage",
      "close",
      "alcohol",
      "glass"
    ],
    "captions": [
      {
        "text": "a close up of a cup",
        "confidence": 0.3452417850494385
      }
    ]
  },
  "faces": [],
  "objects": [],
  "brands": [],
  "requestId": "f923ba94-d85c-4b16-8b92-770560fbe461",
  "metadata": {
    "width": 1280,
    "height": 720,
    "format": "Png"
  },
  "modelVersion": "2021-05-01"
}