{
  "categories": [
    {
      "name": "others_",
      "score": 0.00390625
    },
    {
      "name": "people_baby",
      "score": 0.59375,
      "detail": {
        "celebrities": [
          {
            "name": "Billy Corgan",
            "confidence": 0.7947866320610046,
            "faceRectangle": {
              "left": 464,
              "top": 113,
              "width": 486,
              "height": 486
            }
          }
        ]
      }
    }
  ],
  "adult": {
    "isAdultContent": false,
    "isRacyContent": false,
    "isGoryContent": false,
    "adultScore": 0.017337920144200325,
    "racyScore": 0.019024323672056198,
    "goreScore": 0.00660532945767045
  },
  "color": {
    "dominantColorForeground": "Black",
    "dominantColorBackground": "Black",
    "dominantColors": [
      "Black",
      "Brown"
    ],
    "accentColor": "190809",
    "isBWImg": false
  },
  "imageType": {
    "clipArtType": 0,
    "lineDrawingType": 0
  },
  "tags": [
    {
      "name": "human face",
      "confidence": 0.9924479722976685
    },
    {
      "name": "person",
      "confidence": 0.9740774631500244
    },
    {
      "name": "lip",
      "confidence": 0.9269828200340271
    },
    {
      "name": "jaw",
      "confidence": 0.9170455932617188
    },
    {
      "name": "forehead",
      "confidence": 0.9160348176956177
    },
    {
      "name": "screenshot",
      "confidence": 0.9158942699432373
    },
    {
      "name": "chin",
      "confidence": 0.9103519916534424
    },
    {
      "name": "cheek",
      "confidence": 0.8928044438362122
    },
    {
      "name": "human",
      "confidence": 0.8878268003463745
    },
    {
      "name": "darkness",
      "confidence": 0.8748469948768616
    },
    {
      "name": "eyebrow",
      "confidence": 0.8748034238815308
    },
    {
      "name": "black",
      "confidence": 0.8703605532646179
    }
  ],
  "description": {
    "tags": [
      "person",
      "indoor",
      "dark"
    ],
    "captions": [
      {
        "text": "Billy Corgan making a face",
        "confidence": 0.4459972083568573
      }
    ]
  },
  "faces": [
    {
      "age": 20,
      "gender": "Male",
      "faceRectangle": {
        "left": 464,
        "top": 114,
        "width": 487,
        "height": 487
      }
    }
  ],
  "objects": [
    {
      "rectangle": {
        "x": 322,
        "y": 9,
        "w": 824,
        "h": 695
      },
      "object": "person",
      "confidence": 0.796
    }
  ],
  "brands": [],
  "requestId": "71266936-3cf6-42a5-b0b4-494edcf388a2",
  "metadata": {
    "width": 1280,
    "height": 720,
    "format": "Png"
  },
  "modelVersion": "2021-05-01"
}