{
  "categories": [
    {
      "name": "people_",
      "score": 0.640625,
      "detail": {
        "celebrities": []
      }
    }
  ],
  "adult": {
    "isAdultContent": false,
    "isRacyContent": false,
    "isGoryContent": false,
    "adultScore": 0.0012411378556862473,
    "racyScore": 0.0032396838068962097,
    "goreScore": 0.0003734405618160963
  },
  "color": {
    "dominantColorForeground": "White",
    "dominantColorBackground": "Black",
    "dominantColors": [
      "Black"
    ],
    "accentColor": "998332",
    "isBWImg": false
  },
  "imageType": {
    "clipArtType": 0,
    "lineDrawingType": 0
  },
  "tags": [
    {
      "name": "person",
      "confidence": 0.9863760471343994
    },
    {
      "name": "human face",
      "confidence": 0.9822843074798584
    },
    {
      "name": "clothing",
      "confidence": 0.9726005792617798
    },
    {
      "name": "woman",
      "confidence": 0.6776382327079773
    },
    {
      "name": "vacation",
      "confidence": 0.5469365119934082
    },
    {
      "name": "indoor",
      "confidence": 0.5402430295944214
    }
  ],
  "description": {
    "tags": [
      "person",
      "window"
    ],
    "captions": [
      {
        "text": "a group of people in a car",
        "confidence": 0.6016181111335754
      }
    ]
  },
  "faces": [
    {
      "age": 22,
      "gender": "Female",
      "faceRectangle": {
        "left": 821,
        "top": 372,
        "width": 220,
        "height": 220
      }
    }
  ],
  "objects": [
    {
      "rectangle": {
        "x": 290,
        "y": 288,
        "w": 446,
        "h": 429
      },
      "object": "person",
      "confidence": 0.803
    },
    {
      "rectangle": {
        "x": 615,
        "y": 258,
        "w": 455,
        "h": 460
      },
      "object": "person",
      "confidence": 0.824
    }
  ],
  "brands": [],
  "requestId": "5788138e-04b1-48b5-94f3-40462bb09813",
  "metadata": {
    "width": 1280,
    "height": 720,
    "format": "Png"
  },
  "modelVersion": "2021-05-01"
}