{
  "categories": [
    {
      "name": "people_show",
      "score": 0.953125,
      "detail": {
        "celebrities": []
      }
    }
  ],
  "adult": {
    "isAdultContent": false,
    "isRacyContent": false,
    "isGoryContent": false,
    "adultScore": 0.0071726529859006405,
    "racyScore": 0.025870872661471367,
    "goreScore": 0.014100541360676289
  },
  "color": {
    "dominantColorForeground": "Black",
    "dominantColorBackground": "Black",
    "dominantColors": [
      "Black"
    ],
    "accentColor": "A83423",
    "isBWImg": false
  },
  "imageType": {
    "clipArtType": 0,
    "lineDrawingType": 0
  },
  "tags": [
    {
      "name": "concert",
      "confidence": 0.9938148856163025
    },
    {
      "name": "musical instrument",
      "confidence": 0.9826394319534302
    },
    {
      "name": "performance",
      "confidence": 0.9532679319381714
    },
    {
      "name": "music artist",
      "confidence": 0.952880859375
    },
    {
      "name": "musician",
      "confidence": 0.9480822086334229
    },
    {
      "name": "music",
      "confidence": 0.9382057785987854
    },
    {
      "name": "entertainment",
      "confidence": 0.9339960813522339
    },
    {
      "name": "music venue",
      "confidence": 0.9260083436965942
    },
    {
      "name": "song",
      "confidence": 0.9215755462646484
    },
    {
      "name": "rock concert",
      "confidence": 0.9191276431083679
    },
    {
      "name": "pop music",
      "confidence": 0.9105503559112549
    },
    {
      "name": "artist",
      "confidence": 0.909557580947876
    },
    {
      "name": "guitarist",
      "confidence": 0.9049221277236938
    },
    {
      "name": "string instrument",
      "confidence": 0.8976624011993408
    },
    {
      "name": "singer",
      "confidence": 0.888403058052063
    },
    {
      "name": "singing",
      "confidence": 0.8749884366989136
    },
    {
      "name": "performance art",
      "confidence": 0.8711795806884766
    },
    {
      "name": "bassist",
      "confidence": 0.8636617064476013
    },
    {
      "name": "guitar",
      "confidence": 0.6512192487716675
    },
    {
      "name": "gig",
      "confidence": 0.4721655547618866
    }
  ],
  "description": {
    "tags": [
      "indoor",
      "person",
      "dark",
      "guitar"
    ],
    "captions": [
      {
        "text": "a person playing a guitar",
        "confidence": 0.5790494680404663
      }
    ]
  },
  "faces": [
    {
      "age": 22,
      "gender": "Female",
      "faceRectangle": {
        "left": 377,
        "top": 158,
        "width": 86,
        "height": 86
      }
    }
  ],
  "objects": [
    {
      "rectangle": {
        "x": 683,
        "y": 563,
        "w": 239,
        "h": 151
      },
      "object": "steel drum",
      "confidence": 0.67,
      "parent": {
        "object": "drum",
        "confidence": 0.715,
        "parent": {
          "object": "Musical instrument",
          "confidence": 0.717
        }
      }
    },
    {
      "rectangle": {
        "x": 329,
        "y": 141,
        "w": 525,
        "h": 556
      },
      "object": "electric guitar",
      "confidence": 0.717,
      "parent": {
        "object": "guitar",
        "confidence": 0.866,
        "parent": {
          "object": "string instrument",
          "confidence": 0.874,
          "parent": {
            "object": "Musical instrument",
            "confidence": 0.879
          }
        }
      }
    }
  ],
  "brands": [],
  "requestId": "bad09679-1ebc-40de-a24a-6b3fc7b9ff24",
  "metadata": {
    "width": 1280,
    "height": 720,
    "format": "Png"
  },
  "modelVersion": "2021-05-01"
}