{
  "categories": [
    {
      "name": "dark_fire",
      "score": 0.86328125
    }
  ],
  "adult": {
    "isAdultContent": false,
    "isRacyContent": false,
    "isGoryContent": false,
    "adultScore": 0.030648304149508476,
    "racyScore": 0.04409880191087723,
    "goreScore": 0.06140913814306259
  },
  "color": {
    "dominantColorForeground": "Black",
    "dominantColorBackground": "Black",
    "dominantColors": [
      "Black"
    ],
    "accentColor": "AA7621",
    "isBWImg": false
  },
  "imageType": {
    "clipArtType": 0,
    "lineDrawingType": 0
  },
  "tags": [
    {
      "name": "darkness",
      "confidence": 0.9254819750785828
    },
    {
      "name": "screenshot",
      "confidence": 0.9053887128829956
    },
    {
      "name": "person",
      "confidence": 0.7400651574134827
    },
    {
      "name": "night",
      "confidence": 0.5479892492294312
    },
    {
      "name": "outdoor",
      "confidence": 0.5263521075248718
    }
  ],
  "description": {
    "tags": [
      "nature",
      "dark",
      "lit",
      "fireplace"
    ],
    "captions": [
      {
        "text": "a person sitting on a bench",
        "confidence": 0.3198213279247284
      }
    ]
  },
  "faces": [],
  "objects": [],
  "brands": [],
  "requestId": "f5bd89cf-d843-43b8-8f90-98b46b9d3d1d",
  "metadata": {
    "width": 1280,
    "height": 720,
    "format": "Png"
  },
  "modelVersion": "2021-05-01"
}