{
  "categories": [
    {
      "name": "abstract_",
      "score": 0.00390625
    },
    {
      "name": "others_",
      "score": 0.015625
    },
    {
      "name": "outdoor_",
      "score": 0.0078125,
      "detail": {
        "landmarks": []
      }
    },
    {
      "name": "people_show",
      "score": 0.3046875
    }
  ],
  "adult": {
    "isAdultContent": false,
    "isRacyContent": false,
    "isGoryContent": false,
    "adultScore": 0.013542897999286652,
    "racyScore": 0.03505903109908104,
    "goreScore": 0.002941049635410309
  },
  "color": {
    "dominantColorForeground": "Black",
    "dominantColorBackground": "Black",
    "dominantColors": [
      "Black"
    ],
    "accentColor": "A56E26",
    "isBWImg": false
  },
  "imageType": {
    "clipArtType": 0,
    "lineDrawingType": 0
  },
  "tags": [
    {
      "name": "person",
      "confidence": 0.9605375528335571
    },
    {
      "name": "outdoor",
      "confidence": 0.9571930766105652
    },
    {
      "name": "car",
      "confidence": 0.945794939994812
    },
    {
      "name": "vehicle",
      "confidence": 0.9255497455596924
    },
    {
      "name": "clothing",
      "confidence": 0.9213458895683289
    },
    {
      "name": "land vehicle",
      "confidence": 0.9072396755218506
    },
    {
      "name": "darkness",
      "confidence": 0.8984388113021851
    },
    {
      "name": "night",
      "confidence": 0.8149645328521729
    },
    {
      "name": "street",
      "confidence": 0.6764492392539978
    },
    {
      "name": "light",
      "confidence": 0.5948038697242737
    }
  ],
  "description": {
    "tags": [
      "outdoor",
      "person",
      "night",
      "dark"
    ],
    "captions": [
      {
        "text": "a man walking in front of a car at night",
        "confidence": 0.4915536046028137
      }
    ]
  },
  "faces": [],
  "objects": [
    {
      "rectangle": {
        "x": 677,
        "y": 92,
        "w": 266,
        "h": 530
      },
      "object": "person",
      "confidence": 0.784
    },
    {
      "rectangle": {
        "x": 331,
        "y": 287,
        "w": 530,
        "h": 250
      },
      "object": "car",
      "confidence": 0.591,
      "parent": {
        "object": "Land vehicle",
        "confidence": 0.716,
        "parent": {
          "object": "Vehicle",
          "confidence": 0.717
        }
      }
    }
  ],
  "brands": [],
  "requestId": "f8615a6b-6d03-4a03-961e-730d7c027cf3",
  "metadata": {
    "width": 1280,
    "height": 720,
    "format": "Png"
  },
  "modelVersion": "2021-05-01"
}