{
  "categories": [
    {
      "name": "abstract_",
      "score": 0.01171875
    },
    {
      "name": "dark_light",
      "score": 0.265625
    },
    {
      "name": "others_",
      "score": 0.01953125
    }
  ],
  "adult": {
    "isAdultContent": false,
    "isRacyContent": false,
    "isGoryContent": false,
    "adultScore": 0.022666964679956436,
    "racyScore": 0.02795013226568699,
    "goreScore": 0.005162976216524839
  },
  "color": {
    "dominantColorForeground": "Black",
    "dominantColorBackground": "Black",
    "dominantColors": [
      "Black"
    ],
    "accentColor": "4B5B18",
    "isBWImg": false
  },
  "imageType": {
    "clipArtType": 0,
    "lineDrawingType": 0
  },
  "tags": [
    {
      "name": "indoor",
      "confidence": 0.9620343446731567
    },
    {
      "name": "wall",
      "confidence": 0.8790886402130127
    },
    {
      "name": "person",
      "confidence": 0.6808263063430786
    }
  ],
  "description": {
    "tags": [
      "indoor",
      "person",
      "dark"
    ],
    "captions": [
      {
        "text": "a person in a room",
        "confidence": 0.380502313375473
      }
    ]
  },
  "faces": [],
  "objects": [
    {
      "rectangle": {
        "x": 500,
        "y": 358,
        "w": 332,
        "h": 362
      },
      "object": "person",
      "confidence": 0.753
    }
  ],
  "brands": [],
  "requestId": "7ec3ab29-a1eb-456e-82b0-7302c560311b",
  "metadata": {
    "width": 1280,
    "height": 720,
    "format": "Png"
  },
  "modelVersion": "2021-05-01"
}