{
  "categories": [
    {
      "name": "others_",
      "score": 0.00390625
    },
    {
      "name": "people_",
      "score": 0.5390625,
      "detail": {
        "celebrities": []
      }
    },
    {
      "name": "people_portrait",
      "score": 0.3515625,
      "detail": {
        "celebrities": []
      }
    }
  ],
  "adult": {
    "isAdultContent": false,
    "isRacyContent": false,
    "isGoryContent": false,
    "adultScore": 0.006115277763456106,
    "racyScore": 0.010829469189047813,
    "goreScore": 0.0007363701006397605
  },
  "color": {
    "dominantColorForeground": "Black",
    "dominantColorBackground": "Black",
    "dominantColors": [
      "Black"
    ],
    "accentColor": "6D3C8F",
    "isBWImg": false
  },
  "imageType": {
    "clipArtType": 0,
    "lineDrawingType": 0
  },
  "tags": [
    {
      "name": "human face",
      "confidence": 0.9931961894035339
    },
    {
      "name": "person",
      "confidence": 0.9913297891616821
    },
    {
      "name": "clothing",
      "confidence": 0.9623203277587891
    },
    {
      "name": "screenshot",
      "confidence": 0.8868110179901123
    },
    {
      "name": "indoor",
      "confidence": 0.6999927759170532
    },
    {
      "name": "young",
      "confidence": 0.6723254919052124
    }
  ],
  "description": {
    "tags": [
      "person",
      "indoor"
    ],
    "captions": [
      {
        "text": "a person with the head in the hair",
        "confidence": 0.4066089391708374
      }
    ]
  },
  "faces": [
    {
      "age": 25,
      "gender": "Male",
      "faceRectangle": {
        "left": 277,
        "top": 243,
        "width": 303,
        "height": 303
      }
    },
    {
      "age": 22,
      "gender": "Male",
      "faceRectangle": {
        "left": 694,
        "top": 383,
        "width": 67,
        "height": 67
      }
    }
  ],
  "objects": [
    {
      "rectangle": {
        "x": 267,
        "y": 59,
        "w": 659,
        "h": 655
      },
      "object": "person",
      "confidence": 0.864
    }
  ],
  "brands": [],
  "requestId": "7397e658-62cb-4def-b775-512820b2dafc",
  "metadata": {
    "width": 1280,
    "height": 720,
    "format": "Png"
  },
  "modelVersion": "2021-05-01"
}