{
  "categories": [
    {
      "name": "abstract_",
      "score": 0.00390625
    },
    {
      "name": "others_",
      "score": 0.02734375
    },
    {
      "name": "outdoor_",
      "score": 0.00390625,
      "detail": {
        "landmarks": []
      }
    },
    {
      "name": "people_",
      "score": 0.40625
    }
  ],
  "adult": {
    "isAdultContent": false,
    "isRacyContent": false,
    "isGoryContent": false,
    "adultScore": 0.011301422491669655,
    "racyScore": 0.013268936425447464,
    "goreScore": 0.0008915341459214687
  },
  "color": {
    "dominantColorForeground": "Black",
    "dominantColorBackground": "Black",
    "dominantColors": [
      "Black"
    ],
    "accentColor": "1944B2",
    "isBWImg": false
  },
  "imageType": {
    "clipArtType": 0,
    "lineDrawingType": 0
  },
  "tags": [
    {
      "name": "clothing",
      "confidence": 0.9515135288238525
    },
    {
      "name": "indoor",
      "confidence": 0.8721740245819092
    },
    {
      "name": "wall",
      "confidence": 0.8172318935394287
    },
    {
      "name": "person",
      "confidence": 0.8056463003158569
    },
    {
      "name": "ceiling",
      "confidence": 0.6807504296302795
    },
    {
      "name": "standing",
      "confidence": 0.5764344334602356
    }
  ],
  "description": {
    "tags": [
      "indoor"
    ],
    "captions": [
      {
        "text": "a group of people standing in a doorway of a car",
        "confidence": 0.40810802578926086
      }
    ]
  },
  "faces": [],
  "objects": [
    {
      "rectangle": {
        "x": 448,
        "y": 278,
        "w": 78,
        "h": 260
      },
      "object": "person",
      "confidence": 0.591
    },
    {
      "rectangle": {
        "x": 566,
        "y": 293,
        "w": 67,
        "h": 254
      },
      "object": "person",
      "confidence": 0.578
    },
    {
      "rectangle": {
        "x": 656,
        "y": 11,
        "w": 483,
        "h": 676
      },
      "object": "Land vehicle",
      "confidence": 0.706,
      "parent": {
        "object": "Vehicle",
        "confidence": 0.707
      }
    }
  ],
  "brands": [],
  "requestId": "5971a324-a47d-48b8-827c-4cf9431dd75d",
  "metadata": {
    "width": 1280,
    "height": 720,
    "format": "Png"
  },
  "modelVersion": "2021-05-01"
}