{
  "categories": [
    {
      "name": "abstract_",
      "score": 0.00390625
    },
    {
      "name": "others_",
      "score": 0.0703125
    },
    {
      "name": "people_show",
      "score": 0.27734375
    }
  ],
  "adult": {
    "isAdultContent": false,
    "isRacyContent": false,
    "isGoryContent": false,
    "adultScore": 0.008322320878505707,
    "racyScore": 0.026679910719394684,
    "goreScore": 0.0022805798798799515
  },
  "color": {
    "dominantColorForeground": "Black",
    "dominantColorBackground": "Black",
    "dominantColors": [
      "Black"
    ],
    "accentColor": "5E2226",
    "isBWImg": false
  },
  "imageType": {
    "clipArtType": 0,
    "lineDrawingType": 0
  },
  "tags": [
    {
      "name": "human face",
      "confidence": 0.9933580160140991
    },
    {
      "name": "person",
      "confidence": 0.9835162162780762
    },
    {
      "name": "clothing",
      "confidence": 0.9711694717407227
    },
    {
      "name": "indoor",
      "confidence": 0.9319674968719482
    },
    {
      "name": "screenshot",
      "confidence": 0.9103875756263733
    },
    {
      "name": "wall",
      "confidence": 0.9086496233940125
    },
    {
      "name": "man",
      "confidence": 0.9005459547042847
    },
    {
      "name": "controller",
      "confidence": 0.6109105348587036
    }
  ],
  "description": {
    "tags": [
      "person",
      "indoor",
      "wall",
      "dark"
    ],
    "captions": [
      {
        "text": "a man holding a cup",
        "confidence": 0.4354085624217987
      }
    ]
  },
  "faces": [],
  "objects": [
    {
      "rectangle": {
        "x": 826,
        "y": 182,
        "w": 299,
        "h": 513
      },
      "object": "person",
      "confidence": 0.854
    },
    {
      "rectangle": {
        "x": 443,
        "y": 172,
        "w": 429,
        "h": 548
      },
      "object": "person",
      "confidence": 0.75
    }
  ],
  "brands": [],
  "requestId": "2af3f653-7ad0-4d67-a723-9dea58260433",
  "metadata": {
    "width": 1280,
    "height": 720,
    "format": "Png"
  },
  "modelVersion": "2021-05-01"
}