{
  "categories": [
    {
      "name": "people_portrait",
      "score": 0.67578125,
      "detail": {
        "celebrities": [
          {
            "name": "Billy Corgan",
            "confidence": 0.8661801218986511,
            "faceRectangle": {
              "left": 247,
              "top": 104,
              "width": 504,
              "height": 504
            }
          }
        ]
      }
    }
  ],
  "adult": {
    "isAdultContent": false,
    "isRacyContent": false,
    "isGoryContent": false,
    "adultScore": 0.002420679898932576,
    "racyScore": 0.003985460847616196,
    "goreScore": 0.00029489281587302685
  },
  "color": {
    "dominantColorForeground": "Black",
    "dominantColorBackground": "Black",
    "dominantColors": [
      "Black",
      "White"
    ],
    "accentColor": "030002",
    "isBWImg": false
  },
  "imageType": {
    "clipArtType": 1,
    "lineDrawingType": 0
  },
  "tags": [
    {
      "name": "person",
      "confidence": 0.9953484535217285
    },
    {
      "name": "human face",
      "confidence": 0.9939876198768616
    },
    {
      "name": "forehead",
      "confidence": 0.9692500829696655
    },
    {
      "name": "eyebrow",
      "confidence": 0.9623392224311829
    },
    {
      "name": "chin",
      "confidence": 0.9617404937744141
    },
    {
      "name": "jaw",
      "confidence": 0.9507118463516235
    },
    {
      "name": "cheek",
      "confidence": 0.9438341856002808
    },
    {
      "name": "portrait",
      "confidence": 0.925254225730896
    },
    {
      "name": "lip",
      "confidence": 0.9188681244850159
    },
    {
      "name": "skin",
      "confidence": 0.8985991477966309
    },
    {
      "name": "man",
      "confidence": 0.8934363126754761
    },
    {
      "name": "screenshot",
      "confidence": 0.8922107219696045
    },
    {
      "name": "smile",
      "confidence": 0.8876277208328247
    },
    {
      "name": "neck",
      "confidence": 0.8825392127037048
    },
    {
      "name": "boy",
      "confidence": 0.8641502857208252
    },
    {
      "name": "selfie",
      "confidence": 0.8607067465782166
    },
    {
      "name": "indoor",
      "confidence": 0.5940390825271606
    }
  ],
  "description": {
    "tags": [
      "person",
      "dark",
      "posing"
    ],
    "captions": [
      {
        "text": "Billy Corgan smiling for the camera",
        "confidence": 0.5179556608200073
      }
    ]
  },
  "faces": [
    {
      "age": 19,
      "gender": "Male",
      "faceRectangle": {
        "left": 248,
        "top": 105,
        "width": 505,
        "height": 505
      }
    }
  ],
  "objects": [
    {
      "rectangle": {
        "x": 156,
        "y": 16,
        "w": 871,
        "h": 686
      },
      "object": "person",
      "confidence": 0.793
    }
  ],
  "brands": [],
  "requestId": "963901ed-ef90-4c8d-8b03-55f7d1d1ae94",
  "metadata": {
    "width": 1280,
    "height": 720,
    "format": "Png"
  },
  "modelVersion": "2021-05-01"
}