{
  "categories": [
    {
      "name": "others_",
      "score": 0.01953125
    },
    {
      "name": "people_",
      "score": 0.37890625,
      "detail": {
        "celebrities": []
      }
    },
    {
      "name": "people_show",
      "score": 0.27734375,
      "detail": {
        "celebrities": []
      }
    }
  ],
  "adult": {
    "isAdultContent": false,
    "isRacyContent": false,
    "isGoryContent": false,
    "adultScore": 0.027474643662571907,
    "racyScore": 0.05759095400571823,
    "goreScore": 0.0027957323472946882
  },
  "color": {
    "dominantColorForeground": "Black",
    "dominantColorBackground": "Black",
    "dominantColors": [
      "Black"
    ],
    "accentColor": "A35C28",
    "isBWImg": false
  },
  "imageType": {
    "clipArtType": 0,
    "lineDrawingType": 0
  },
  "tags": [
    {
      "name": "screenshot",
      "confidence": 0.9571210145950317
    },
    {
      "name": "human face",
      "confidence": 0.953685462474823
    },
    {
      "name": "man",
      "confidence": 0.9468749761581421
    },
    {
      "name": "person",
      "confidence": 0.9275987148284912
    },
    {
      "name": "clothing",
      "confidence": 0.8633058071136475
    }
  ],
  "description": {
    "tags": [
      "person",
      "nature",
      "dark"
    ],
    "captions": [
      {
        "text": "a man and a boy in a car",
        "confidence": 0.4508773684501648
      }
    ]
  },
  "faces": [
    {
      "age": 22,
      "gender": "Male",
      "faceRectangle": {
        "left": 347,
        "top": 381,
        "width": 125,
        "height": 125
      }
    }
  ],
  "objects": [
    {
      "rectangle": {
        "x": 240,
        "y": 306,
        "w": 418,
        "h": 414
      },
      "object": "person",
      "confidence": 0.778
    }
  ],
  "brands": [],
  "requestId": "922b12e4-b349-419a-8364-8b698ed00912",
  "metadata": {
    "width": 1280,
    "height": 720,
    "format": "Png"
  },
  "modelVersion": "2021-05-01"
}