{
  "categories": [
    {
      "name": "others_",
      "score": 0.00390625
    },
    {
      "name": "people_portrait",
      "score": 0.36328125,
      "detail": {
        "celebrities": []
      }
    }
  ],
  "adult": {
    "isAdultContent": false,
    "isRacyContent": false,
    "isGoryContent": false,
    "adultScore": 0.0010721473954617977,
    "racyScore": 0.002680374775081873,
    "goreScore": 0.0005795384640805423
  },
  "color": {
    "dominantColorForeground": "Black",
    "dominantColorBackground": "Black",
    "dominantColors": [
      "Black"
    ],
    "accentColor": "8A4841",
    "isBWImg": false
  },
  "imageType": {
    "clipArtType": 0,
    "lineDrawingType": 0
  },
  "tags": [
    {
      "name": "human face",
      "confidence": 0.9954967498779297
    },
    {
      "name": "person",
      "confidence": 0.993388295173645
    },
    {
      "name": "clothing",
      "confidence": 0.9657360315322876
    },
    {
      "name": "screenshot",
      "confidence": 0.9457128643989563
    },
    {
      "name": "smile",
      "confidence": 0.8771336078643799
    },
    {
      "name": "man",
      "confidence": 0.8641657829284668
    },
    {
      "name": "chin",
      "confidence": 0.8589198589324951
    },
    {
      "name": "indoor",
      "confidence": 0.7164984941482544
    },
    {
      "name": "wearing",
      "confidence": 0.571264386177063
    }
  ],
  "description": {
    "tags": [
      "person",
      "man",
      "indoor"
    ],
    "captions": [
      {
        "text": "a man wearing sunglasses",
        "confidence": 0.4340631365776062
      }
    ]
  },
  "faces": [
    {
      "age": 33,
      "gender": "Male",
      "faceRectangle": {
        "left": 234,
        "top": 222,
        "width": 322,
        "height": 322
      }
    }
  ],
  "objects": [
    {
      "rectangle": {
        "x": 205,
        "y": 67,
        "w": 626,
        "h": 634
      },
      "object": "person",
      "confidence": 0.792
    }
  ],
  "brands": [],
  "requestId": "9e0f5939-0b89-427e-9f97-4aba80fdaa47",
  "metadata": {
    "width": 1280,
    "height": 720,
    "format": "Png"
  },
  "modelVersion": "2021-05-01"
}