{
  "categories": [
    {
      "name": "indoor_marketstore",
      "score": 0.75
    }
  ],
  "adult": {
    "isAdultContent": false,
    "isRacyContent": false,
    "isGoryContent": false,
    "adultScore": 0.10051488131284714,
    "racyScore": 0.12425199896097183,
    "goreScore": 0.00447991443797946
  },
  "color": {
    "dominantColorForeground": "Brown",
    "dominantColorBackground": "Black",
    "dominantColors": [
      "Black"
    ],
    "accentColor": "886E24",
    "isBWImg": false
  },
  "imageType": {
    "clipArtType": 0,
    "lineDrawingType": 0
  },
  "tags": [
    {
      "name": "shop",
      "confidence": 0.9867950677871704
    },
    {
      "name": "person",
      "confidence": 0.9505687952041626
    },
    {
      "name": "retail",
      "confidence": 0.943748950958252
    },
    {
      "name": "convenience store",
      "confidence": 0.9410990476608276
    },
    {
      "name": "indoor",
      "confidence": 0.8769636750221252
    },
    {
      "name": "human face",
      "confidence": 0.8704466819763184
    },
    {
      "name": "supermarket",
      "confidence": 0.8696097731590271
    },
    {
      "name": "store",
      "confidence": 0.7303081750869751
    },
    {
      "name": "shelf",
      "confidence": 0.6288273334503174
    },
    {
      "name": "candy",
      "confidence": 0.4180355370044708
    }
  ],
  "description": {
    "tags": [
      "text",
      "indoor"
    ],
    "captions": [
      {
        "text": "a person holding a phone in a store",
        "confidence": 0.3652901351451874
      }
    ]
  },
  "faces": [
    {
      "age": 47,
      "gender": "Male",
      "faceRectangle": {
        "left": 503,
        "top": 139,
        "width": 38,
        "height": 38
      }
    }
  ],
  "objects": [
    {
      "rectangle": {
        "x": 778,
        "y": 6,
        "w": 343,
        "h": 701
      },
      "object": "person",
      "confidence": 0.792
    },
    {
      "rectangle": {
        "x": 154,
        "y": 16,
        "w": 783,
        "h": 700
      },
      "object": "convenience store",
      "confidence": 0.572,
      "parent": {
        "object": "shop",
        "confidence": 0.686,
        "parent": {
          "object": "room",
          "confidence": 0.704
        }
      }
    }
  ],
  "brands": [],
  "requestId": "f9be2528-82c3-46b5-b66f-df462fcbfb33",
  "metadata": {
    "width": 1280,
    "height": 720,
    "format": "Png"
  },
  "modelVersion": "2021-05-01"
}