{
  "categories": [
    {
      "name": "people_",
      "score": 0.32421875,
      "detail": {
        "celebrities": []
      }
    }
  ],
  "adult": {
    "isAdultContent": false,
    "isRacyContent": false,
    "isGoryContent": false,
    "adultScore": 0.007879151031374931,
    "racyScore": 0.01755724474787712,
    "goreScore": 0.002256319159641862
  },
  "color": {
    "dominantColorForeground": "White",
    "dominantColorBackground": "Black",
    "dominantColors": [
      "Black",
      "White"
    ],
    "accentColor": "B21D19",
    "isBWImg": false
  },
  "imageType": {
    "clipArtType": 0,
    "lineDrawingType": 0
  },
  "tags": [
    {
      "name": "clothing",
      "confidence": 0.9952820539474487
    },
    {
      "name": "person",
      "confidence": 0.9951684474945068
    },
    {
      "name": "human face",
      "confidence": 0.9912365078926086
    },
    {
      "name": "smile",
      "confidence": 0.8720699548721313
    }
  ],
  "description": {
    "tags": [
      "person"
    ],
    "captions": [
      {
        "text": "a group of people sitting on a couch",
        "confidence": 0.46849316358566284
      }
    ]
  },
  "faces": [
    {
      "age": 23,
      "gender": "Male",
      "faceRectangle": {
        "left": 979,
        "top": 23,
        "width": 131,
        "height": 131
      }
    }
  ],
  "objects": [
    {
      "rectangle": {
        "x": 385,
        "y": 1,
        "w": 563,
        "h": 703
      },
      "object": "person",
      "confidence": 0.592
    },
    {
      "rectangle": {
        "x": 766,
        "y": 5,
        "w": 362,
        "h": 694
      },
      "object": "person",
      "confidence": 0.745
    }
  ],
  "brands": [],
  "requestId": "3152f3c4-3d3f-4cc1-a1be-027526a270f1",
  "metadata": {
    "width": 1280,
    "height": 720,
    "format": "Png"
  },
  "modelVersion": "2021-05-01"
}