{
  "categories": [
    {
      "name": "others_",
      "score": 0.00390625
    },
    {
      "name": "people_show",
      "score": 0.37109375
    }
  ],
  "adult": {
    "isAdultContent": false,
    "isRacyContent": false,
    "isGoryContent": false,
    "adultScore": 0.005654077976942062,
    "racyScore": 0.012725673615932465,
    "goreScore": 0.0006342538399621844
  },
  "color": {
    "dominantColorForeground": "Black",
    "dominantColorBackground": "Black",
    "dominantColors": [
      "Black"
    ],
    "accentColor": "363E60",
    "isBWImg": false
  },
  "imageType": {
    "clipArtType": 0,
    "lineDrawingType": 0
  },
  "tags": [
    {
      "name": "clothing",
      "confidence": 0.9915856122970581
    },
    {
      "name": "human face",
      "confidence": 0.9899706840515137
    },
    {
      "name": "person",
      "confidence": 0.9884544610977173
    },
    {
      "name": "man",
      "confidence": 0.9055192470550537
    },
    {
      "name": "indoor",
      "confidence": 0.82080078125
    },
    {
      "name": "people",
      "confidence": 0.7932623624801636
    },
    {
      "name": "group",
      "confidence": 0.6595553159713745
    }
  ],
  "description": {
    "tags": [
      "person",
      "indoor",
      "crowd"
    ],
    "captions": [
      {
        "text": "a group of people in a room",
        "confidence": 0.5448705554008484
      }
    ]
  },
  "faces": [],
  "objects": [
    {
      "rectangle": {
        "x": 771,
        "y": 95,
        "w": 224,
        "h": 549
      },
      "object": "person",
      "confidence": 0.691
    },
    {
      "rectangle": {
        "x": 902,
        "y": 66,
        "w": 226,
        "h": 618
      },
      "object": "person",
      "confidence": 0.631
    },
    {
      "rectangle": {
        "x": 194,
        "y": 140,
        "w": 389,
        "h": 563
      },
      "object": "person",
      "confidence": 0.79
    },
    {
      "rectangle": {
        "x": 523,
        "y": 115,
        "w": 300,
        "h": 600
      },
      "object": "person",
      "confidence": 0.776
    }
  ],
  "brands": [],
  "requestId": "1ccba0b6-6e6d-4f8b-b741-4a23b8a13316",
  "metadata": {
    "width": 1280,
    "height": 720,
    "format": "Png"
  },
  "modelVersion": "2021-05-01"
}