{
  "categories": [
    {
      "name": "others_",
      "score": 0.2421875
    },
    {
      "name": "people_show",
      "score": 0.3515625
    }
  ],
  "adult": {
    "isAdultContent": false,
    "isRacyContent": false,
    "isGoryContent": false,
    "adultScore": 0.025708038359880447,
    "racyScore": 0.06072201952338219,
    "goreScore": 0.0036084589082747698
  },
  "color": {
    "dominantColorForeground": "Black",
    "dominantColorBackground": "Black",
    "dominantColors": [
      "Black"
    ],
    "accentColor": "0638C5",
    "isBWImg": false
  },
  "imageType": {
    "clipArtType": 0,
    "lineDrawingType": 0
  },
  "tags": [
    {
      "name": "clothing",
      "confidence": 0.940009593963623
    },
    {
      "name": "screenshot",
      "confidence": 0.8843235373497009
    },
    {
      "name": "vehicle",
      "confidence": 0.8709841966629028
    },
    {
      "name": "car",
      "confidence": 0.8553189039230347
    },
    {
      "name": "person",
      "confidence": 0.8550066351890564
    }
  ],
  "description": {
    "tags": [],
    "captions": [
      {
        "text": "a car on a road with people standing around",
        "confidence": 0.2636650502681732
      }
    ]
  },
  "faces": [],
  "objects": [
    {
      "rectangle": {
        "x": 672,
        "y": 123,
        "w": 143,
        "h": 233
      },
      "object": "person",
      "confidence": 0.552
    },
    {
      "rectangle": {
        "x": 419,
        "y": 391,
        "w": 179,
        "h": 325
      },
      "object": "person",
      "confidence": 0.715
    }
  ],
  "brands": [],
  "requestId": "f98cc90a-81c2-452e-aae2-17a2937f1029",
  "metadata": {
    "width": 1280,
    "height": 720,
    "format": "Png"
  },
  "modelVersion": "2021-05-01"
}