{
  "categories": [
    {
      "name": "others_",
      "score": 0.00390625
    },
    {
      "name": "people_",
      "score": 0.40234375,
      "detail": {
        "celebrities": []
      }
    }
  ],
  "adult": {
    "isAdultContent": false,
    "isRacyContent": false,
    "isGoryContent": false,
    "adultScore": 0.006895701866596937,
    "racyScore": 0.09505956619977951,
    "goreScore": 0.0014819472562521696
  },
  "color": {
    "dominantColorForeground": "Black",
    "dominantColorBackground": "Black",
    "dominantColors": [
      "Black",
      "White"
    ],
    "accentColor": "BC9E0F",
    "isBWImg": false
  },
  "imageType": {
    "clipArtType": 1,
    "lineDrawingType": 0
  },
  "tags": [
    {
      "name": "vending machine",
      "confidence": 0.9847228527069092
    },
    {
      "name": "soft drink",
      "confidence": 0.9526054859161377
    },
    {
      "name": "text",
      "confidence": 0.9492452144622803
    },
    {
      "name": "person",
      "confidence": 0.9049438238143921
    },
    {
      "name": "clothing",
      "confidence": 0.8648105263710022
    },
    {
      "name": "slot machine",
      "confidence": 0.6873046159744263
    },
    {
      "name": "indoor",
      "confidence": 0.6602872610092163
    },
    {
      "name": "store",
      "confidence": 0.5642000436782837
    }
  ],
  "description": {
    "tags": [
      "text"
    ],
    "captions": [
      {
        "text": "a person standing in a hallway",
        "confidence": 0.371977835893631
      }
    ]
  },
  "faces": [
    {
      "age": 41,
      "gender": "Female",
      "faceRectangle": {
        "left": 563,
        "top": 265,
        "width": 77,
        "height": 77
      }
    }
  ],
  "objects": [
    {
      "rectangle": {
        "x": 507,
        "y": 193,
        "w": 226,
        "h": 507
      },
      "object": "person",
      "confidence": 0.766
    }
  ],
  "brands": [],
  "requestId": "2500fc0d-a254-4236-9e50-3873c2a516ab",
  "metadata": {
    "width": 1280,
    "height": 720,
    "format": "Png"
  },
  "modelVersion": "2021-05-01"
}