{
  "categories": [
    {
      "name": "others_",
      "score": 0.015625
    }
  ],
  "adult": {
    "isAdultContent": false,
    "isRacyContent": false,
    "isGoryContent": false,
    "adultScore": 0.013802703469991684,
    "racyScore": 0.03235367685556412,
    "goreScore": 0.0023993246722966433
  },
  "color": {
    "dominantColorForeground": "Black",
    "dominantColorBackground": "Black",
    "dominantColors": [
      "Black"
    ],
    "accentColor": "260BC0",
    "isBWImg": false
  },
  "imageType": {
    "clipArtType": 0,
    "lineDrawingType": 0
  },
  "tags": [
    {
      "name": "person",
      "confidence": 0.9828914403915405
    },
    {
      "name": "human face",
      "confidence": 0.9395822286605835
    },
    {
      "name": "black",
      "confidence": 0.9128210544586182
    },
    {
      "name": "darkness",
      "confidence": 0.905866265296936
    },
    {
      "name": "human",
      "confidence": 0.8557881712913513
    },
    {
      "name": "jaw",
      "confidence": 0.8515772223472595
    },
    {
      "name": "screenshot",
      "confidence": 0.8455590009689331
    },
    {
      "name": "indoor",
      "confidence": 0.76856529712677
    },
    {
      "name": "dark",
      "confidence": 0.6291795372962952
    }
  ],
  "description": {
    "tags": [
      "person",
      "man",
      "looking",
      "shirt",
      "dark",
      "close",
      "staring"
    ],
    "captions": [
      {
        "text": "a man holding a phone to his ear",
        "confidence": 0.4419407248497009
      }
    ]
  },
  "faces": [],
  "objects": [
    {
      "rectangle": {
        "x": 351,
        "y": 15,
        "w": 660,
        "h": 702
      },
      "object": "person",
      "confidence": 0.793
    }
  ],
  "brands": [],
  "requestId": "ce70c214-bfe0-408f-84d2-24070e5b65b0",
  "metadata": {
    "width": 1280,
    "height": 720,
    "format": "Png"
  },
  "modelVersion": "2021-05-01"
}