{
  "categories": [
    {
      "name": "indoor_",
      "score": 0.625
    },
    {
      "name": "others_",
      "score": 0.01171875
    }
  ],
  "adult": {
    "isAdultContent": false,
    "isRacyContent": false,
    "isGoryContent": false,
    "adultScore": 0.004747529048472643,
    "racyScore": 0.006835391279309988,
    "goreScore": 0.0007091449806466699
  },
  "color": {
    "dominantColorForeground": "Black",
    "dominantColorBackground": "Black",
    "dominantColors": [
      "Black"
    ],
    "accentColor": "B58B16",
    "isBWImg": false
  },
  "imageType": {
    "clipArtType": 0,
    "lineDrawingType": 0
  },
  "tags": [
    {
      "name": "text",
      "confidence": 0.9933632612228394
    },
    {
      "name": "clothing",
      "confidence": 0.965854823589325
    },
    {
      "name": "person",
      "confidence": 0.8548372983932495
    },
    {
      "name": "man",
      "confidence": 0.8400741815567017
    },
    {
      "name": "ceiling",
      "confidence": 0.8154822587966919
    },
    {
      "name": "indoor",
      "confidence": 0.7344778180122375
    },
    {
      "name": "standing",
      "confidence": 0.6738694906234741
    },
    {
      "name": "floor",
      "confidence": 0.6119554042816162
    },
    {
      "name": "store",
      "confidence": 0.542765200138092
    },
    {
      "name": "sign",
      "confidence": 0.5410431027412415
    }
  ],
  "description": {
    "tags": [
      "text",
      "floor",
      "indoor"
    ],
    "captions": [
      {
        "text": "police officers walking in a store",
        "confidence": 0.4036639332771301
      }
    ]
  },
  "faces": [],
  "objects": [
    {
      "rectangle": {
        "x": 519,
        "y": 198,
        "w": 126,
        "h": 376
      },
      "object": "person",
      "confidence": 0.837
    },
    {
      "rectangle": {
        "x": 632,
        "y": 230,
        "w": 147,
        "h": 443
      },
      "object": "person",
      "confidence": 0.842
    }
  ],
  "brands": [],
  "requestId": "a7397fc1-5347-415b-ab81-a6ae0c82eee5",
  "metadata": {
    "width": 1280,
    "height": 720,
    "format": "Png"
  },
  "modelVersion": "2021-05-01"
}