{
  "categories": [
    {
      "name": "dark_light",
      "score": 0.62109375
    },
    {
      "name": "others_",
      "score": 0.00390625
    }
  ],
  "adult": {
    "isAdultContent": false,
    "isRacyContent": false,
    "isGoryContent": false,
    "adultScore": 0.008665781468153,
    "racyScore": 0.009701110422611237,
    "goreScore": 0.0013379675801843405
  },
  "color": {
    "dominantColorForeground": "White",
    "dominantColorBackground": "Black",
    "dominantColors": [
      "Black"
    ],
    "accentColor": "CABF01",
    "isBWImg": false
  },
  "imageType": {
    "clipArtType": 0,
    "lineDrawingType": 0
  },
  "tags": [
    {
      "name": "human face",
      "confidence": 0.9950761795043945
    },
    {
      "name": "person",
      "confidence": 0.9909563660621643
    },
    {
      "name": "smile",
      "confidence": 0.9000065326690674
    },
    {
      "name": "lip",
      "confidence": 0.8826727867126465
    },
    {
      "name": "black",
      "confidence": 0.8777257800102234
    },
    {
      "name": "screenshot",
      "confidence": 0.8770281076431274
    },
    {
      "name": "forehead",
      "confidence": 0.8721140623092651
    },
    {
      "name": "cheek",
      "confidence": 0.8597323894500732
    },
    {
      "name": "chin",
      "confidence": 0.8572779893875122
    },
    {
      "name": "eyebrow",
      "confidence": 0.8571988344192505
    },
    {
      "name": "darkness",
      "confidence": 0.8566455245018005
    },
    {
      "name": "dark",
      "confidence": 0.6205539107322693
    }
  ],
  "description": {
    "tags": [
      "person",
      "indoor"
    ],
    "captions": [
      {
        "text": "a person in a car",
        "confidence": 0.39495280385017395
      }
    ]
  },
  "faces": [],
  "objects": [
    {
      "rectangle": {
        "x": 185,
        "y": 7,
        "w": 840,
        "h": 692
      },
      "object": "person",
      "confidence": 0.772
    }
  ],
  "brands": [],
  "requestId": "678ec8b0-c7aa-4ca8-9472-c0d4eb8fd801",
  "metadata": {
    "width": 1280,
    "height": 720,
    "format": "Png"
  },
  "modelVersion": "2021-05-01"
}