{
  "categories": [
    {
      "name": "others_",
      "score": 0.0390625
    },
    {
      "name": "outdoor_",
      "score": 0.01171875,
      "detail": {
        "landmarks": []
      }
    }
  ],
  "adult": {
    "isAdultContent": false,
    "isRacyContent": false,
    "isGoryContent": false,
    "adultScore": 0.020992416888475418,
    "racyScore": 0.028580065816640854,
    "goreScore": 0.001590522937476635
  },
  "color": {
    "dominantColorForeground": "Black",
    "dominantColorBackground": "Black",
    "dominantColors": [
      "Black",
      "Brown"
    ],
    "accentColor": "AE5F1D",
    "isBWImg": false
  },
  "imageType": {
    "clipArtType": 0,
    "lineDrawingType": 0
  },
  "tags": [
    {
      "name": "outdoor",
      "confidence": 0.9485954642295837
    },
    {
      "name": "sky",
      "confidence": 0.9442408084869385
    },
    {
      "name": "person",
      "confidence": 0.9339665174484253
    },
    {
      "name": "clothing",
      "confidence": 0.8848237991333008
    },
    {
      "name": "travel",
      "confidence": 0.847777247428894
    },
    {
      "name": "screenshot",
      "confidence": 0.8462569713592529
    },
    {
      "name": "mountain",
      "confidence": 0.788047194480896
    }
  ],
  "description": {
    "tags": [
      "person",
      "outdoor"
    ],
    "captions": [
      {
        "text": "a person's back with a road and houses in the background",
        "confidence": 0.39919501543045044
      }
    ]
  },
  "faces": [],
  "objects": [
    {
      "rectangle": {
        "x": 519,
        "y": 3,
        "w": 469,
        "h": 717
      },
      "object": "person",
      "confidence": 0.716
    }
  ],
  "brands": [],
  "requestId": "be20452b-b687-40ac-88a1-03a6937684fc",
  "metadata": {
    "width": 1280,
    "height": 720,
    "format": "Png"
  },
  "modelVersion": "2021-05-01"
}