{
  "categories": [
    {
      "name": "others_",
      "score": 0.01171875
    },
    {
      "name": "people_portrait",
      "score": 0.51953125
    }
  ],
  "adult": {
    "isAdultContent": false,
    "isRacyContent": false,
    "isGoryContent": false,
    "adultScore": 0.007802178151905537,
    "racyScore": 0.00871153362095356,
    "goreScore": 0.004020977299660444
  },
  "color": {
    "dominantColorForeground": "White",
    "dominantColorBackground": "Black",
    "dominantColors": [
      "Black",
      "Brown"
    ],
    "accentColor": "CB9B00",
    "isBWImg": false
  },
  "imageType": {
    "clipArtType": 0,
    "lineDrawingType": 0
  },
  "tags": [
    {
      "name": "person",
      "confidence": 0.99005126953125
    },
    {
      "name": "human face",
      "confidence": 0.9849666953086853
    },
    {
      "name": "lip",
      "confidence": 0.9220907688140869
    },
    {
      "name": "cheek",
      "confidence": 0.9114212989807129
    },
    {
      "name": "jaw",
      "confidence": 0.9053016304969788
    },
    {
      "name": "forehead",
      "confidence": 0.8896374702453613
    },
    {
      "name": "chin",
      "confidence": 0.8704869747161865
    },
    {
      "name": "tooth",
      "confidence": 0.8452342748641968
    },
    {
      "name": "indoor",
      "confidence": 0.7217982411384583
    }
  ],
  "description": {
    "tags": [
      "person",
      "dark"
    ],
    "captions": [
      {
        "text": "a person with the mouth open",
        "confidence": 0.5105217695236206
      }
    ]
  },
  "faces": [],
  "objects": [
    {
      "rectangle": {
        "x": 398,
        "y": 0,
        "w": 842,
        "h": 710
      },
      "object": "person",
      "confidence": 0.796
    }
  ],
  "brands": [],
  "requestId": "1a5081a4-9aa2-400e-aa2d-098e12fda07d",
  "metadata": {
    "width": 1280,
    "height": 720,
    "format": "Png"
  },
  "modelVersion": "2021-05-01"
}