{
  "categories": [
    {
      "name": "trans_car",
      "score": 0.9921875
    }
  ],
  "adult": {
    "isAdultContent": false,
    "isRacyContent": false,
    "isGoryContent": false,
    "adultScore": 0.0010677084792405367,
    "racyScore": 0.0018757478101179004,
    "goreScore": 0.0005015665665268898
  },
  "color": {
    "dominantColorForeground": "Black",
    "dominantColorBackground": "Black",
    "dominantColors": [
      "Black"
    ],
    "accentColor": "044CC7",
    "isBWImg": false
  },
  "imageType": {
    "clipArtType": 0,
    "lineDrawingType": 0
  },
  "tags": [
    {
      "name": "vehicle",
      "confidence": 0.9946269392967224
    },
    {
      "name": "land vehicle",
      "confidence": 0.9830824136734009
    },
    {
      "name": "car",
      "confidence": 0.9768924713134766
    },
    {
      "name": "grille",
      "confidence": 0.9297106266021729
    },
    {
      "name": "bumper",
      "confidence": 0.9290659427642822
    },
    {
      "name": "classic car",
      "confidence": 0.9265726208686829
    },
    {
      "name": "automotive exterior",
      "confidence": 0.9099502563476562
    },
    {
      "name": "grate",
      "confidence": 0.8983255624771118
    },
    {
      "name": "hood",
      "confidence": 0.8626917600631714
    },
    {
      "name": "muscle car",
      "confidence": 0.8514771461486816
    },
    {
      "name": "auto part",
      "confidence": 0.8456697463989258
    },
    {
      "name": "outdoor",
      "confidence": 0.7254653573036194
    },
    {
      "name": "parked",
      "confidence": 0.6641789674758911
    }
  ],
  "description": {
    "tags": [
      "car"
    ],
    "captions": [
      {
        "text": "front of a car",
        "confidence": 0.4843326210975647
      }
    ]
  },
  "faces": [],
  "objects": [
    {
      "rectangle": {
        "x": 714,
        "y": 521,
        "w": 244,
        "h": 79
      },
      "object": "Vehicle registration plate",
      "confidence": 0.592
    },
    {
      "rectangle": {
        "x": 975,
        "y": 511,
        "w": 111,
        "h": 108
      },
      "object": "Tire",
      "confidence": 0.538,
      "parent": {
        "object": "Wheel",
        "confidence": 0.549
      }
    }
  ],
  "brands": [],
  "requestId": "c5693244-4637-4be8-a7c3-b0c10aafbeaa",
  "metadata": {
    "width": 1280,
    "height": 720,
    "format": "Png"
  },
  "modelVersion": "2021-05-01"
}