{
  "categories": [
    {
      "name": "others_",
      "score": 0.01171875
    },
    {
      "name": "people_",
      "score": 0.33984375,
      "detail": {
        "celebrities": []
      }
    },
    {
      "name": "people_show",
      "score": 0.453125,
      "detail": {
        "celebrities": []
      }
    }
  ],
  "adult": {
    "isAdultContent": false,
    "isRacyContent": false,
    "isGoryContent": false,
    "adultScore": 0.001450999639928341,
    "racyScore": 0.0032818454783409834,
    "goreScore": 0.00028871934046037495
  },
  "color": {
    "dominantColorForeground": "Black",
    "dominantColorBackground": "Black",
    "dominantColors": [
      "Black"
    ],
    "accentColor": "BA5411",
    "isBWImg": false
  },
  "imageType": {
    "clipArtType": 1,
    "lineDrawingType": 0
  },
  "tags": [
    {
      "name": "man",
      "confidence": 0.9892582893371582
    },
    {
      "name": "clothing",
      "confidence": 0.972797691822052
    },
    {
      "name": "officer",
      "confidence": 0.9583073854446411
    },
    {
      "name": "official",
      "confidence": 0.9554258584976196
    },
    {
      "name": "law enforcement",
      "confidence": 0.9536390900611877
    },
    {
      "name": "security",
      "confidence": 0.9523540735244751
    },
    {
      "name": "police officer",
      "confidence": 0.9436248540878296
    },
    {
      "name": "person",
      "confidence": 0.9432604312896729
    },
    {
      "name": "police",
      "confidence": 0.9182020425796509
    },
    {
      "name": "government agency",
      "confidence": 0.9072346687316895
    },
    {
      "name": "peaked cap",
      "confidence": 0.9011533260345459
    },
    {
      "name": "organization",
      "confidence": 0.8636472225189209
    },
    {
      "name": "military rank",
      "confidence": 0.8568810224533081
    },
    {
      "name": "military uniform",
      "confidence": 0.7785567045211792
    },
    {
      "name": "uniform",
      "confidence": 0.5756235122680664
    }
  ],
  "description": {
    "tags": [
      "text",
      "person",
      "military uniform",
      "man",
      "clothing",
      "uniform",
      "wearing",
      "dressed"
    ],
    "captions": [
      {
        "text": "two men in police uniforms",
        "confidence": 0.4494858682155609
      }
    ]
  },
  "faces": [
    {
      "age": 32,
      "gender": "Male",
      "faceRectangle": {
        "left": 227,
        "top": 22,
        "width": 179,
        "height": 179
      }
    }
  ],
  "objects": [
    {
      "rectangle": {
        "x": 847,
        "y": 120,
        "w": 263,
        "h": 169
      },
      "object": "headwear",
      "confidence": 0.51
    },
    {
      "rectangle": {
        "x": 159,
        "y": 0,
        "w": 522,
        "h": 718
      },
      "object": "person",
      "confidence": 0.862
    },
    {
      "rectangle": {
        "x": 675,
        "y": 126,
        "w": 457,
        "h": 593
      },
      "object": "person",
      "confidence": 0.91
    }
  ],
  "brands": [],
  "requestId": "de03c64f-b877-4b3d-a7f8-27c6b66770e3",
  "metadata": {
    "width": 1280,
    "height": 720,
    "format": "Png"
  },
  "modelVersion": "2021-05-01"
}