{
  "categories": [
    {
      "name": "people_",
      "score": 0.62890625
    }
  ],
  "adult": {
    "isAdultContent": false,
    "isRacyContent": false,
    "isGoryContent": false,
    "adultScore": 0.008278883062303066,
    "racyScore": 0.016940075904130936,
    "goreScore": 0.001935757347382605
  },
  "color": {
    "dominantColorForeground": "Black",
    "dominantColorBackground": "Black",
    "dominantColors": [
      "Black",
      "Blue"
    ],
    "accentColor": "0358C8",
    "isBWImg": false
  },
  "imageType": {
    "clipArtType": 1,
    "lineDrawingType": 0
  },
  "tags": [
    {
      "name": "sky",
      "confidence": 0.9836375713348389
    },
    {
      "name": "person",
      "confidence": 0.9681278467178345
    },
    {
      "name": "clothing",
      "confidence": 0.9503133893013
    },
    {
      "name": "outdoor",
      "confidence": 0.6496242880821228
    }
  ],
  "description": {
    "tags": [
      "sky",
      "person",
      "outdoor"
    ],
    "captions": [
      {
        "text": "a man holding a microphone",
        "confidence": 0.37266361713409424
      }
    ]
  },
  "faces": [],
  "objects": [
    {
      "rectangle": {
        "x": 197,
        "y": 331,
        "w": 228,
        "h": 364
      },
      "object": "person",
      "confidence": 0.734
    },
    {
      "rectangle": {
        "x": 535,
        "y": 7,
        "w": 417,
        "h": 713
      },
      "object": "person",
      "confidence": 0.566
    }
  ],
  "brands": [],
  "requestId": "4d5f37cd-3dc0-44d8-b425-ed67834bdae0",
  "metadata": {
    "width": 1280,
    "height": 720,
    "format": "Png"
  },
  "modelVersion": "2021-05-01"
}