{
  "categories": [
    {
      "name": "others_",
      "score": 0.0859375
    },
    {
      "name": "outdoor_",
      "score": 0.0234375,
      "detail": {
        "landmarks": []
      }
    }
  ],
  "adult": {
    "isAdultContent": false,
    "isRacyContent": false,
    "isGoryContent": false,
    "adultScore": 0.006586585659533739,
    "racyScore": 0.03720230609178543,
    "goreScore": 0.0009982535848394036
  },
  "color": {
    "dominantColorForeground": "Black",
    "dominantColorBackground": "Black",
    "dominantColors": [
      "Black"
    ],
    "accentColor": "12B9B5",
    "isBWImg": false
  },
  "imageType": {
    "clipArtType": 0,
    "lineDrawingType": 0
  },
  "tags": [
    {
      "name": "screenshot",
      "confidence": 0.9527058601379395
    },
    {
      "name": "black",
      "confidence": 0.8552405834197998
    },
    {
      "name": "light",
      "confidence": 0.6517814993858337
    },
    {
      "name": "indoor",
      "confidence": 0.5776722431182861
    }
  ],
  "description": {
    "tags": [
      "text",
      "dark"
    ],
    "captions": [
      {
        "text": "a person in a glass case",
        "confidence": 0.24785088002681732
      }
    ]
  },
  "faces": [],
  "objects": [],
  "brands": [],
  "requestId": "e7751c0e-1aa5-4370-bff1-ee1f4b4d24c9",
  "metadata": {
    "width": 1280,
    "height": 720,
    "format": "Png"
  },
  "modelVersion": "2021-05-01"
}