{
  "categories": [
    {
      "name": "others_",
      "score": 0.0234375
    },
    {
      "name": "people_show",
      "score": 0.30078125
    }
  ],
  "adult": {
    "isAdultContent": false,
    "isRacyContent": false,
    "isGoryContent": false,
    "adultScore": 0.00737387640401721,
    "racyScore": 0.01051122136414051,
    "goreScore": 0.002226833486929536
  },
  "color": {
    "dominantColorForeground": "White",
    "dominantColorBackground": "Black",
    "dominantColors": [
      "Black"
    ],
    "accentColor": "2753A4",
    "isBWImg": false
  },
  "imageType": {
    "clipArtType": 0,
    "lineDrawingType": 0
  },
  "tags": [
    {
      "name": "person",
      "confidence": 0.9780791997909546
    },
    {
      "name": "clothing",
      "confidence": 0.9077560901641846
    },
    {
      "name": "man",
      "confidence": 0.9021459221839905
    },
    {
      "name": "human face",
      "confidence": 0.8847700357437134
    },
    {
      "name": "indoor",
      "confidence": 0.8136677742004395
    },
    {
      "name": "ceiling",
      "confidence": 0.6808462142944336
    }
  ],
  "description": {
    "tags": [
      "person",
      "indoor"
    ],
    "captions": [
      {
        "text": "a person driving a car",
        "confidence": 0.5882859826087952
      }
    ]
  },
  "faces": [],
  "objects": [
    {
      "rectangle": {
        "x": 555,
        "y": 192,
        "w": 113,
        "h": 155
      },
      "object": "person",
      "confidence": 0.555
    },
    {
      "rectangle": {
        "x": 685,
        "y": 206,
        "w": 120,
        "h": 144
      },
      "object": "person",
      "confidence": 0.655
    }
  ],
  "brands": [],
  "requestId": "bc62bb57-824c-451e-b92d-82357aa62843",
  "metadata": {
    "width": 1280,
    "height": 720,
    "format": "Png"
  },
  "modelVersion": "2021-05-01"
}