{
  "categories": [
    {
      "name": "people_many",
      "score": 0.66796875,
      "detail": {
        "celebrities": []
      }
    }
  ],
  "adult": {
    "isAdultContent": false,
    "isRacyContent": false,
    "isGoryContent": false,
    "adultScore": 0.0038734597619622946,
    "racyScore": 0.004917622543871403,
    "goreScore": 0.0006484455079771578
  },
  "color": {
    "dominantColorForeground": "Black",
    "dominantColorBackground": "Black",
    "dominantColors": [
      "Black",
      "Orange"
    ],
    "accentColor": "0C0100",
    "isBWImg": false
  },
  "imageType": {
    "clipArtType": 1,
    "lineDrawingType": 0
  },
  "tags": [
    {
      "name": "indoor",
      "confidence": 0.9931010007858276
    },
    {
      "name": "wall",
      "confidence": 0.9928814172744751
    },
    {
      "name": "person",
      "confidence": 0.9857304692268372
    },
    {
      "name": "clothing",
      "confidence": 0.969875693321228
    },
    {
      "name": "man",
      "confidence": 0.9354764819145203
    },
    {
      "name": "sink",
      "confidence": 0.8997825384140015
    },
    {
      "name": "mirror",
      "confidence": 0.8959097862243652
    },
    {
      "name": "toilet",
      "confidence": 0.8208363056182861
    },
    {
      "name": "bathroom",
      "confidence": 0.771701455116272
    },
    {
      "name": "people",
      "confidence": 0.7010797262191772
    },
    {
      "name": "standing",
      "confidence": 0.6482212543487549
    }
  ],
  "description": {
    "tags": [
      "text",
      "person",
      "indoor",
      "man"
    ],
    "captions": [
      {
        "text": "a group of people in a bathroom",
        "confidence": 0.5604244470596313
      }
    ]
  },
  "faces": [
    {
      "age": 22,
      "gender": "Female",
      "faceRectangle": {
        "left": 481,
        "top": 482,
        "width": 51,
        "height": 51
      }
    },
    {
      "age": 23,
      "gender": "Male",
      "faceRectangle": {
        "left": 517,
        "top": 483,
        "width": 49,
        "height": 49
      }
    }
  ],
  "objects": [
    {
      "rectangle": {
        "x": 822,
        "y": 220,
        "w": 248,
        "h": 324
      },
      "object": "person",
      "confidence": 0.799
    },
    {
      "rectangle": {
        "x": 202,
        "y": 183,
        "w": 373,
        "h": 533
      },
      "object": "person",
      "confidence": 0.775
    }
  ],
  "brands": [],
  "requestId": "57b08757-4308-43f5-a18b-b4aa81560a95",
  "metadata": {
    "width": 1280,
    "height": 720,
    "format": "Png"
  },
  "modelVersion": "2021-05-01"
}