{
  "categories": [
    {
      "name": "people_portrait",
      "score": 0.57421875,
      "detail": {
        "celebrities": [
          {
            "name": "Billy Corgan",
            "confidence": 0.9993003606796265,
            "faceRectangle": {
              "left": 599,
              "top": 172,
              "width": 544,
              "height": 544
            }
          }
        ]
      }
    }
  ],
  "adult": {
    "isAdultContent": false,
    "isRacyContent": false,
    "isGoryContent": false,
    "adultScore": 0.0051954095251858234,
    "racyScore": 0.006899361498653889,
    "goreScore": 0.00048581568989902735
  },
  "color": {
    "dominantColorForeground": "Black",
    "dominantColorBackground": "Black",
    "dominantColors": [
      "Black",
      "White"
    ],
    "accentColor": "000003",
    "isBWImg": false
  },
  "imageType": {
    "clipArtType": 1,
    "lineDrawingType": 0
  },
  "tags": [
    {
      "name": "person",
      "confidence": 0.9966745972633362
    },
    {
      "name": "human face",
      "confidence": 0.9913147687911987
    },
    {
      "name": "eyebrow",
      "confidence": 0.9643867015838623
    },
    {
      "name": "boy",
      "confidence": 0.963204026222229
    },
    {
      "name": "forehead",
      "confidence": 0.959151566028595
    },
    {
      "name": "cheek",
      "confidence": 0.9542083740234375
    },
    {
      "name": "chin",
      "confidence": 0.9467453956604004
    },
    {
      "name": "skin",
      "confidence": 0.9364825487136841
    },
    {
      "name": "jaw",
      "confidence": 0.9322788119316101
    },
    {
      "name": "lip",
      "confidence": 0.9295065402984619
    },
    {
      "name": "portrait",
      "confidence": 0.8916580677032471
    },
    {
      "name": "screenshot",
      "confidence": 0.880699872970581
    },
    {
      "name": "clothing",
      "confidence": 0.8734869956970215
    },
    {
      "name": "eyelash",
      "confidence": 0.8559233546257019
    },
    {
      "name": "indoor",
      "confidence": 0.7063761949539185
    }
  ],
  "description": {
    "tags": [
      "person",
      "indoor",
      "man"
    ],
    "captions": [
      {
        "text": "Billy Corgan smiling for the camera",
        "confidence": 0.4749857485294342
      }
    ]
  },
  "faces": [
    {
      "age": 9,
      "gender": "Male",
      "faceRectangle": {
        "left": 600,
        "top": 173,
        "width": 544,
        "height": 544
      }
    }
  ],
  "objects": [
    {
      "rectangle": {
        "x": 253,
        "y": 5,
        "w": 861,
        "h": 714
      },
      "object": "person",
      "confidence": 0.806
    }
  ],
  "brands": [],
  "requestId": "c4d9c57d-93d9-4f94-8021-b6b9462055b5",
  "metadata": {
    "width": 1280,
    "height": 720,
    "format": "Png"
  },
  "modelVersion": "2021-05-01"
}