{
  "categories": [
    {
      "name": "others_",
      "score": 0.00390625
    },
    {
      "name": "people_baby",
      "score": 0.52734375,
      "detail": {
        "celebrities": [
          {
            "name": "Billy Corgan",
            "confidence": 0.9968616962432861,
            "faceRectangle": {
              "left": 434,
              "top": 61,
              "width": 512,
              "height": 512
            }
          }
        ]
      }
    }
  ],
  "adult": {
    "isAdultContent": false,
    "isRacyContent": false,
    "isGoryContent": false,
    "adultScore": 0.001686222618445754,
    "racyScore": 0.0027124383486807346,
    "goreScore": 0.0002501159906387329
  },
  "color": {
    "dominantColorForeground": "White",
    "dominantColorBackground": "Black",
    "dominantColors": [
      "Black",
      "White"
    ],
    "accentColor": "000003",
    "isBWImg": false
  },
  "imageType": {
    "clipArtType": 1,
    "lineDrawingType": 0
  },
  "tags": [
    {
      "name": "person",
      "confidence": 0.9904955625534058
    },
    {
      "name": "human face",
      "confidence": 0.9855011701583862
    },
    {
      "name": "eyebrow",
      "confidence": 0.9533360004425049
    },
    {
      "name": "forehead",
      "confidence": 0.9506790637969971
    },
    {
      "name": "chin",
      "confidence": 0.9468264579772949
    },
    {
      "name": "jaw",
      "confidence": 0.9356094598770142
    },
    {
      "name": "cheek",
      "confidence": 0.9305282235145569
    },
    {
      "name": "lip",
      "confidence": 0.9041865468025208
    },
    {
      "name": "skin",
      "confidence": 0.9018118381500244
    },
    {
      "name": "boy",
      "confidence": 0.900887668132782
    },
    {
      "name": "screenshot",
      "confidence": 0.8904656171798706
    },
    {
      "name": "neck",
      "confidence": 0.8453128933906555
    },
    {
      "name": "eyelash",
      "confidence": 0.8440709114074707
    },
    {
      "name": "indoor",
      "confidence": 0.6083046197891235
    }
  ],
  "description": {
    "tags": [
      "person",
      "indoor",
      "monitor",
      "screen",
      "dark"
    ],
    "captions": [
      {
        "text": "Billy Corgan smiling for the camera",
        "confidence": 0.4565936326980591
      }
    ]
  },
  "faces": [
    {
      "age": 27,
      "gender": "Male",
      "faceRectangle": {
        "left": 435,
        "top": 62,
        "width": 513,
        "height": 513
      }
    }
  ],
  "objects": [
    {
      "rectangle": {
        "x": 266,
        "y": 0,
        "w": 835,
        "h": 700
      },
      "object": "person",
      "confidence": 0.712
    }
  ],
  "brands": [],
  "requestId": "e21348aa-04f6-4043-9ab0-b2c2bfdc5eb3",
  "metadata": {
    "width": 1280,
    "height": 720,
    "format": "Png"
  },
  "modelVersion": "2021-05-01"
}