{
  "categories": [
    {
      "name": "abstract_nonphoto",
      "score": 0.359375
    },
    {
      "name": "abstract_texture",
      "score": 0.2578125
    },
    {
      "name": "others_",
      "score": 0.00390625
    }
  ],
  "adult": {
    "isAdultContent": false,
    "isRacyContent": false,
    "isGoryContent": false,
    "adultScore": 0.005526598077267408,
    "racyScore": 0.00871156994253397,
    "goreScore": 0.0004555284103844315
  },
  "color": {
    "dominantColorForeground": "Black",
    "dominantColorBackground": "Black",
    "dominantColors": [
      "Black",
      "Blue"
    ],
    "accentColor": "A2B912",
    "isBWImg": false
  },
  "imageType": {
    "clipArtType": 0,
    "lineDrawingType": 0
  },
  "tags": [
    {
      "name": "screenshot",
      "confidence": 0.9423776865005493
    },
    {
      "name": "cartoon",
      "confidence": 0.8965891003608704
    },
    {
      "name": "clothing",
      "confidence": 0.8904691934585571
    },
    {
      "name": "indoor",
      "confidence": 0.8400892019271851
    },
    {
      "name": "person",
      "confidence": 0.7439013123512268
    },
    {
      "name": "toy",
      "confidence": 0.638279378414154
    }
  ],
  "description": {
    "tags": [
      "indoor"
    ],
    "captions": [
      {
        "text": "a man and a woman in a store",
        "confidence": 0.3868471682071686
      }
    ]
  },
  "faces": [],
  "objects": [
    {
      "rectangle": {
        "x": 163,
        "y": 168,
        "w": 158,
        "h": 547
      },
      "object": "person",
      "confidence": 0.569
    },
    {
      "rectangle": {
        "x": 328,
        "y": 245,
        "w": 315,
        "h": 463
      },
      "object": "person",
      "confidence": 0.806
    }
  ],
  "brands": [],
  "requestId": "42fca687-cace-40e7-9a54-edebc7fa94eb",
  "metadata": {
    "width": 1280,
    "height": 720,
    "format": "Png"
  },
  "modelVersion": "2021-05-01"
}