{
  "categories": [
    {
      "name": "others_",
      "score": 0.0078125
    },
    {
      "name": "outdoor_",
      "score": 0.00390625,
      "detail": {
        "landmarks": []
      }
    },
    {
      "name": "people_",
      "score": 0.34375
    },
    {
      "name": "people_show",
      "score": 0.36328125
    }
  ],
  "adult": {
    "isAdultContent": false,
    "isRacyContent": false,
    "isGoryContent": false,
    "adultScore": 0.0030883420258760452,
    "racyScore": 0.012719832360744476,
    "goreScore": 0.0006670093280263245
  },
  "color": {
    "dominantColorForeground": "Black",
    "dominantColorBackground": "Black",
    "dominantColors": [
      "Black",
      "Blue"
    ],
    "accentColor": "192EB2",
    "isBWImg": false
  },
  "imageType": {
    "clipArtType": 1,
    "lineDrawingType": 0
  },
  "tags": [
    {
      "name": "sky",
      "confidence": 0.9703280925750732
    },
    {
      "name": "person",
      "confidence": 0.9645252227783203
    },
    {
      "name": "clothing",
      "confidence": 0.9613585472106934
    },
    {
      "name": "screenshot",
      "confidence": 0.865401029586792
    },
    {
      "name": "outdoor",
      "confidence": 0.8647720813751221
    },
    {
      "name": "dance",
      "confidence": 0.8628619909286499
    },
    {
      "name": "grass",
      "confidence": 0.7277045845985413
    }
  ],
  "description": {
    "tags": [
      "person",
      "sky",
      "outdoor",
      "suit",
      "dark"
    ],
    "captions": [
      {
        "text": "a person with the mouth open",
        "confidence": 0.37236377596855164
      }
    ]
  },
  "faces": [],
  "objects": [
    {
      "rectangle": {
        "x": 169,
        "y": 336,
        "w": 132,
        "h": 370
      },
      "object": "person",
      "confidence": 0.652
    },
    {
      "rectangle": {
        "x": 229,
        "y": 299,
        "w": 213,
        "h": 405
      },
      "object": "person",
      "confidence": 0.736
    },
    {
      "rectangle": {
        "x": 469,
        "y": 13,
        "w": 457,
        "h": 705
      },
      "object": "person",
      "confidence": 0.741
    }
  ],
  "brands": [],
  "requestId": "df41f188-416f-41af-845b-fbde50ec8d03",
  "metadata": {
    "width": 1280,
    "height": 720,
    "format": "Png"
  },
  "modelVersion": "2021-05-01"
}