{
  "categories": [
    {
      "name": "abstract_",
      "score": 0.0078125
    },
    {
      "name": "others_",
      "score": 0.01171875
    }
  ],
  "adult": {
    "isAdultContent": false,
    "isRacyContent": false,
    "isGoryContent": false,
    "adultScore": 0.006194860674440861,
    "racyScore": 0.021591151133179665,
    "goreScore": 0.0006822097348049283
  },
  "color": {
    "dominantColorForeground": "Black",
    "dominantColorBackground": "Black",
    "dominantColors": [
      "Black",
      "Brown"
    ],
    "accentColor": "BA4A0B",
    "isBWImg": false
  },
  "imageType": {
    "clipArtType": 0,
    "lineDrawingType": 0
  },
  "tags": [
    {
      "name": "window",
      "confidence": 0.9366718530654907
    },
    {
      "name": "building",
      "confidence": 0.9144163131713867
    },
    {
      "name": "door",
      "confidence": 0.7069295644760132
    },
    {
      "name": "outdoor",
      "confidence": 0.704434871673584
    },
    {
      "name": "person",
      "confidence": 0.6542363166809082
    },
    {
      "name": "light",
      "confidence": 0.5638425946235657
    },
    {
      "name": "night",
      "confidence": 0.5396131873130798
    }
  ],
  "description": {
    "tags": [
      "indoor",
      "shelf"
    ],
    "captions": [
      {
        "text": "a group of people sitting at a table",
        "confidence": 0.5156745910644531
      }
    ]
  },
  "faces": [],
  "objects": [],
  "brands": [],
  "requestId": "c2832150-db95-4938-80a7-7f0ea8b2df3c",
  "metadata": {
    "width": 1280,
    "height": 720,
    "format": "Png"
  },
  "modelVersion": "2021-05-01"
}