{
  "categories": [
    {
      "name": "others_",
      "score": 0.00390625
    },
    {
      "name": "outdoor_",
      "score": 0.00390625,
      "detail": {
        "landmarks": []
      }
    },
    {
      "name": "sky_cloud",
      "score": 0.29296875
    }
  ],
  "adult": {
    "isAdultContent": false,
    "isRacyContent": false,
    "isGoryContent": false,
    "adultScore": 0.036600951105356216,
    "racyScore": 0.16378088295459747,
    "goreScore": 0.00231973291374743
  },
  "color": {
    "dominantColorForeground": "Black",
    "dominantColorBackground": "Black",
    "dominantColors": [
      "Black"
    ],
    "accentColor": "10B5BB",
    "isBWImg": false
  },
  "imageType": {
    "clipArtType": 0,
    "lineDrawingType": 0
  },
  "tags": [
    {
      "name": "water",
      "confidence": 0.9643293619155884
    },
    {
      "name": "sport",
      "confidence": 0.931778609752655
    },
    {
      "name": "underwater diving",
      "confidence": 0.884155809879303
    },
    {
      "name": "swimming",
      "confidence": 0.8815069198608398
    },
    {
      "name": "underwater",
      "confidence": 0.8470314741134644
    },
    {
      "name": "diving equipment",
      "confidence": 0.8461121320724487
    },
    {
      "name": "diving",
      "confidence": 0.6569536328315735
    }
  ],
  "description": {
    "tags": [
      "dark",
      "swimming",
      "night sky"
    ],
    "captions": [
      {
        "text": "a shark swimming in water",
        "confidence": 0.40768179297447205
      }
    ]
  },
  "faces": [],
  "objects": [
    {
      "rectangle": {
        "x": 442,
        "y": 161,
        "w": 445,
        "h": 395
      },
      "object": "fish",
      "confidence": 0.71,
      "parent": {
        "object": "animal",
        "confidence": 0.785
      }
    }
  ],
  "brands": [],
  "requestId": "35a633b8-3ec8-47fd-bb41-4073a555b9e1",
  "metadata": {
    "width": 1280,
    "height": 720,
    "format": "Png"
  },
  "modelVersion": "2021-05-01"
}