{
  "categories": [],
  "adult": {
    "isAdultContent": false,
    "isRacyContent": false,
    "isGoryContent": false,
    "adultScore": 0.006235910579562187,
    "racyScore": 0.007369747385382652,
    "goreScore": 0.0025758445262908936
  },
  "color": {
    "dominantColorForeground": "Black",
    "dominantColorBackground": "Black",
    "dominantColors": [
      "Black"
    ],
    "accentColor": "33376D",
    "isBWImg": false
  },
  "imageType": {
    "clipArtType": 0,
    "lineDrawingType": 0
  },
  "tags": [
    {
      "name": "clothing",
      "confidence": 0.9853812456130981
    },
    {
      "name": "person",
      "confidence": 0.9853420257568359
    },
    {
      "name": "retail",
      "confidence": 0.9495776891708374
    },
    {
      "name": "man",
      "confidence": 0.9483914375305176
    },
    {
      "name": "trade",
      "confidence": 0.932105302810669
    },
    {
      "name": "snack",
      "confidence": 0.928052544593811
    },
    {
      "name": "selling",
      "confidence": 0.912397027015686
    },
    {
      "name": "convenience store",
      "confidence": 0.9097596406936646
    },
    {
      "name": "customer",
      "confidence": 0.9084089994430542
    },
    {
      "name": "food",
      "confidence": 0.896397590637207
    },
    {
      "name": "market",
      "confidence": 0.8954595327377319
    },
    {
      "name": "shopkeeper",
      "confidence": 0.8918930292129517
    },
    {
      "name": "grocery store",
      "confidence": 0.8650584816932678
    },
    {
      "name": "supermarket",
      "confidence": 0.8636459112167358
    },
    {
      "name": "shop",
      "confidence": 0.8620250225067139
    },
    {
      "name": "fast food",
      "confidence": 0.8442596197128296
    },
    {
      "name": "text",
      "confidence": 0.840542733669281
    },
    {
      "name": "street",
      "confidence": 0.6902117133140564
    },
    {
      "name": "store",
      "confidence": 0.6407002210617065
    },
    {
      "name": "standing",
      "confidence": 0.609747052192688
    },
    {
      "name": "indoor",
      "confidence": 0.5381692051887512
    },
    {
      "name": "marketplace",
      "confidence": 0.5209397077560425
    }
  ],
  "description": {
    "tags": [
      "text",
      "indoor",
      "person"
    ],
    "captions": [
      {
        "text": "a couple of police officers standing next to a table of donuts",
        "confidence": 0.46063393354415894
      }
    ]
  },
  "faces": [],
  "objects": [
    {
      "rectangle": {
        "x": 638,
        "y": 197,
        "w": 225,
        "h": 425
      },
      "object": "person",
      "confidence": 0.827
    },
    {
      "rectangle": {
        "x": 356,
        "y": 92,
        "w": 452,
        "h": 560
      },
      "object": "person",
      "confidence": 0.79
    }
  ],
  "brands": [],
  "requestId": "1d880656-eaa8-46e6-b624-daac7761952c",
  "metadata": {
    "width": 1280,
    "height": 720,
    "format": "Png"
  },
  "modelVersion": "2021-05-01"
}