{
  "categories": [
    {
      "name": "others_",
      "score": 0.00390625
    },
    {
      "name": "people_show",
      "score": 0.703125
    }
  ],
  "adult": {
    "isAdultContent": false,
    "isRacyContent": false,
    "isGoryContent": false,
    "adultScore": 0.02138986438512802,
    "racyScore": 0.023458218201994896,
    "goreScore": 0.0047792247496545315
  },
  "color": {
    "dominantColorForeground": "White",
    "dominantColorBackground": "Black",
    "dominantColors": [
      "Black"
    ],
    "accentColor": "9E2D5A",
    "isBWImg": false
  },
  "imageType": {
    "clipArtType": 0,
    "lineDrawingType": 0
  },
  "tags": [
    {
      "name": "human face",
      "confidence": 0.990233838558197
    },
    {
      "name": "person",
      "confidence": 0.977921724319458
    },
    {
      "name": "screenshot",
      "confidence": 0.9417483806610107
    },
    {
      "name": "eyebrow",
      "confidence": 0.857528567314148
    },
    {
      "name": "selfie",
      "confidence": 0.8558604717254639
    },
    {
      "name": "lip",
      "confidence": 0.8450545072555542
    },
    {
      "name": "jaw",
      "confidence": 0.84361732006073
    },
    {
      "name": "forehead",
      "confidence": 0.8402097225189209
    },
    {
      "name": "light",
      "confidence": 0.41052594780921936
    }
  ],
  "description": {
    "tags": [
      "person",
      "dark",
      "blurry"
    ],
    "captions": [
      {
        "text": "a man with his mouth open",
        "confidence": 0.45541059970855713
      }
    ]
  },
  "faces": [],
  "objects": [
    {
      "rectangle": {
        "x": 266,
        "y": 7,
        "w": 833,
        "h": 693
      },
      "object": "person",
      "confidence": 0.81
    }
  ],
  "brands": [],
  "requestId": "4f4f1028-f7d6-4b79-b8ae-aacba6252e87",
  "metadata": {
    "width": 1280,
    "height": 720,
    "format": "Png"
  },
  "modelVersion": "2021-05-01"
}