{
  "categories": [
    {
      "name": "abstract_",
      "score": 0.00390625
    },
    {
      "name": "others_",
      "score": 0.0078125
    }
  ],
  "adult": {
    "isAdultContent": false,
    "isRacyContent": false,
    "isGoryContent": false,
    "adultScore": 0.06781265884637833,
    "racyScore": 0.17431890964508057,
    "goreScore": 0.02984117902815342
  },
  "color": {
    "dominantColorForeground": "Black",
    "dominantColorBackground": "Black",
    "dominantColors": [
      "Black"
    ],
    "accentColor": "1E0F79",
    "isBWImg": false
  },
  "imageType": {
    "clipArtType": 0,
    "lineDrawingType": 0
  },
  "tags": [
    {
      "name": "human face",
      "confidence": 0.9840956926345825
    },
    {
      "name": "person",
      "confidence": 0.9640084505081177
    },
    {
      "name": "darkness",
      "confidence": 0.8932595252990723
    },
    {
      "name": "lip",
      "confidence": 0.8613224625587463
    },
    {
      "name": "woman",
      "confidence": 0.8004083633422852
    },
    {
      "name": "dark",
      "confidence": 0.6906994581222534
    }
  ],
  "description": {
    "tags": [
      "person",
      "indoor",
      "dark"
    ],
    "captions": [
      {
        "text": "a person holding a phone",
        "confidence": 0.390293151140213
      }
    ]
  },
  "faces": [],
  "objects": [
    {
      "rectangle": {
        "x": 555,
        "y": 0,
        "w": 533,
        "h": 703
      },
      "object": "person",
      "confidence": 0.764
    }
  ],
  "brands": [],
  "requestId": "5ee4e3b4-20b2-4be5-8dba-29e90e942c00",
  "metadata": {
    "width": 1280,
    "height": 720,
    "format": "Png"
  },
  "modelVersion": "2021-05-01"
}