{
  "categories": [
    {
      "name": "abstract_",
      "score": 0.00390625
    },
    {
      "name": "others_",
      "score": 0.00390625
    },
    {
      "name": "outdoor_",
      "score": 0.015625,
      "detail": {
        "landmarks": []
      }
    },
    {
      "name": "people_show",
      "score": 0.3203125
    }
  ],
  "adult": {
    "isAdultContent": false,
    "isRacyContent": false,
    "isGoryContent": false,
    "adultScore": 0.003058381611481309,
    "racyScore": 0.0054541961289942265,
    "goreScore": 0.0016166274435818195
  },
  "color": {
    "dominantColorForeground": "Black",
    "dominantColorBackground": "Black",
    "dominantColors": [
      "Black"
    ],
    "accentColor": "95364A",
    "isBWImg": false
  },
  "imageType": {
    "clipArtType": 0,
    "lineDrawingType": 0
  },
  "tags": [
    {
      "name": "screenshot",
      "confidence": 0.9064639806747437
    },
    {
      "name": "darkness",
      "confidence": 0.8747977018356323
    },
    {
      "name": "night",
      "confidence": 0.8193314075469971
    },
    {
      "name": "street",
      "confidence": 0.5406337380409241
    },
    {
      "name": "indoor",
      "confidence": 0.5322431325912476
    },
    {
      "name": "light",
      "confidence": 0.5077751278877258
    }
  ],
  "description": {
    "tags": [],
    "captions": [
      {
        "text": "a person sitting on a stage",
        "confidence": 0.3502880334854126
      }
    ]
  },
  "faces": [],
  "objects": [
    {
      "rectangle": {
        "x": 472,
        "y": 299,
        "w": 128,
        "h": 143
      },
      "object": "person",
      "confidence": 0.548
    }
  ],
  "brands": [],
  "requestId": "9096edb8-b54d-4bff-9308-3859a4a45752",
  "metadata": {
    "width": 1280,
    "height": 720,
    "format": "Png"
  },
  "modelVersion": "2021-05-01"
}