{
  "categories": [
    {
      "name": "abstract_",
      "score": 0.00390625
    },
    {
      "name": "dark_",
      "score": 0.72265625
    }
  ],
  "adult": {
    "isAdultContent": false,
    "isRacyContent": false,
    "isGoryContent": false,
    "adultScore": 0.04490957036614418,
    "racyScore": 0.08177882432937622,
    "goreScore": 0.011396845802664757
  },
  "color": {
    "dominantColorForeground": "Black",
    "dominantColorBackground": "Black",
    "dominantColors": [
      "Black"
    ],
    "accentColor": "000001",
    "isBWImg": true
  },
  "imageType": {
    "clipArtType": 0,
    "lineDrawingType": 0
  },
  "tags": [
    {
      "name": "darkness",
      "confidence": 0.9775727391242981
    },
    {
      "name": "black",
      "confidence": 0.9663487672805786
    },
    {
      "name": "space",
      "confidence": 0.8431581258773804
    },
    {
      "name": "night",
      "confidence": 0.5709207653999329
    }
  ],
  "description": {
    "tags": [
      "dark",
      "night sky"
    ],
    "captions": [
      {
        "text": "a black background with a black background",
        "confidence": 0.35338976979255676
      }
    ]
  },
  "faces": [],
  "objects": [],
  "brands": [],
  "requestId": "17f6b740-1225-4d70-9403-05b4de0fd474",
  "metadata": {
    "width": 1280,
    "height": 720,
    "format": "Png"
  },
  "modelVersion": "2021-05-01"
}