{
  "categories": [
    {
      "name": "abstract_",
      "score": 0.00390625
    },
    {
      "name": "dark_light",
      "score": 0.33984375
    },
    {
      "name": "others_",
      "score": 0.03125
    }
  ],
  "adult": {
    "isAdultContent": false,
    "isRacyContent": false,
    "isGoryContent": false,
    "adultScore": 0.011767243966460228,
    "racyScore": 0.012707484886050224,
    "goreScore": 0.0021361124236136675
  },
  "color": {
    "dominantColorForeground": "Black",
    "dominantColorBackground": "Black",
    "dominantColors": [
      "Black"
    ],
    "accentColor": "9C6C30",
    "isBWImg": false
  },
  "imageType": {
    "clipArtType": 0,
    "lineDrawingType": 0
  },
  "tags": [
    {
      "name": "human face",
      "confidence": 0.9936615228652954
    },
    {
      "name": "person",
      "confidence": 0.9873405694961548
    },
    {
      "name": "cheek",
      "confidence": 0.9184229373931885
    },
    {
      "name": "boy",
      "confidence": 0.9089007377624512
    },
    {
      "name": "lip",
      "confidence": 0.903083086013794
    },
    {
      "name": "forehead",
      "confidence": 0.8812225461006165
    },
    {
      "name": "chin",
      "confidence": 0.8762776851654053
    },
    {
      "name": "jaw",
      "confidence": 0.8699759840965271
    },
    {
      "name": "darkness",
      "confidence": 0.8664748072624207
    },
    {
      "name": "black",
      "confidence": 0.8596620559692383
    },
    {
      "name": "human",
      "confidence": 0.8527722954750061
    },
    {
      "name": "eyebrow",
      "confidence": 0.8406662940979004
    },
    {
      "name": "light",
      "confidence": 0.43239080905914307
    }
  ],
  "description": {
    "tags": [
      "person",
      "indoor",
      "dark"
    ],
    "captions": [
      {
        "text": "a person with the mouth open",
        "confidence": 0.4765385687351227
      }
    ]
  },
  "faces": [],
  "objects": [
    {
      "rectangle": {
        "x": 187,
        "y": 3,
        "w": 835,
        "h": 698
      },
      "object": "person",
      "confidence": 0.858
    }
  ],
  "brands": [],
  "requestId": "ea626882-e853-401f-bc28-990dcb0538e7",
  "metadata": {
    "width": 1280,
    "height": 720,
    "format": "Png"
  },
  "modelVersion": "2021-05-01"
}