{
  "categories": [
    {
      "name": "others_",
      "score": 0.015625
    },
    {
      "name": "outdoor_",
      "score": 0.00390625,
      "detail": {
        "landmarks": []
      }
    },
    {
      "name": "people_",
      "score": 0.64453125
    }
  ],
  "adult": {
    "isAdultContent": false,
    "isRacyContent": false,
    "isGoryContent": false,
    "adultScore": 0.11337373405694962,
    "racyScore": 0.49930813908576965,
    "goreScore": 0.0011198037536814809
  },
  "color": {
    "dominantColorForeground": "White",
    "dominantColorBackground": "Black",
    "dominantColors": [
      "Black",
      "White"
    ],
    "accentColor": "0433C7",
    "isBWImg": false
  },
  "imageType": {
    "clipArtType": 0,
    "lineDrawingType": 0
  },
  "tags": [
    {
      "name": "screenshot",
      "confidence": 0.9136683940887451
    },
    {
      "name": "person",
      "confidence": 0.8041839599609375
    }
  ],
  "description": {
    "tags": [
      "male",
      "underpants"
    ],
    "captions": [
      {
        "text": "a man with a blue shirt",
        "confidence": 0.26986709237098694
      }
    ]
  },
  "faces": [],
  "objects": [
    {
      "rectangle": {
        "x": 519,
        "y": 15,
        "w": 436,
        "h": 700
      },
      "object": "person",
      "confidence": 0.732
    }
  ],
  "brands": [],
  "requestId": "d727ef26-7e2f-45bd-a08f-af2dabd75cd0",
  "metadata": {
    "width": 1280,
    "height": 720,
    "format": "Png"
  },
  "modelVersion": "2021-05-01"
}