{
  "categories": [
    {
      "name": "abstract_",
      "score": 0.00390625
    },
    {
      "name": "others_",
      "score": 0.0234375
    },
    {
      "name": "outdoor_",
      "score": 0.00390625,
      "detail": {
        "landmarks": []
      }
    }
  ],
  "adult": {
    "isAdultContent": false,
    "isRacyContent": false,
    "isGoryContent": false,
    "adultScore": 0.07153674960136414,
    "racyScore": 0.0992417111992836,
    "goreScore": 0.0043698749504983425
  },
  "color": {
    "dominantColorForeground": "Black",
    "dominantColorBackground": "Black",
    "dominantColors": [
      "Black"
    ],
    "accentColor": "03C5C8",
    "isBWImg": false
  },
  "imageType": {
    "clipArtType": 3,
    "lineDrawingType": 0
  },
  "tags": [
    {
      "name": "mammal",
      "confidence": 0.8970535397529602
    },
    {
      "name": "silhouette",
      "confidence": 0.8609955310821533
    },
    {
      "name": "shadow",
      "confidence": 0.5696455240249634
    }
  ],
  "description": {
    "tags": [
      "monitor",
      "screen",
      "dark"
    ],
    "captions": [
      {
        "text": "a person holding a gun",
        "confidence": 0.28354915976524353
      }
    ]
  },
  "faces": [],
  "objects": [],
  "brands": [],
  "requestId": "90c9838b-7c83-42b5-94f6-75fc37576fb7",
  "metadata": {
    "width": 1280,
    "height": 720,
    "format": "Png"
  },
  "modelVersion": "2021-05-01"
}