{
  "categories": [
    {
      "name": "others_",
      "score": 0.015625
    },
    {
      "name": "people_show",
      "score": 0.51171875,
      "detail": {
        "celebrities": []
      }
    }
  ],
  "adult": {
    "isAdultContent": false,
    "isRacyContent": false,
    "isGoryContent": false,
    "adultScore": 0.03736081346869469,
    "racyScore": 0.04465043544769287,
    "goreScore": 0.006871515419334173
  },
  "color": {
    "dominantColorForeground": "Black",
    "dominantColorBackground": "Black",
    "dominantColors": [
      "Black"
    ],
    "accentColor": "2066AB",
    "isBWImg": false
  },
  "imageType": {
    "clipArtType": 0,
    "lineDrawingType": 0
  },
  "tags": [
    {
      "name": "human face",
      "confidence": 0.9931565523147583
    },
    {
      "name": "person",
      "confidence": 0.9666748642921448
    },
    {
      "name": "clothing",
      "confidence": 0.946837842464447
    },
    {
      "name": "soft drink",
      "confidence": 0.9368113875389099
    },
    {
      "name": "girl",
      "confidence": 0.9048639535903931
    },
    {
      "name": "woman",
      "confidence": 0.6977971792221069
    }
  ],
  "description": {
    "tags": [
      "person",
      "cup",
      "indoor",
      "drink",
      "dark"
    ],
    "captions": [
      {
        "text": "a person holding a red cup",
        "confidence": 0.4724268317222595
      }
    ]
  },
  "faces": [
    {
      "age": 17,
      "gender": "Female",
      "faceRectangle": {
        "left": 488,
        "top": 208,
        "width": 190,
        "height": 190
      }
    }
  ],
  "objects": [
    {
      "rectangle": {
        "x": 255,
        "y": 15,
        "w": 311,
        "h": 685
      },
      "object": "person",
      "confidence": 0.799
    },
    {
      "rectangle": {
        "x": 485,
        "y": 116,
        "w": 491,
        "h": 604
      },
      "object": "person",
      "confidence": 0.785
    }
  ],
  "brands": [],
  "requestId": "c745a623-743a-477f-b52e-c1423e9c3657",
  "metadata": {
    "width": 1280,
    "height": 720,
    "format": "Png"
  },
  "modelVersion": "2021-05-01"
}