{
  "categories": [
    {
      "name": "abstract_",
      "score": 0.00390625
    },
    {
      "name": "dark_light",
      "score": 0.35546875
    },
    {
      "name": "others_",
      "score": 0.05078125
    }
  ],
  "adult": {
    "isAdultContent": false,
    "isRacyContent": false,
    "isGoryContent": false,
    "adultScore": 0.010507562197744846,
    "racyScore": 0.02245803363621235,
    "goreScore": 0.007457830477505922
  },
  "color": {
    "dominantColorForeground": "White",
    "dominantColorBackground": "Black",
    "dominantColors": [
      "Black",
      "White"
    ],
    "accentColor": "A12A2F",
    "isBWImg": false
  },
  "imageType": {
    "clipArtType": 0,
    "lineDrawingType": 0
  },
  "tags": [
    {
      "name": "cartoon",
      "confidence": 0.8774492740631104
    }
  ],
  "description": {
    "tags": [
      "text",
      "cup",
      "indoor",
      "drink",
      "beverage"
    ],
    "captions": [
      {
        "text": "a hand holding a plastic cup",
        "confidence": 0.4169425368309021
      }
    ]
  },
  "faces": [],
  "objects": [],
  "brands": [],
  "requestId": "1a6a28f9-78a8-4fb8-8c8d-5d2d726888bf",
  "metadata": {
    "width": 1280,
    "height": 720,
    "format": "Png"
  },
  "modelVersion": "2021-05-01"
}