{
  "categories": [
    {
      "name": "others_",
      "score": 0.109375
    },
    {
      "name": "outdoor_",
      "score": 0.03515625,
      "detail": {
        "landmarks": []
      }
    }
  ],
  "adult": {
    "isAdultContent": false,
    "isRacyContent": false,
    "isGoryContent": false,
    "adultScore": 0.007997536100447178,
    "racyScore": 0.14133909344673157,
    "goreScore": 0.001470469869673252
  },
  "color": {
    "dominantColorForeground": "Black",
    "dominantColorBackground": "Black",
    "dominantColors": [
      "Black"
    ],
    "accentColor": "040413",
    "isBWImg": false
  },
  "imageType": {
    "clipArtType": 0,
    "lineDrawingType": 0
  },
  "tags": [
    {
      "name": "screenshot",
      "confidence": 0.9065311551094055
    }
  ],
  "description": {
    "tags": [
      "indoor",
      "electronics",
      "display",
      "dark"
    ],
    "captions": [
      {
        "text": "a group of people on a stage",
        "confidence": 0.5570846796035767
      }
    ]
  },
  "faces": [],
  "objects": [
    {
      "rectangle": {
        "x": 238,
        "y": 260,
        "w": 156,
        "h": 298
      },
      "object": "person",
      "confidence": 0.611
    },
    {
      "rectangle": {
        "x": 753,
        "y": 319,
        "w": 112,
        "h": 267
      },
      "object": "person",
      "confidence": 0.691
    }
  ],
  "brands": [],
  "requestId": "90b5589b-a79f-4bb4-bbda-250988550fb0",
  "metadata": {
    "width": 1280,
    "height": 720,
    "format": "Png"
  },
  "modelVersion": "2021-05-01"
}