{
  "categories": [
    {
      "name": "others_",
      "score": 0.00390625
    },
    {
      "name": "people_",
      "score": 0.6484375
    }
  ],
  "adult": {
    "isAdultContent": false,
    "isRacyContent": false,
    "isGoryContent": false,
    "adultScore": 0.01647469960153103,
    "racyScore": 0.036206141114234924,
    "goreScore": 0.0010926079703494906
  },
  "color": {
    "dominantColorForeground": "Black",
    "dominantColorBackground": "Black",
    "dominantColors": [
      "Black"
    ],
    "accentColor": "0852C3",
    "isBWImg": false
  },
  "imageType": {
    "clipArtType": 0,
    "lineDrawingType": 0
  },
  "tags": [
    {
      "name": "grass",
      "confidence": 0.9868133068084717
    },
    {
      "name": "person",
      "confidence": 0.9588863849639893
    },
    {
      "name": "outdoor",
      "confidence": 0.9556375741958618
    },
    {
      "name": "footwear",
      "confidence": 0.9169390201568604
    },
    {
      "name": "clothing",
      "confidence": 0.9018032550811768
    },
    {
      "name": "screenshot",
      "confidence": 0.8968816995620728
    },
    {
      "name": "mammal",
      "confidence": 0.8773149847984314
    },
    {
      "name": "sky",
      "confidence": 0.8669381141662598
    },
    {
      "name": "field",
      "confidence": 0.5551265478134155
    }
  ],
  "description": {
    "tags": [
      "person",
      "suit"
    ],
    "captions": [
      {
        "text": "a group of people walking",
        "confidence": 0.3684452474117279
      }
    ]
  },
  "faces": [],
  "objects": [
    {
      "rectangle": {
        "x": 176,
        "y": 177,
        "w": 130,
        "h": 272
      },
      "object": "person",
      "confidence": 0.581
    },
    {
      "rectangle": {
        "x": 327,
        "y": 48,
        "w": 164,
        "h": 511
      },
      "object": "person",
      "confidence": 0.801
    },
    {
      "rectangle": {
        "x": 522,
        "y": 25,
        "w": 419,
        "h": 690
      },
      "object": "person",
      "confidence": 0.746
    }
  ],
  "brands": [],
  "requestId": "e2c67ba2-d2b1-4d9d-9a1e-2c950ee7c547",
  "metadata": {
    "width": 1280,
    "height": 720,
    "format": "Png"
  },
  "modelVersion": "2021-05-01"
}