{
  "categories": [
    {
      "name": "people_young",
      "score": 0.6796875,
      "detail": {
        "celebrities": [
          {
            "name": "Billy Corgan",
            "confidence": 0.9997681975364685,
            "faceRectangle": {
              "left": 616,
              "top": 117,
              "width": 542,
              "height": 542
            }
          }
        ]
      }
    }
  ],
  "adult": {
    "isAdultContent": false,
    "isRacyContent": false,
    "isGoryContent": false,
    "adultScore": 0.006139226257801056,
    "racyScore": 0.008779640309512615,
    "goreScore": 0.00034607158158905804
  },
  "color": {
    "dominantColorForeground": "Brown",
    "dominantColorBackground": "Black",
    "dominantColors": [
      "Black",
      "Brown",
      "White"
    ],
    "accentColor": "035FC8",
    "isBWImg": false
  },
  "imageType": {
    "clipArtType": 1,
    "lineDrawingType": 0
  },
  "tags": [
    {
      "name": "person",
      "confidence": 0.9933912754058838
    },
    {
      "name": "human face",
      "confidence": 0.99057936668396
    },
    {
      "name": "eyebrow",
      "confidence": 0.9652951955795288
    },
    {
      "name": "boy",
      "confidence": 0.9474058151245117
    },
    {
      "name": "forehead",
      "confidence": 0.9448939561843872
    },
    {
      "name": "cheek",
      "confidence": 0.9419646263122559
    },
    {
      "name": "lip",
      "confidence": 0.9390496015548706
    },
    {
      "name": "jaw",
      "confidence": 0.9348477125167847
    },
    {
      "name": "chin",
      "confidence": 0.9267796277999878
    },
    {
      "name": "skin",
      "confidence": 0.9229403734207153
    },
    {
      "name": "eyelash",
      "confidence": 0.9001545906066895
    },
    {
      "name": "screenshot",
      "confidence": 0.8916133642196655
    },
    {
      "name": "portrait",
      "confidence": 0.8636153340339661
    },
    {
      "name": "indoor",
      "confidence": 0.6393257975578308
    }
  ],
  "description": {
    "tags": [
      "person",
      "indoor"
    ],
    "captions": [
      {
        "text": "Billy Corgan smiling for the camera",
        "confidence": 0.46220794320106506
      }
    ]
  },
  "faces": [
    {
      "age": 19,
      "gender": "Male",
      "faceRectangle": {
        "left": 617,
        "top": 118,
        "width": 543,
        "height": 543
      }
    }
  ],
  "objects": [
    {
      "rectangle": {
        "x": 256,
        "y": 8,
        "w": 851,
        "h": 709
      },
      "object": "person",
      "confidence": 0.744
    }
  ],
  "brands": [],
  "requestId": "a726d931-46eb-49fc-a412-00154ecab927",
  "metadata": {
    "width": 1280,
    "height": 720,
    "format": "Png"
  },
  "modelVersion": "2021-05-01"
}