{
  "categories": [
    {
      "name": "others_",
      "score": 0.00390625
    },
    {
      "name": "trans_car",
      "score": 0.86328125
    }
  ],
  "adult": {
    "isAdultContent": false,
    "isRacyContent": false,
    "isGoryContent": false,
    "adultScore": 0.0009404290467500687,
    "racyScore": 0.00186226237565279,
    "goreScore": 0.00031349260825663805
  },
  "color": {
    "dominantColorForeground": "Black",
    "dominantColorBackground": "Black",
    "dominantColors": [
      "Black",
      "White",
      "Grey"
    ],
    "accentColor": "0350C8",
    "isBWImg": false
  },
  "imageType": {
    "clipArtType": 1,
    "lineDrawingType": 0
  },
  "tags": [
    {
      "name": "vehicle",
      "confidence": 0.9957796335220337
    },
    {
      "name": "land vehicle",
      "confidence": 0.9904000163078308
    },
    {
      "name": "sky",
      "confidence": 0.9893022775650024
    },
    {
      "name": "outdoor",
      "confidence": 0.9693489074707031
    },
    {
      "name": "wheel",
      "confidence": 0.9490616917610168
    },
    {
      "name": "road",
      "confidence": 0.924364447593689
    },
    {
      "name": "grille",
      "confidence": 0.8990141153335571
    },
    {
      "name": "bumper",
      "confidence": 0.8948753476142883
    },
    {
      "name": "automotive exterior",
      "confidence": 0.8883615732192993
    },
    {
      "name": "muscle car",
      "confidence": 0.8674618005752563
    },
    {
      "name": "auto part",
      "confidence": 0.8608496189117432
    },
    {
      "name": "classic car",
      "confidence": 0.8547035455703735
    },
    {
      "name": "car",
      "confidence": 0.6964017152786255
    }
  ],
  "description": {
    "tags": [
      "text",
      "sky",
      "road",
      "outdoor",
      "way",
      "street",
      "highway",
      "car"
    ],
    "captions": [
      {
        "text": "a car driving on a road",
        "confidence": 0.5521595478057861
      }
    ]
  },
  "faces": [],
  "objects": [
    {
      "rectangle": {
        "x": 307,
        "y": 520,
        "w": 61,
        "h": 80
      },
      "object": "Tire",
      "confidence": 0.5,
      "parent": {
        "object": "Wheel",
        "confidence": 0.511
      }
    },
    {
      "rectangle": {
        "x": 639,
        "y": 526,
        "w": 80,
        "h": 63
      },
      "object": "Tire",
      "confidence": 0.636,
      "parent": {
        "object": "Wheel",
        "confidence": 0.644
      }
    },
    {
      "rectangle": {
        "x": 283,
        "y": 295,
        "w": 507,
        "h": 312
      },
      "object": "car",
      "confidence": 0.866,
      "parent": {
        "object": "Land vehicle",
        "confidence": 0.898,
        "parent": {
          "object": "Vehicle",
          "confidence": 0.898
        }
      }
    }
  ],
  "brands": [],
  "requestId": "1f2ea92b-eb83-44b4-8b4a-5c3c8628fea3",
  "metadata": {
    "width": 1280,
    "height": 720,
    "format": "Png"
  },
  "modelVersion": "2021-05-01"
}