{
  "categories": [
    {
      "name": "others_",
      "score": 0.06640625
    }
  ],
  "adult": {
    "isAdultContent": false,
    "isRacyContent": false,
    "isGoryContent": false,
    "adultScore": 0.00700822239741683,
    "racyScore": 0.03678353875875473,
    "goreScore": 0.0010215118527412415
  },
  "color": {
    "dominantColorForeground": "Green",
    "dominantColorBackground": "Black",
    "dominantColors": [
      "Black",
      "Green",
      "Grey"
    ],
    "accentColor": "4D9A31",
    "isBWImg": false
  },
  "imageType": {
    "clipArtType": 0,
    "lineDrawingType": 0
  },
  "tags": [
    {
      "name": "indoor",
      "confidence": 0.9537803530693054
    },
    {
      "name": "wall",
      "confidence": 0.8631603717803955
    },
    {
      "name": "floor",
      "confidence": 0.6464053392410278
    },
    {
      "name": "art",
      "confidence": 0.4801309406757355
    },
    {
      "name": "design",
      "confidence": 0.4072569012641907
    }
  ],
  "description": {
    "tags": [
      "indoor",
      "green"
    ],
    "captions": [
      {
        "text": "a green plastic ball",
        "confidence": 0.3077439069747925
      }
    ]
  },
  "faces": [],
  "objects": [],
  "brands": [],
  "requestId": "5e5d5963-b952-4edd-9a8d-bad20e660972",
  "metadata": {
    "width": 1280,
    "height": 720,
    "format": "Png"
  },
  "modelVersion": "2021-05-01"
}