{
  "categories": [
    {
      "name": "outdoor_road",
      "score": 0.99609375,
      "detail": {
        "landmarks": []
      }
    }
  ],
  "adult": {
    "isAdultContent": false,
    "isRacyContent": false,
    "isGoryContent": false,
    "adultScore": 0.002290903590619564,
    "racyScore": 0.0032985336147248745,
    "goreScore": 0.0008139602723531425
  },
  "color": {
    "dominantColorForeground": "Grey",
    "dominantColorBackground": "Grey",
    "dominantColors": [
      "Grey",
      "Black"
    ],
    "accentColor": "C3AF08",
    "isBWImg": false
  },
  "imageType": {
    "clipArtType": 1,
    "lineDrawingType": 0
  },
  "tags": [
    {
      "name": "outdoor",
      "confidence": 0.999030590057373
    },
    {
      "name": "vehicle",
      "confidence": 0.9934141635894775
    },
    {
      "name": "scene",
      "confidence": 0.9843536019325256
    },
    {
      "name": "way",
      "confidence": 0.9842050671577454
    },
    {
      "name": "asphalt",
      "confidence": 0.9821736812591553
    },
    {
      "name": "land vehicle",
      "confidence": 0.9765297770500183
    },
    {
      "name": "road surface",
      "confidence": 0.9702107906341553
    },
    {
      "name": "lane",
      "confidence": 0.9697552919387817
    },
    {
      "name": "road",
      "confidence": 0.9637749195098877
    },
    {
      "name": "tarmac",
      "confidence": 0.9636468887329102
    },
    {
      "name": "sky",
      "confidence": 0.9602523446083069
    },
    {
      "name": "thoroughfare",
      "confidence": 0.9383553266525269
    },
    {
      "name": "tar",
      "confidence": 0.9304385185241699
    },
    {
      "name": "freeway",
      "confidence": 0.9302045106887817
    },
    {
      "name": "street",
      "confidence": 0.923937201499939
    },
    {
      "name": "wheel",
      "confidence": 0.9186326265335083
    },
    {
      "name": "car",
      "confidence": 0.9105220437049866
    },
    {
      "name": "infrastructure",
      "confidence": 0.8984956741333008
    },
    {
      "name": "highway",
      "confidence": 0.7254093289375305
    },
    {
      "name": "roadway",
      "confidence": 0.6132829189300537
    }
  ],
  "description": {
    "tags": [
      "text",
      "outdoor",
      "road",
      "scene",
      "way",
      "highway"
    ],
    "captions": [
      {
        "text": "a car driving on a road",
        "confidence": 0.569332480430603
      }
    ]
  },
  "faces": [],
  "objects": [
    {
      "rectangle": {
        "x": 604,
        "y": 81,
        "w": 132,
        "h": 85
      },
      "object": "Land vehicle",
      "confidence": 0.528,
      "parent": {
        "object": "Vehicle",
        "confidence": 0.529
      }
    }
  ],
  "brands": [],
  "requestId": "a7d147a7-5f7e-46f7-a275-67c9ac7ba637",
  "metadata": {
    "width": 1280,
    "height": 720,
    "format": "Png"
  },
  "modelVersion": "2021-05-01"
}