{
  "categories": [
    {
      "name": "others_",
      "score": 0.08203125
    },
    {
      "name": "people_show",
      "score": 0.515625
    }
  ],
  "adult": {
    "isAdultContent": false,
    "isRacyContent": false,
    "isGoryContent": false,
    "adultScore": 0.48401615023612976,
    "racyScore": 0.6634736061096191,
    "goreScore": 0.003959249705076218
  },
  "color": {
    "dominantColorForeground": "White",
    "dominantColorBackground": "Black",
    "dominantColors": [
      "Brown",
      "Black",
      "White"
    ],
    "accentColor": "C18A0A",
    "isBWImg": false
  },
  "imageType": {
    "clipArtType": 0,
    "lineDrawingType": 0
  },
  "tags": [
    {
      "name": "person",
      "confidence": 0.986268937587738
    },
    {
      "name": "kiss",
      "confidence": 0.9600632190704346
    },
    {
      "name": "vehicle",
      "confidence": 0.9063829183578491
    },
    {
      "name": "human face",
      "confidence": 0.9023210406303406
    },
    {
      "name": "woman",
      "confidence": 0.6721630692481995
    },
    {
      "name": "mirror",
      "confidence": 0.5456415414810181
    },
    {
      "name": "car",
      "confidence": 0.5432937145233154
    }
  ],
  "description": {
    "tags": [
      "person",
      "fire",
      "nature",
      "indoor",
      "fireplace"
    ],
    "captions": [
      {
        "text": "a person holding a camera",
        "confidence": 0.4319775700569153
      }
    ]
  },
  "faces": [],
  "objects": [
    {
      "rectangle": {
        "x": 230,
        "y": 197,
        "w": 621,
        "h": 494
      },
      "object": "person",
      "confidence": 0.797
    }
  ],
  "brands": [],
  "requestId": "9f9b7d3f-c056-4686-9765-02e56a5c0f3e",
  "metadata": {
    "width": 1280,
    "height": 720,
    "format": "Png"
  },
  "modelVersion": "2021-05-01"
}