{
  "categories": [
    {
      "name": "people_show",
      "score": 0.328125
    }
  ],
  "adult": {
    "isAdultContent": false,
    "isRacyContent": false,
    "isGoryContent": false,
    "adultScore": 0.0406767837703228,
    "racyScore": 0.08210399746894836,
    "goreScore": 0.1440761834383011
  },
  "color": {
    "dominantColorForeground": "Black",
    "dominantColorBackground": "Black",
    "dominantColors": [
      "Black",
      "Brown"
    ],
    "accentColor": "C1780A",
    "isBWImg": false
  },
  "imageType": {
    "clipArtType": 0,
    "lineDrawingType": 0
  },
  "tags": [
    {
      "name": "dance",
      "confidence": 0.8811342716217041
    },
    {
      "name": "screenshot",
      "confidence": 0.8594229221343994
    },
    {
      "name": "person",
      "confidence": 0.664164662361145
    },
    {
      "name": "outdoor",
      "confidence": 0.6054498553276062
    },
    {
      "name": "night",
      "confidence": 0.49318546056747437
    }
  ],
  "description": {
    "tags": [
      "person",
      "indoor"
    ],
    "captions": [
      {
        "text": "a person wearing a garment",
        "confidence": 0.4889672100543976
      }
    ]
  },
  "faces": [],
  "objects": [],
  "brands": [],
  "requestId": "a205c309-2f87-46d6-a874-67a107582129",
  "metadata": {
    "width": 1280,
    "height": 720,
    "format": "Png"
  },
  "modelVersion": "2021-05-01"
}