{
  "categories": [
    {
      "name": "abstract_",
      "score": 0.00390625
    },
    {
      "name": "others_",
      "score": 0.015625
    },
    {
      "name": "outdoor_",
      "score": 0.01953125,
      "detail": {
        "landmarks": []
      }
    }
  ],
  "adult": {
    "isAdultContent": false,
    "isRacyContent": false,
    "isGoryContent": false,
    "adultScore": 0.18317945301532745,
    "racyScore": 0.32563716173171997,
    "goreScore": 0.018678197637200356
  },
  "color": {
    "dominantColorForeground": "Black",
    "dominantColorBackground": "Black",
    "dominantColors": [
      "Black"
    ],
    "accentColor": "0B0A1A",
    "isBWImg": false
  },
  "imageType": {
    "clipArtType": 0,
    "lineDrawingType": 0
  },
  "tags": [
    {
      "name": "human face",
      "confidence": 0.9131121635437012
    },
    {
      "name": "person",
      "confidence": 0.8595554232597351
    }
  ],
  "description": {
    "tags": [
      "text",
      "person",
      "dark"
    ],
    "captions": [
      {
        "text": "a couple of people in a pool",
        "confidence": 0.42043548822402954
      }
    ]
  },
  "faces": [],
  "objects": [
    {
      "rectangle": {
        "x": 435,
        "y": 332,
        "w": 476,
        "h": 371
      },
      "object": "person",
      "confidence": 0.609
    }
  ],
  "brands": [],
  "requestId": "c1b314ca-1941-418c-b4ad-87e0482ada89",
  "metadata": {
    "width": 1280,
    "height": 720,
    "format": "Png"
  },
  "modelVersion": "2021-05-01"
}