{
  "categories": [
    {
      "name": "others_",
      "score": 0.26953125
    }
  ],
  "adult": {
    "isAdultContent": false,
    "isRacyContent": false,
    "isGoryContent": false,
    "adultScore": 0.019907517358660698,
    "racyScore": 0.057756610214710236,
    "goreScore": 0.0028123350348323584
  },
  "color": {
    "dominantColorForeground": "White",
    "dominantColorBackground": "Black",
    "dominantColors": [
      "Black",
      "White"
    ],
    "accentColor": "948A37",
    "isBWImg": false
  },
  "imageType": {
    "clipArtType": 0,
    "lineDrawingType": 0
  },
  "tags": [
    {
      "name": "person",
      "confidence": 0.9713040590286255
    },
    {
      "name": "vehicle",
      "confidence": 0.9522333741188049
    },
    {
      "name": "mirror",
      "confidence": 0.9357277154922485
    },
    {
      "name": "car",
      "confidence": 0.9286453723907471
    },
    {
      "name": "land vehicle",
      "confidence": 0.9161781668663025
    },
    {
      "name": "driving",
      "confidence": 0.9158965349197388
    },
    {
      "name": "head restraint",
      "confidence": 0.8859610557556152
    },
    {
      "name": "car seat",
      "confidence": 0.8671945333480835
    },
    {
      "name": "car seat cover",
      "confidence": 0.8476541638374329
    },
    {
      "name": "automotive mirror",
      "confidence": 0.8417917490005493
    },
    {
      "name": "window",
      "confidence": 0.7303751707077026
    },
    {
      "name": "woman",
      "confidence": 0.7223832011222839
    },
    {
      "name": "indoor",
      "confidence": 0.6286804676055908
    },
    {
      "name": "girl",
      "confidence": 0.5852563381195068
    },
    {
      "name": "outdoor",
      "confidence": 0.5847943425178528
    }
  ],
  "description": {
    "tags": [
      "car",
      "person",
      "control panel"
    ],
    "captions": [
      {
        "text": "a person driving a car",
        "confidence": 0.6349155902862549
      }
    ]
  },
  "faces": [],
  "objects": [
    {
      "rectangle": {
        "x": 357,
        "y": 216,
        "w": 655,
        "h": 504
      },
      "object": "person",
      "confidence": 0.817
    }
  ],
  "brands": [],
  "requestId": "9abeb7ce-6572-4ec1-89a3-2455a5a1f112",
  "metadata": {
    "width": 1280,
    "height": 720,
    "format": "Png"
  },
  "modelVersion": "2021-05-01"
}