{
  "categories": [
    {
      "name": "sky_cloud",
      "score": 0.76171875
    }
  ],
  "adult": {
    "isAdultContent": false,
    "isRacyContent": false,
    "isGoryContent": false,
    "adultScore": 0.001768511370755732,
    "racyScore": 0.0043809497728943825,
    "goreScore": 0.00035061954986304045
  },
  "color": {
    "dominantColorForeground": "Blue",
    "dominantColorBackground": "Black",
    "dominantColors": [
      "Black",
      "Blue"
    ],
    "accentColor": "10A5BB",
    "isBWImg": false
  },
  "imageType": {
    "clipArtType": 0,
    "lineDrawingType": 0
  },
  "tags": [
    {
      "name": "cloud",
      "confidence": 0.9314153790473938
    },
    {
      "name": "space",
      "confidence": 0.8752691745758057
    },
    {
      "name": "earth",
      "confidence": 0.8590938448905945
    },
    {
      "name": "nature",
      "confidence": 0.8522626161575317
    },
    {
      "name": "sky",
      "confidence": 0.561019778251648
    }
  ],
  "description": {
    "tags": [],
    "captions": [
      {
        "text": "a blue planet with clouds",
        "confidence": 0.2771467864513397
      }
    ]
  },
  "faces": [],
  "objects": [
    {
      "rectangle": {
        "x": 410,
        "y": 93,
        "w": 429,
        "h": 439
      },
      "object": "jellyfish",
      "confidence": 0.536,
      "parent": {
        "object": "Marine invertebrates",
        "confidence": 0.566,
        "parent": {
          "object": "Invertebrate",
          "confidence": 0.571,
          "parent": {
            "object": "animal",
            "confidence": 0.699
          }
        }
      }
    }
  ],
  "brands": [],
  "requestId": "687b3e5c-a89f-4c28-ad08-6d9dff7b52c6",
  "metadata": {
    "width": 1280,
    "height": 720,
    "format": "Png"
  },
  "modelVersion": "2021-05-01"
}