{
  "categories": [
    {
      "name": "outdoor_road",
      "score": 0.99609375,
      "detail": {
        "landmarks": []
      }
    }
  ],
  "adult": {
    "isAdultContent": false,
    "isRacyContent": false,
    "isGoryContent": false,
    "adultScore": 0.0020946187432855368,
    "racyScore": 0.003273299429565668,
    "goreScore": 0.0013304693857207894
  },
  "color": {
    "dominantColorForeground": "Blue",
    "dominantColorBackground": "Black",
    "dominantColors": [
      "Black",
      "Blue",
      "White"
    ],
    "accentColor": "023BC9",
    "isBWImg": false
  },
  "imageType": {
    "clipArtType": 1,
    "lineDrawingType": 0
  },
  "tags": [
    {
      "name": "outdoor",
      "confidence": 0.9944121837615967
    },
    {
      "name": "sky",
      "confidence": 0.9838165640830994
    },
    {
      "name": "street light",
      "confidence": 0.9827362298965454
    },
    {
      "name": "road",
      "confidence": 0.9790942072868347
    },
    {
      "name": "lamp",
      "confidence": 0.9324177503585815
    },
    {
      "name": "street",
      "confidence": 0.917802631855011
    },
    {
      "name": "infrastructure",
      "confidence": 0.8902878165245056
    },
    {
      "name": "highway",
      "confidence": 0.8750526905059814
    },
    {
      "name": "light",
      "confidence": 0.6891977190971375
    }
  ],
  "description": {
    "tags": [
      "text",
      "way",
      "outdoor",
      "road",
      "scene",
      "highway"
    ],
    "captions": [
      {
        "text": "a road with a car on it",
        "confidence": 0.36663195490837097
      }
    ]
  },
  "faces": [],
  "objects": [],
  "brands": [],
  "requestId": "11fb2821-5071-4095-9225-070d363b19aa",
  "metadata": {
    "width": 1280,
    "height": 720,
    "format": "Png"
  },
  "modelVersion": "2021-05-01"
}