{
  "categories": [
    {
      "name": "abstract_",
      "score": 0.00390625
    },
    {
      "name": "dark_fire",
      "score": 0.57421875
    },
    {
      "name": "others_",
      "score": 0.00390625
    }
  ],
  "adult": {
    "isAdultContent": false,
    "isRacyContent": false,
    "isGoryContent": false,
    "adultScore": 0.006769536528736353,
    "racyScore": 0.008025233633816242,
    "goreScore": 0.002321072854101658
  },
  "color": {
    "dominantColorForeground": "Orange",
    "dominantColorBackground": "Black",
    "dominantColors": [
      "Black",
      "Orange",
      "Brown"
    ],
    "accentColor": "110500",
    "isBWImg": false
  },
  "imageType": {
    "clipArtType": 1,
    "lineDrawingType": 0
  },
  "tags": [
    {
      "name": "lantern",
      "confidence": 0.9462254047393799
    },
    {
      "name": "pumpkin",
      "confidence": 0.8738645911216736
    },
    {
      "name": "amber",
      "confidence": 0.8550044298171997
    },
    {
      "name": "light",
      "confidence": 0.718018114566803
    },
    {
      "name": "night",
      "confidence": 0.5780829191207886
    },
    {
      "name": "halloween",
      "confidence": 0.5130325555801392
    },
    {
      "name": "vegetable",
      "confidence": 0.5000264644622803
    }
  ],
  "description": {
    "tags": [
      "lamp"
    ],
    "captions": [
      {
        "text": "a close-up of a sea animal",
        "confidence": 0.44920748472213745
      }
    ]
  },
  "faces": [],
  "objects": [
    {
      "rectangle": {
        "x": 325,
        "y": 0,
        "w": 719,
        "h": 710
      },
      "object": "Food",
      "confidence": 0.546
    }
  ],
  "brands": [],
  "requestId": "637606cc-804d-4c5a-a5ff-e66e0b76aec1",
  "metadata": {
    "width": 1280,
    "height": 720,
    "format": "Png"
  },
  "modelVersion": "2021-05-01"
}