{
  "categories": [
    {
      "name": "others_",
      "score": 0.0078125
    },
    {
      "name": "outdoor_",
      "score": 0.02734375,
      "detail": {
        "landmarks": []
      }
    },
    {
      "name": "outdoor_road",
      "score": 0.40234375,
      "detail": {
        "landmarks": []
      }
    }
  ],
  "adult": {
    "isAdultContent": false,
    "isRacyContent": false,
    "isGoryContent": false,
    "adultScore": 0.002332963515073061,
    "racyScore": 0.004851821810007095,
    "goreScore": 0.0004469307023100555
  },
  "color": {
    "dominantColorForeground": "White",
    "dominantColorBackground": "Black",
    "dominantColors": [
      "Black",
      "White"
    ],
    "accentColor": "6F2A1F",
    "isBWImg": false
  },
  "imageType": {
    "clipArtType": 0,
    "lineDrawingType": 0
  },
  "tags": [
    {
      "name": "sky",
      "confidence": 0.9968978762626648
    },
    {
      "name": "land vehicle",
      "confidence": 0.9941619038581848
    },
    {
      "name": "vehicle",
      "confidence": 0.9931775331497192
    },
    {
      "name": "outdoor",
      "confidence": 0.9906405210494995
    },
    {
      "name": "car",
      "confidence": 0.9738145470619202
    },
    {
      "name": "road",
      "confidence": 0.9173017740249634
    },
    {
      "name": "automotive lighting",
      "confidence": 0.8825762271881104
    },
    {
      "name": "automotive design",
      "confidence": 0.8702602982521057
    },
    {
      "name": "automotive tail & brake light",
      "confidence": 0.8451941609382629
    },
    {
      "name": "sunset",
      "confidence": 0.797381579875946
    },
    {
      "name": "lamp",
      "confidence": 0.6876924633979797
    },
    {
      "name": "night",
      "confidence": 0.6113502383232117
    },
    {
      "name": "light",
      "confidence": 0.591341495513916
    },
    {
      "name": "street",
      "confidence": 0.547078549861908
    }
  ],
  "description": {
    "tags": [
      "text",
      "sky",
      "outdoor",
      "way",
      "scene",
      "traffic",
      "light",
      "road",
      "sunset",
      "street",
      "highway",
      "stopped"
    ],
    "captions": [
      {
        "text": "a car driving on a road",
        "confidence": 0.48443377017974854
      }
    ]
  },
  "faces": [],
  "objects": [
    {
      "rectangle": {
        "x": 705,
        "y": 233,
        "w": 122,
        "h": 303
      },
      "object": "Street light",
      "confidence": 0.677
    },
    {
      "rectangle": {
        "x": 273,
        "y": 452,
        "w": 428,
        "h": 227
      },
      "object": "car",
      "confidence": 0.853,
      "parent": {
        "object": "Land vehicle",
        "confidence": 0.855,
        "parent": {
          "object": "Vehicle",
          "confidence": 0.855
        }
      }
    }
  ],
  "brands": [],
  "requestId": "71ff68a7-6f4f-4073-8fb5-d5d088f28ff8",
  "metadata": {
    "width": 1280,
    "height": 720,
    "format": "Png"
  },
  "modelVersion": "2021-05-01"
}