{
  "categories": [
    {
      "name": "outdoor_",
      "score": 0.00390625,
      "detail": {
        "landmarks": []
      }
    },
    {
      "name": "outdoor_stonerock",
      "score": 0.2734375,
      "detail": {
        "landmarks": []
      }
    }
  ],
  "adult": {
    "isAdultContent": false,
    "isRacyContent": false,
    "isGoryContent": false,
    "adultScore": 0.024023227393627167,
    "racyScore": 0.06691478192806244,
    "goreScore": 0.005983325187116861
  },
  "color": {
    "dominantColorForeground": "Black",
    "dominantColorBackground": "Black",
    "dominantColors": [
      "Black",
      "Brown",
      "Blue"
    ],
    "accentColor": "B36F18",
    "isBWImg": false
  },
  "imageType": {
    "clipArtType": 0,
    "lineDrawingType": 0
  },
  "tags": [
    {
      "name": "outdoor",
      "confidence": 0.9847127199172974
    },
    {
      "name": "sky",
      "confidence": 0.9699476957321167
    },
    {
      "name": "bicycle",
      "confidence": 0.9608452320098877
    },
    {
      "name": "ground",
      "confidence": 0.9568509459495544
    },
    {
      "name": "footwear",
      "confidence": 0.9540822505950928
    },
    {
      "name": "hiking",
      "confidence": 0.8698413968086243
    },
    {
      "name": "person",
      "confidence": 0.8429465293884277
    },
    {
      "name": "desert",
      "confidence": 0.444680392742157
    }
  ],
  "description": {
    "tags": [
      "text",
      "outdoor",
      "person"
    ],
    "captions": [
      {
        "text": "a person's legs and boots",
        "confidence": 0.34951356053352356
      }
    ]
  },
  "faces": [],
  "objects": [
    {
      "rectangle": {
        "x": 862,
        "y": 101,
        "w": 45,
        "h": 106
      },
      "object": "person",
      "confidence": 0.558
    },
    {
      "rectangle": {
        "x": 987,
        "y": 88,
        "w": 71,
        "h": 131
      },
      "object": "person",
      "confidence": 0.633
    }
  ],
  "brands": [],
  "requestId": "3f7002a4-cfa4-44be-94ce-bbcb4d52eae1",
  "metadata": {
    "width": 1280,
    "height": 720,
    "format": "Png"
  },
  "modelVersion": "2021-05-01"
}