{
  "categories": [
    {
      "name": "abstract_",
      "score": 0.03125
    },
    {
      "name": "abstract_shape",
      "score": 0.125
    },
    {
      "name": "others_",
      "score": 0.00390625
    }
  ],
  "adult": {
    "isAdultContent": false,
    "isRacyContent": false,
    "isGoryContent": false,
    "adultScore": 0.007791572250425816,
    "racyScore": 0.026791922748088837,
    "goreScore": 0.0015539438463747501
  },
  "color": {
    "dominantColorForeground": "Red",
    "dominantColorBackground": "Black",
    "dominantColors": [
      "Black",
      "Red"
    ],
    "accentColor": "850C00",
    "isBWImg": false
  },
  "imageType": {
    "clipArtType": 1,
    "lineDrawingType": 0
  },
  "tags": [
    {
      "name": "curtain",
      "confidence": 0.9218525886535645
    },
    {
      "name": "orange",
      "confidence": 0.9207507371902466
    },
    {
      "name": "maroon",
      "confidence": 0.8874804973602295
    },
    {
      "name": "red",
      "confidence": 0.8388185501098633
    },
    {
      "name": "abstract",
      "confidence": 0.7364506125450134
    },
    {
      "name": "light",
      "confidence": 0.5417038798332214
    },
    {
      "name": "art",
      "confidence": 0.40086865425109863
    }
  ],
  "description": {
    "tags": [],
    "captions": [
      {
        "text": "a red and black background",
        "confidence": 0.445793479681015
      }
    ]
  },
  "faces": [],
  "objects": [],
  "brands": [],
  "requestId": "6ec7d605-bc13-4a8c-bdd2-afb67beba57b",
  "metadata": {
    "width": 1280,
    "height": 720,
    "format": "Png"
  },
  "modelVersion": "2021-05-01"
}