{
  "categories": [
    {
      "name": "people_",
      "score": 0.7421875,
      "detail": {
        "celebrities": []
      }
    }
  ],
  "adult": {
    "isAdultContent": false,
    "isRacyContent": false,
    "isGoryContent": false,
    "adultScore": 0.0015026428736746311,
    "racyScore": 0.002020592801272869,
    "goreScore": 0.0002946357417386025
  },
  "color": {
    "dominantColorForeground": "Black",
    "dominantColorBackground": "Black",
    "dominantColors": [
      "Black"
    ],
    "accentColor": "AB3B20",
    "isBWImg": false
  },
  "imageType": {
    "clipArtType": 0,
    "lineDrawingType": 0
  },
  "tags": [
    {
      "name": "clothing",
      "confidence": 0.9867280721664429
    },
    {
      "name": "person",
      "confidence": 0.9643852710723877
    },
    {
      "name": "shop",
      "confidence": 0.9385307431221008
    },
    {
      "name": "indoor",
      "confidence": 0.9371421337127686
    },
    {
      "name": "soft drink",
      "confidence": 0.9187753200531006
    },
    {
      "name": "retail",
      "confidence": 0.9167159795761108
    },
    {
      "name": "convenience store",
      "confidence": 0.8880935311317444
    },
    {
      "name": "bottle",
      "confidence": 0.8466440439224243
    },
    {
      "name": "standing",
      "confidence": 0.8087999820709229
    },
    {
      "name": "shelf",
      "confidence": 0.7938969135284424
    },
    {
      "name": "store",
      "confidence": 0.6866254806518555
    },
    {
      "name": "woman",
      "confidence": 0.6416710615158081
    }
  ],
  "description": {
    "tags": [
      "text",
      "indoor",
      "store"
    ],
    "captions": [
      {
        "text": "a person talking on a cell phone",
        "confidence": 0.4736859202384949
      }
    ]
  },
  "faces": [
    {
      "age": 23,
      "gender": "Male",
      "faceRectangle": {
        "left": 627,
        "top": 168,
        "width": 74,
        "height": 74
      }
    }
  ],
  "objects": [
    {
      "rectangle": {
        "x": 476,
        "y": 95,
        "w": 292,
        "h": 622
      },
      "object": "person",
      "confidence": 0.793
    }
  ],
  "brands": [],
  "requestId": "ca624f30-74b6-4ce7-a240-287b259c654b",
  "metadata": {
    "width": 1280,
    "height": 720,
    "format": "Png"
  },
  "modelVersion": "2021-05-01"
}