{
  "categories": [
    {
      "name": "abstract_",
      "score": 0.00390625
    },
    {
      "name": "others_",
      "score": 0.0078125
    },
    {
      "name": "outdoor_",
      "score": 0.0078125,
      "detail": {
        "landmarks": []
      }
    }
  ],
  "adult": {
    "isAdultContent": false,
    "isRacyContent": false,
    "isGoryContent": false,
    "adultScore": 0.005599398631602526,
    "racyScore": 0.016409751027822495,
    "goreScore": 0.001198324142023921
  },
  "color": {
    "dominantColorForeground": "White",
    "dominantColorBackground": "Black",
    "dominantColors": [
      "Black",
      "White"
    ],
    "accentColor": "0437C7",
    "isBWImg": false
  },
  "imageType": {
    "clipArtType": 0,
    "lineDrawingType": 0
  },
  "tags": [
    {
      "name": "outdoor",
      "confidence": 0.9900104999542236
    },
    {
      "name": "grass",
      "confidence": 0.9816191792488098
    },
    {
      "name": "sky",
      "confidence": 0.97348552942276
    },
    {
      "name": "hiking",
      "confidence": 0.9275394678115845
    },
    {
      "name": "person",
      "confidence": 0.9055020809173584
    },
    {
      "name": "screenshot",
      "confidence": 0.8681619763374329
    },
    {
      "name": "footwear",
      "confidence": 0.861910343170166
    },
    {
      "name": "sun",
      "confidence": 0.7387498617172241
    },
    {
      "name": "field",
      "confidence": 0.5707772970199585
    }
  ],
  "description": {
    "tags": [
      "person",
      "image"
    ],
    "captions": [
      {
        "text": "a group of people running on a dirt road",
        "confidence": 0.3772622346878052
      }
    ]
  },
  "faces": [],
  "objects": [
    {
      "rectangle": {
        "x": 166,
        "y": 7,
        "w": 470,
        "h": 426
      },
      "object": "person",
      "confidence": 0.655
    }
  ],
  "brands": [],
  "requestId": "38ae559b-f483-43a6-bf0c-af400f5bfdf2",
  "metadata": {
    "width": 1280,
    "height": 720,
    "format": "Png"
  },
  "modelVersion": "2021-05-01"
}