{
  "categories": [
    {
      "name": "sky_cloud",
      "score": 0.26953125
    }
  ],
  "adult": {
    "isAdultContent": false,
    "isRacyContent": false,
    "isGoryContent": false,
    "adultScore": 0.003936825320124626,
    "racyScore": 0.008820283226668835,
    "goreScore": 0.0025835817214101553
  },
  "color": {
    "dominantColorForeground": "Black",
    "dominantColorBackground": "Black",
    "dominantColors": [
      "Black"
    ],
    "accentColor": "0E4ABD",
    "isBWImg": false
  },
  "imageType": {
    "clipArtType": 1,
    "lineDrawingType": 0
  },
  "tags": [
    {
      "name": "sky",
      "confidence": 0.988239586353302
    },
    {
      "name": "outdoor",
      "confidence": 0.9861578345298767
    },
    {
      "name": "hiking",
      "confidence": 0.9603400826454163
    },
    {
      "name": "backlighting",
      "confidence": 0.9019940495491028
    },
    {
      "name": "person",
      "confidence": 0.8587689399719238
    },
    {
      "name": "sunlight",
      "confidence": 0.8480700254440308
    },
    {
      "name": "mountain",
      "confidence": 0.7628581523895264
    },
    {
      "name": "sun",
      "confidence": 0.6863356828689575
    },
    {
      "name": "nature",
      "confidence": 0.6392807960510254
    },
    {
      "name": "standing",
      "confidence": 0.575523316860199
    },
    {
      "name": "sunset",
      "confidence": 0.41629648208618164
    }
  ],
  "description": {
    "tags": [
      "outdoor",
      "person",
      "dark",
      "night sky"
    ],
    "captions": [
      {
        "text": "a person holding a camera",
        "confidence": 0.2560564875602722
      }
    ]
  },
  "faces": [],
  "objects": [
    {
      "rectangle": {
        "x": 929,
        "y": 10,
        "w": 200,
        "h": 438
      },
      "object": "person",
      "confidence": 0.602
    }
  ],
  "brands": [],
  "requestId": "636dbb8e-86d4-43f6-816a-1dd9086f9bac",
  "metadata": {
    "width": 1280,
    "height": 720,
    "format": "Png"
  },
  "modelVersion": "2021-05-01"
}