{
  "categories": [
    {
      "name": "others_",
      "score": 0.00390625
    },
    {
      "name": "people_group",
      "score": 0.40234375,
      "detail": {
        "celebrities": []
      }
    }
  ],
  "adult": {
    "isAdultContent": false,
    "isRacyContent": false,
    "isGoryContent": false,
    "adultScore": 0.007579594384878874,
    "racyScore": 0.011650212109088898,
    "goreScore": 0.0007153532933443785
  },
  "color": {
    "dominantColorForeground": "Black",
    "dominantColorBackground": "Black",
    "dominantColors": [
      "Black"
    ],
    "accentColor": "B48217",
    "isBWImg": false
  },
  "imageType": {
    "clipArtType": 1,
    "lineDrawingType": 0
  },
  "tags": [
    {
      "name": "clothing",
      "confidence": 0.9965615272521973
    },
    {
      "name": "man",
      "confidence": 0.9922463893890381
    },
    {
      "name": "person",
      "confidence": 0.9796899557113647
    },
    {
      "name": "security",
      "confidence": 0.8747752904891968
    },
    {
      "name": "officer",
      "confidence": 0.795810341835022
    },
    {
      "name": "standing",
      "confidence": 0.7516192197799683
    },
    {
      "name": "police",
      "confidence": 0.7121191024780273
    },
    {
      "name": "gas pump",
      "confidence": 0.6139664053916931
    }
  ],
  "description": {
    "tags": [
      "text",
      "person",
      "standing"
    ],
    "captions": [
      {
        "text": "two men in uniform",
        "confidence": 0.39688652753829956
      }
    ]
  },
  "faces": [
    {
      "age": 38,
      "gender": "Male",
      "faceRectangle": {
        "left": 821,
        "top": 252,
        "width": 101,
        "height": 101
      }
    },
    {
      "age": 40,
      "gender": "Male",
      "faceRectangle": {
        "left": 475,
        "top": 194,
        "width": 66,
        "height": 66
      }
    }
  ],
  "objects": [
    {
      "rectangle": {
        "x": 416,
        "y": 157,
        "w": 275,
        "h": 555
      },
      "object": "person",
      "confidence": 0.771
    },
    {
      "rectangle": {
        "x": 634,
        "y": 192,
        "w": 397,
        "h": 517
      },
      "object": "person",
      "confidence": 0.832
    }
  ],
  "brands": [],
  "requestId": "f12610a3-700b-44b7-b9c8-cd22c9fdccd9",
  "metadata": {
    "width": 1280,
    "height": 720,
    "format": "Png"
  },
  "modelVersion": "2021-05-01"
}