{
  "categories": [],
  "adult": {
    "isAdultContent": false,
    "isRacyContent": false,
    "isGoryContent": false,
    "adultScore": 0.012584161944687366,
    "racyScore": 0.06475353986024857,
    "goreScore": 0.005308204796165228
  },
  "color": {
    "dominantColorForeground": "Black",
    "dominantColorBackground": "Black",
    "dominantColors": [
      "Black"
    ],
    "accentColor": "443D8E",
    "isBWImg": false
  },
  "imageType": {
    "clipArtType": 0,
    "lineDrawingType": 0
  },
  "tags": [
    {
      "name": "person",
      "confidence": 0.9918668270111084
    },
    {
      "name": "clothing",
      "confidence": 0.9917118549346924
    },
    {
      "name": "human face",
      "confidence": 0.9847421050071716
    },
    {
      "name": "girl",
      "confidence": 0.9151972532272339
    },
    {
      "name": "woman",
      "confidence": 0.9048112630844116
    },
    {
      "name": "mammal",
      "confidence": 0.866978108882904
    },
    {
      "name": "snapshot",
      "confidence": 0.84332275390625
    },
    {
      "name": "people",
      "confidence": 0.8259834051132202
    },
    {
      "name": "indoor",
      "confidence": 0.5264359712600708
    }
  ],
  "description": {
    "tags": [
      "person",
      "indoor",
      "crowd"
    ],
    "captions": [
      {
        "text": "a group of people",
        "confidence": 0.436582088470459
      }
    ]
  },
  "faces": [
    {
      "age": 20,
      "gender": "Female",
      "faceRectangle": {
        "left": 623,
        "top": 68,
        "width": 50,
        "height": 50
      }
    }
  ],
  "objects": [
    {
      "rectangle": {
        "x": 304,
        "y": 56,
        "w": 319,
        "h": 651
      },
      "object": "person",
      "confidence": 0.826
    },
    {
      "rectangle": {
        "x": 531,
        "y": 34,
        "w": 324,
        "h": 681
      },
      "object": "person",
      "confidence": 0.832
    },
    {
      "rectangle": {
        "x": 783,
        "y": 49,
        "w": 334,
        "h": 656
      },
      "object": "person",
      "confidence": 0.763
    }
  ],
  "brands": [],
  "requestId": "ec358ba1-cb16-4e81-a604-ec312151b0f1",
  "metadata": {
    "width": 1280,
    "height": 720,
    "format": "Png"
  },
  "modelVersion": "2021-05-01"
}