{
  "categories": [
    {
      "name": "abstract_",
      "score": 0.00390625
    },
    {
      "name": "others_",
      "score": 0.05859375
    },
    {
      "name": "people_",
      "score": 0.3203125
    }
  ],
  "adult": {
    "isAdultContent": false,
    "isRacyContent": false,
    "isGoryContent": false,
    "adultScore": 0.016065770760178566,
    "racyScore": 0.01741192862391472,
    "goreScore": 0.0010341850575059652
  },
  "color": {
    "dominantColorForeground": "Black",
    "dominantColorBackground": "Black",
    "dominantColors": [
      "Black"
    ],
    "accentColor": "1B44B0",
    "isBWImg": false
  },
  "imageType": {
    "clipArtType": 0,
    "lineDrawingType": 0
  },
  "tags": [
    {
      "name": "door",
      "confidence": 0.9072694182395935
    },
    {
      "name": "indoor",
      "confidence": 0.8875807523727417
    },
    {
      "name": "stairs",
      "confidence": 0.8864943385124207
    },
    {
      "name": "wall",
      "confidence": 0.844495415687561
    },
    {
      "name": "ceiling",
      "confidence": 0.7151097655296326
    },
    {
      "name": "floor",
      "confidence": 0.5865604281425476
    },
    {
      "name": "light",
      "confidence": 0.5167664289474487
    },
    {
      "name": "night",
      "confidence": 0.43940892815589905
    }
  ],
  "description": {
    "tags": [
      "indoor",
      "door"
    ],
    "captions": [
      {
        "text": "a group of people standing in a doorway of a building",
        "confidence": 0.43053001165390015
      }
    ]
  },
  "faces": [],
  "objects": [
    {
      "rectangle": {
        "x": 490,
        "y": 267,
        "w": 92,
        "h": 275
      },
      "object": "person",
      "confidence": 0.554
    },
    {
      "rectangle": {
        "x": 646,
        "y": 7,
        "w": 496,
        "h": 685
      },
      "object": "Land vehicle",
      "confidence": 0.766,
      "parent": {
        "object": "Vehicle",
        "confidence": 0.767
      }
    }
  ],
  "brands": [],
  "requestId": "00eb9a4d-a241-4676-a3eb-6cad3330a5b0",
  "metadata": {
    "width": 1280,
    "height": 720,
    "format": "Png"
  },
  "modelVersion": "2021-05-01"
}