{
  "categories": [
    {
      "name": "people_young",
      "score": 0.375,
      "detail": {
        "celebrities": [
          {
            "name": "Billy Corgan",
            "confidence": 0.9598844647407532,
            "faceRectangle": {
              "left": 91,
              "top": 214,
              "width": 371,
              "height": 371
            }
          }
        ]
      }
    }
  ],
  "adult": {
    "isAdultContent": false,
    "isRacyContent": false,
    "isGoryContent": false,
    "adultScore": 0.007613615598529577,
    "racyScore": 0.008113891817629337,
    "goreScore": 0.001111919293180108
  },
  "color": {
    "dominantColorForeground": "Black",
    "dominantColorBackground": "Black",
    "dominantColors": [
      "Black",
      "Brown"
    ],
    "accentColor": "C6B305",
    "isBWImg": false
  },
  "imageType": {
    "clipArtType": 0,
    "lineDrawingType": 0
  },
  "tags": [
    {
      "name": "human face",
      "confidence": 0.9985760450363159
    },
    {
      "name": "person",
      "confidence": 0.9955977201461792
    },
    {
      "name": "smile",
      "confidence": 0.9350191950798035
    },
    {
      "name": "chin",
      "confidence": 0.9329609870910645
    },
    {
      "name": "cheek",
      "confidence": 0.9226024150848389
    },
    {
      "name": "forehead",
      "confidence": 0.9218964576721191
    },
    {
      "name": "eyebrow",
      "confidence": 0.9187698364257812
    },
    {
      "name": "lip",
      "confidence": 0.9148015975952148
    },
    {
      "name": "jaw",
      "confidence": 0.9046159982681274
    },
    {
      "name": "black",
      "confidence": 0.8996536135673523
    },
    {
      "name": "darkness",
      "confidence": 0.8958863019943237
    },
    {
      "name": "human",
      "confidence": 0.8754539489746094
    },
    {
      "name": "boy",
      "confidence": 0.8656269907951355
    },
    {
      "name": "portrait",
      "confidence": 0.850196361541748
    },
    {
      "name": "clothing",
      "confidence": 0.8455751538276672
    },
    {
      "name": "dark",
      "confidence": 0.5994298458099365
    }
  ],
  "description": {
    "tags": [
      "person",
      "indoor",
      "dark"
    ],
    "captions": [
      {
        "text": "Billy Corgan looking at the camera",
        "confidence": 0.44026026129722595
      }
    ]
  },
  "faces": [
    {
      "age": 22,
      "gender": "Male",
      "faceRectangle": {
        "left": 92,
        "top": 215,
        "width": 372,
        "height": 372
      }
    }
  ],
  "objects": [
    {
      "rectangle": {
        "x": 131,
        "y": 64,
        "w": 556,
        "h": 614
      },
      "object": "person",
      "confidence": 0.757
    }
  ],
  "brands": [],
  "requestId": "7ab4d65d-9879-4533-be70-efa88140dc0c",
  "metadata": {
    "width": 1280,
    "height": 720,
    "format": "Png"
  },
  "modelVersion": "2021-05-01"
}