{
  "categories": [
    {
      "name": "others_",
      "score": 0.00390625
    },
    {
      "name": "text_",
      "score": 0.37890625
    }
  ],
  "adult": {
    "isAdultContent": false,
    "isRacyContent": false,
    "isGoryContent": false,
    "adultScore": 0.007352933287620544,
    "racyScore": 0.00906161405146122,
    "goreScore": 0.000613735115621239
  },
  "color": {
    "dominantColorForeground": "Black",
    "dominantColorBackground": "Black",
    "dominantColors": [
      "Black",
      "White"
    ],
    "accentColor": "1B46B0",
    "isBWImg": false
  },
  "imageType": {
    "clipArtType": 0,
    "lineDrawingType": 0
  },
  "tags": [
    {
      "name": "clothing",
      "confidence": 0.9986016750335693
    },
    {
      "name": "person",
      "confidence": 0.9771077632904053
    },
    {
      "name": "jeans",
      "confidence": 0.9448409080505371
    },
    {
      "name": "footwear",
      "confidence": 0.9429662227630615
    },
    {
      "name": "snapshot",
      "confidence": 0.8405171632766724
    },
    {
      "name": "indoor",
      "confidence": 0.7803484797477722
    },
    {
      "name": "standing",
      "confidence": 0.7723947763442993
    },
    {
      "name": "street",
      "confidence": 0.4667204022407532
    }
  ],
  "description": {
    "tags": [
      "indoor",
      "standing",
      "person",
      "dressed"
    ],
    "captions": [
      {
        "text": "a man and a woman walking down a hallway",
        "confidence": 0.43738630414009094
      }
    ]
  },
  "faces": [],
  "objects": [
    {
      "rectangle": {
        "x": 395,
        "y": 70,
        "w": 155,
        "h": 606
      },
      "object": "person",
      "confidence": 0.706
    },
    {
      "rectangle": {
        "x": 535,
        "y": 164,
        "w": 114,
        "h": 439
      },
      "object": "person",
      "confidence": 0.75
    }
  ],
  "brands": [],
  "requestId": "cebc35a9-991a-4cbc-a290-2b7f26de66ec",
  "metadata": {
    "width": 1280,
    "height": 720,
    "format": "Png"
  },
  "modelVersion": "2021-05-01"
}