{
  "categories": [
    {
      "name": "abstract_",
      "score": 0.00390625
    },
    {
      "name": "others_",
      "score": 0.0859375
    },
    {
      "name": "people_",
      "score": 0.359375
    }
  ],
  "adult": {
    "isAdultContent": false,
    "isRacyContent": false,
    "isGoryContent": false,
    "adultScore": 0.01940133608877659,
    "racyScore": 0.02414911985397339,
    "goreScore": 0.0011450183810666203
  },
  "color": {
    "dominantColorForeground": "Black",
    "dominantColorBackground": "Black",
    "dominantColors": [
      "Black",
      "Blue"
    ],
    "accentColor": "1A45B1",
    "isBWImg": false
  },
  "imageType": {
    "clipArtType": 0,
    "lineDrawingType": 0
  },
  "tags": [
    {
      "name": "door",
      "confidence": 0.9388793706893921
    },
    {
      "name": "indoor",
      "confidence": 0.8743747472763062
    },
    {
      "name": "stairs",
      "confidence": 0.8468929529190063
    },
    {
      "name": "wall",
      "confidence": 0.8302686810493469
    },
    {
      "name": "building",
      "confidence": 0.7756996154785156
    },
    {
      "name": "ceiling",
      "confidence": 0.592566967010498
    },
    {
      "name": "night",
      "confidence": 0.590185821056366
    },
    {
      "name": "light",
      "confidence": 0.510060727596283
    }
  ],
  "description": {
    "tags": [
      "indoor",
      "door"
    ],
    "captions": [
      {
        "text": "a person standing in a garage",
        "confidence": 0.4274733364582062
      }
    ]
  },
  "faces": [],
  "objects": [
    {
      "rectangle": {
        "x": 285,
        "y": 298,
        "w": 97,
        "h": 248
      },
      "object": "person",
      "confidence": 0.732
    },
    {
      "rectangle": {
        "x": 653,
        "y": 9,
        "w": 490,
        "h": 684
      },
      "object": "Land vehicle",
      "confidence": 0.712,
      "parent": {
        "object": "Vehicle",
        "confidence": 0.713
      }
    }
  ],
  "brands": [],
  "requestId": "433c2bd0-41a9-4c4f-a737-df14b61e67af",
  "metadata": {
    "width": 1280,
    "height": 720,
    "format": "Png"
  },
  "modelVersion": "2021-05-01"
}