{
  "categories": [
    {
      "name": "others_",
      "score": 0.1953125
    }
  ],
  "adult": {
    "isAdultContent": false,
    "isRacyContent": false,
    "isGoryContent": false,
    "adultScore": 0.005527061875909567,
    "racyScore": 0.030763207003474236,
    "goreScore": 0.0009548885864205658
  },
  "color": {
    "dominantColorForeground": "White",
    "dominantColorBackground": "Black",
    "dominantColors": [
      "Black",
      "White"
    ],
    "accentColor": "8E7C3D",
    "isBWImg": false
  },
  "imageType": {
    "clipArtType": 0,
    "lineDrawingType": 0
  },
  "tags": [
    {
      "name": "mirror",
      "confidence": 0.9770024418830872
    },
    {
      "name": "car",
      "confidence": 0.9720461964607239
    },
    {
      "name": "land vehicle",
      "confidence": 0.9615681171417236
    },
    {
      "name": "person",
      "confidence": 0.9609190821647644
    },
    {
      "name": "driving",
      "confidence": 0.9213777780532837
    },
    {
      "name": "windshield",
      "confidence": 0.9211717844009399
    },
    {
      "name": "steering wheel",
      "confidence": 0.899511992931366
    },
    {
      "name": "automotive mirror",
      "confidence": 0.8951602578163147
    },
    {
      "name": "rear-view mirror",
      "confidence": 0.8863685131072998
    },
    {
      "name": "center console",
      "confidence": 0.8786357641220093
    },
    {
      "name": "car seat",
      "confidence": 0.8786318302154541
    },
    {
      "name": "motor vehicle",
      "confidence": 0.8715179562568665
    },
    {
      "name": "vehicle door",
      "confidence": 0.869571328163147
    },
    {
      "name": "car seat cover",
      "confidence": 0.8566082715988159
    },
    {
      "name": "auto part",
      "confidence": 0.8526272773742676
    },
    {
      "name": "head restraint",
      "confidence": 0.8494526147842407
    },
    {
      "name": "outdoor",
      "confidence": 0.8449952006340027
    },
    {
      "name": "vehicle",
      "confidence": 0.6370469331741333
    }
  ],
  "description": {
    "tags": [
      "person",
      "control panel",
      "car"
    ],
    "captions": [
      {
        "text": "a person driving a car",
        "confidence": 0.6013728380203247
      }
    ]
  },
  "faces": [],
  "objects": [],
  "brands": [],
  "requestId": "c2eecd2c-849a-4559-91e9-04cb81855edb",
  "metadata": {
    "width": 1280,
    "height": 720,
    "format": "Png"
  },
  "modelVersion": "2021-05-01"
}