{
  "categories": [
    {
      "name": "others_",
      "score": 0.0078125
    },
    {
      "name": "outdoor_",
      "score": 0.00390625,
      "detail": {
        "landmarks": []
      }
    },
    {
      "name": "people_",
      "score": 0.30859375
    }
  ],
  "adult": {
    "isAdultContent": false,
    "isRacyContent": false,
    "isGoryContent": false,
    "adultScore": 0.013176975771784782,
    "racyScore": 0.015887223184108734,
    "goreScore": 0.0014674430713057518
  },
  "color": {
    "dominantColorForeground": "White",
    "dominantColorBackground": "Black",
    "dominantColors": [
      "Black"
    ],
    "accentColor": "836C24",
    "isBWImg": false
  },
  "imageType": {
    "clipArtType": 0,
    "lineDrawingType": 0
  },
  "tags": [
    {
      "name": "person",
      "confidence": 0.9862874746322632
    },
    {
      "name": "clothing",
      "confidence": 0.9813238382339478
    },
    {
      "name": "human face",
      "confidence": 0.9739716649055481
    },
    {
      "name": "indoor",
      "confidence": 0.7721693515777588
    },
    {
      "name": "shop",
      "confidence": 0.7401069402694702
    },
    {
      "name": "young",
      "confidence": 0.7098092436790466
    },
    {
      "name": "boy",
      "confidence": 0.6931637525558472
    }
  ],
  "description": {
    "tags": [
      "text",
      "person",
      "indoor"
    ],
    "captions": [
      {
        "text": "a person in a store",
        "confidence": 0.3980881869792938
      }
    ]
  },
  "faces": [],
  "objects": [
    {
      "rectangle": {
        "x": 168,
        "y": 137,
        "w": 762,
        "h": 576
      },
      "object": "person",
      "confidence": 0.816
    }
  ],
  "brands": [],
  "requestId": "55886faf-194e-4ddf-b572-59eb3f28482e",
  "metadata": {
    "width": 1280,
    "height": 720,
    "format": "Png"
  },
  "modelVersion": "2021-05-01"
}