{
  "categories": [
    {
      "name": "abstract_",
      "score": 0.00390625
    },
    {
      "name": "others_",
      "score": 0.0390625
    },
    {
      "name": "outdoor_",
      "score": 0.00390625,
      "detail": {
        "landmarks": []
      }
    }
  ],
  "adult": {
    "isAdultContent": false,
    "isRacyContent": false,
    "isGoryContent": false,
    "adultScore": 0.017014095559716225,
    "racyScore": 0.03874979168176651,
    "goreScore": 0.0025062523782253265
  },
  "color": {
    "dominantColorForeground": "White",
    "dominantColorBackground": "Black",
    "dominantColors": [
      "Black",
      "White"
    ],
    "accentColor": "0343C8",
    "isBWImg": false
  },
  "imageType": {
    "clipArtType": 0,
    "lineDrawingType": 0
  },
  "tags": [
    {
      "name": "water",
      "confidence": 0.9421898722648621
    },
    {
      "name": "screenshot",
      "confidence": 0.9089847803115845
    },
    {
      "name": "lake",
      "confidence": 0.8957114219665527
    },
    {
      "name": "backlighting",
      "confidence": 0.8440272808074951
    },
    {
      "name": "outdoor",
      "confidence": 0.84064781665802
    },
    {
      "name": "reflection",
      "confidence": 0.5391501188278198
    },
    {
      "name": "sun",
      "confidence": 0.5268868207931519
    }
  ],
  "description": {
    "tags": [
      "spring"
    ],
    "captions": [
      {
        "text": "a person looking out a window",
        "confidence": 0.35049447417259216
      }
    ]
  },
  "faces": [],
  "objects": [],
  "brands": [],
  "requestId": "60d36bb6-94fa-4ce5-8eea-ac7c135f52ac",
  "metadata": {
    "width": 1280,
    "height": 720,
    "format": "Png"
  },
  "modelVersion": "2021-05-01"
}