{
  "categories": [
    {
      "name": "people_crowd",
      "score": 0.95703125
    }
  ],
  "adult": {
    "isAdultContent": false,
    "isRacyContent": false,
    "isGoryContent": false,
    "adultScore": 0.0418122299015522,
    "racyScore": 0.07836362719535828,
    "goreScore": 0.15807822346687317
  },
  "color": {
    "dominantColorForeground": "Black",
    "dominantColorBackground": "Black",
    "dominantColors": [
      "Black"
    ],
    "accentColor": "A52630",
    "isBWImg": false
  },
  "imageType": {
    "clipArtType": 0,
    "lineDrawingType": 0
  },
  "tags": [
    {
      "name": "concert",
      "confidence": 0.9628356695175171
    },
    {
      "name": "clothing",
      "confidence": 0.9473234415054321
    },
    {
      "name": "person",
      "confidence": 0.9181526899337769
    },
    {
      "name": "human face",
      "confidence": 0.8893640041351318
    },
    {
      "name": "musical instrument",
      "confidence": 0.8679438829421997
    },
    {
      "name": "guitar",
      "confidence": 0.8556467294692993
    },
    {
      "name": "entertainment",
      "confidence": 0.8403432369232178
    },
    {
      "name": "indoor",
      "confidence": 0.795516848564148
    },
    {
      "name": "music",
      "confidence": 0.7088589072227478
    }
  ],
  "description": {
    "tags": [
      "person",
      "indoor",
      "dark",
      "crowd"
    ],
    "captions": [
      {
        "text": "a group of people playing instruments",
        "confidence": 0.5685769319534302
      }
    ]
  },
  "faces": [],
  "objects": [
    {
      "rectangle": {
        "x": 371,
        "y": 98,
        "w": 158,
        "h": 240
      },
      "object": "person",
      "confidence": 0.561
    },
    {
      "rectangle": {
        "x": 547,
        "y": 45,
        "w": 131,
        "h": 327
      },
      "object": "person",
      "confidence": 0.651
    },
    {
      "rectangle": {
        "x": 653,
        "y": 119,
        "w": 203,
        "h": 318
      },
      "object": "person",
      "confidence": 0.55
    },
    {
      "rectangle": {
        "x": 847,
        "y": 261,
        "w": 249,
        "h": 358
      },
      "object": "person",
      "confidence": 0.581
    }
  ],
  "brands": [],
  "requestId": "a2376d4b-1db5-41df-b948-18dde1575a34",
  "metadata": {
    "width": 1280,
    "height": 720,
    "format": "Png"
  },
  "modelVersion": "2021-05-01"
}