{
  "categories": [
    {
      "name": "others_",
      "score": 0.01171875
    }
  ],
  "adult": {
    "isAdultContent": false,
    "isRacyContent": false,
    "isGoryContent": false,
    "adultScore": 0.013329565525054932,
    "racyScore": 0.01870814710855484,
    "goreScore": 0.0010673438664525747
  },
  "color": {
    "dominantColorForeground": "White",
    "dominantColorBackground": "Black",
    "dominantColors": [
      "Black"
    ],
    "accentColor": "473A91",
    "isBWImg": false
  },
  "imageType": {
    "clipArtType": 0,
    "lineDrawingType": 0
  },
  "tags": [
    {
      "name": "human face",
      "confidence": 0.9919984340667725
    },
    {
      "name": "person",
      "confidence": 0.9865999817848206
    },
    {
      "name": "clothing",
      "confidence": 0.9526424407958984
    },
    {
      "name": "man",
      "confidence": 0.918709933757782
    },
    {
      "name": "screenshot",
      "confidence": 0.8667014241218567
    },
    {
      "name": "indoor",
      "confidence": 0.8383901119232178
    },
    {
      "name": "ceiling",
      "confidence": 0.6550049185752869
    },
    {
      "name": "purple",
      "confidence": 0.5610916018486023
    }
  ],
  "description": {
    "tags": [
      "text",
      "person",
      "indoor",
      "ceiling"
    ],
    "captions": [
      {
        "text": "Scott Haran taking a selfie",
        "confidence": 0.524083137512207
      }
    ]
  },
  "faces": [
    {
      "age": 12,
      "gender": "Male",
      "faceRectangle": {
        "left": 356,
        "top": 265,
        "width": 317,
        "height": 317
      }
    }
  ],
  "objects": [
    {
      "rectangle": {
        "x": 792,
        "y": 353,
        "w": 100,
        "h": 250
      },
      "object": "person",
      "confidence": 0.57
    },
    {
      "rectangle": {
        "x": 277,
        "y": 87,
        "w": 625,
        "h": 632
      },
      "object": "person",
      "confidence": 0.741
    }
  ],
  "brands": [],
  "requestId": "1f433e40-806f-4e84-84d3-73d8ebe7296c",
  "metadata": {
    "width": 1280,
    "height": 720,
    "format": "Png"
  },
  "modelVersion": "2021-05-01"
}