{
  "categories": [
    {
      "name": "people_portrait",
      "score": 0.5,
      "detail": {
        "celebrities": [
          {
            "name": "Billy Corgan",
            "confidence": 0.8331974744796753,
            "faceRectangle": {
              "left": 554,
              "top": 89,
              "width": 446,
              "height": 446
            }
          }
        ]
      }
    }
  ],
  "adult": {
    "isAdultContent": false,
    "isRacyContent": false,
    "isGoryContent": false,
    "adultScore": 0.005956287961453199,
    "racyScore": 0.010277073830366135,
    "goreScore": 0.0017842103261500597
  },
  "color": {
    "dominantColorForeground": "Black",
    "dominantColorBackground": "Black",
    "dominantColors": [
      "Black",
      "Brown"
    ],
    "accentColor": "C4BC07",
    "isBWImg": false
  },
  "imageType": {
    "clipArtType": 0,
    "lineDrawingType": 0
  },
  "tags": [
    {
      "name": "human face",
      "confidence": 0.9918928146362305
    },
    {
      "name": "person",
      "confidence": 0.9846633076667786
    },
    {
      "name": "candle",
      "confidence": 0.9345031976699829
    },
    {
      "name": "cheek",
      "confidence": 0.9013471603393555
    },
    {
      "name": "darkness",
      "confidence": 0.8981469869613647
    },
    {
      "name": "boy",
      "confidence": 0.8885564804077148
    },
    {
      "name": "forehead",
      "confidence": 0.8790972232818604
    },
    {
      "name": "black",
      "confidence": 0.8774731755256653
    },
    {
      "name": "lip",
      "confidence": 0.8659882545471191
    },
    {
      "name": "chin",
      "confidence": 0.8617269992828369
    },
    {
      "name": "jaw",
      "confidence": 0.8500648140907288
    },
    {
      "name": "human",
      "confidence": 0.8416206240653992
    },
    {
      "name": "light",
      "confidence": 0.5116100907325745
    },
    {
      "name": "portrait",
      "confidence": 0.4964829087257385
    }
  ],
  "description": {
    "tags": [
      "person",
      "indoor",
      "dark"
    ],
    "captions": [
      {
        "text": "Billy Corgan with the eyes closed",
        "confidence": 0.444746732711792
      }
    ]
  },
  "faces": [
    {
      "age": 22,
      "gender": "Male",
      "faceRectangle": {
        "left": 555,
        "top": 90,
        "width": 447,
        "height": 447
      }
    }
  ],
  "objects": [
    {
      "rectangle": {
        "x": 194,
        "y": 0,
        "w": 829,
        "h": 695
      },
      "object": "person",
      "confidence": 0.771
    }
  ],
  "brands": [],
  "requestId": "c1cae643-b2e0-4d3c-a202-65c30b629cd3",
  "metadata": {
    "width": 1280,
    "height": 720,
    "format": "Png"
  },
  "modelVersion": "2021-05-01"
}