{
  "categories": [
    {
      "name": "others_",
      "score": 0.0078125
    },
    {
      "name": "people_many",
      "score": 0.71484375
    }
  ],
  "adult": {
    "isAdultContent": false,
    "isRacyContent": false,
    "isGoryContent": false,
    "adultScore": 0.02585817314684391,
    "racyScore": 0.03176445513963699,
    "goreScore": 0.010406636632978916
  },
  "color": {
    "dominantColorForeground": "Black",
    "dominantColorBackground": "Black",
    "dominantColors": [
      "Black"
    ],
    "accentColor": "693A2C",
    "isBWImg": false
  },
  "imageType": {
    "clipArtType": 0,
    "lineDrawingType": 0
  },
  "tags": [
    {
      "name": "clothing",
      "confidence": 0.996745228767395
    },
    {
      "name": "person",
      "confidence": 0.9915077090263367
    },
    {
      "name": "vehicle",
      "confidence": 0.9526022672653198
    },
    {
      "name": "man",
      "confidence": 0.9365359544754028
    },
    {
      "name": "street",
      "confidence": 0.9341391324996948
    },
    {
      "name": "human face",
      "confidence": 0.9207354784011841
    },
    {
      "name": "car",
      "confidence": 0.9189956188201904
    },
    {
      "name": "land vehicle",
      "confidence": 0.9023315906524658
    },
    {
      "name": "outdoor",
      "confidence": 0.718958854675293
    },
    {
      "name": "woman",
      "confidence": 0.69670170545578
    },
    {
      "name": "people",
      "confidence": 0.6483068466186523
    }
  ],
  "description": {
    "tags": [
      "text",
      "person",
      "indoor"
    ],
    "captions": [
      {
        "text": "a man holding a baby",
        "confidence": 0.3703400790691376
      }
    ]
  },
  "faces": [],
  "objects": [
    {
      "rectangle": {
        "x": 625,
        "y": 55,
        "w": 129,
        "h": 239
      },
      "object": "person",
      "confidence": 0.545
    },
    {
      "rectangle": {
        "x": 223,
        "y": 141,
        "w": 478,
        "h": 565
      },
      "object": "person",
      "confidence": 0.838
    },
    {
      "rectangle": {
        "x": 527,
        "y": 303,
        "w": 591,
        "h": 415
      },
      "object": "car",
      "confidence": 0.543,
      "parent": {
        "object": "Land vehicle",
        "confidence": 0.549,
        "parent": {
          "object": "Vehicle",
          "confidence": 0.55
        }
      }
    }
  ],
  "brands": [],
  "requestId": "f6d8ad4e-6c73-4dc9-b060-a43c1e8c9017",
  "metadata": {
    "width": 1280,
    "height": 720,
    "format": "Png"
  },
  "modelVersion": "2021-05-01"
}