{
  "categories": [
    {
      "name": "people_show",
      "score": 0.6328125
    }
  ],
  "adult": {
    "isAdultContent": false,
    "isRacyContent": false,
    "isGoryContent": false,
    "adultScore": 0.023794909939169884,
    "racyScore": 0.03729376941919327,
    "goreScore": 0.03606954962015152
  },
  "color": {
    "dominantColorForeground": "Black",
    "dominantColorBackground": "Black",
    "dominantColors": [
      "Black"
    ],
    "accentColor": "AF451C",
    "isBWImg": false
  },
  "imageType": {
    "clipArtType": 0,
    "lineDrawingType": 0
  },
  "tags": [
    {
      "name": "music",
      "confidence": 0.9887561798095703
    },
    {
      "name": "musical instrument",
      "confidence": 0.9881236553192139
    },
    {
      "name": "drum",
      "confidence": 0.9841841459274292
    },
    {
      "name": "concert",
      "confidence": 0.9754539728164673
    },
    {
      "name": "percussion",
      "confidence": 0.9237509369850159
    },
    {
      "name": "musician",
      "confidence": 0.9132935404777527
    },
    {
      "name": "membranophone",
      "confidence": 0.8970043659210205
    },
    {
      "name": "person",
      "confidence": 0.8836076855659485
    },
    {
      "name": "clothing",
      "confidence": 0.8833267688751221
    },
    {
      "name": "performance",
      "confidence": 0.8813894987106323
    },
    {
      "name": "entertainment",
      "confidence": 0.8754585981369019
    },
    {
      "name": "drumhead",
      "confidence": 0.8745554089546204
    },
    {
      "name": "drummer",
      "confidence": 0.842591404914856
    },
    {
      "name": "percussionist",
      "confidence": 0.8409966826438904
    },
    {
      "name": "band",
      "confidence": 0.6680702567100525
    }
  ],
  "description": {
    "tags": [
      "person",
      "indoor"
    ],
    "captions": [
      {
        "text": "a group of people in a room",
        "confidence": 0.41686195135116577
      }
    ]
  },
  "faces": [],
  "objects": [
    {
      "rectangle": {
        "x": 329,
        "y": 447,
        "w": 363,
        "h": 256
      },
      "object": "steel drum",
      "confidence": 0.592,
      "parent": {
        "object": "drum",
        "confidence": 0.642,
        "parent": {
          "object": "Musical instrument",
          "confidence": 0.649
        }
      }
    },
    {
      "rectangle": {
        "x": 640,
        "y": 618,
        "w": 248,
        "h": 102
      },
      "object": "steel drum",
      "confidence": 0.696,
      "parent": {
        "object": "drum",
        "confidence": 0.768,
        "parent": {
          "object": "Musical instrument",
          "confidence": 0.777
        }
      }
    },
    {
      "rectangle": {
        "x": 866,
        "y": 575,
        "w": 239,
        "h": 145
      },
      "object": "drum",
      "confidence": 0.549,
      "parent": {
        "object": "Musical instrument",
        "confidence": 0.565
      }
    },
    {
      "rectangle": {
        "x": 222,
        "y": 74,
        "w": 355,
        "h": 609
      },
      "object": "person",
      "confidence": 0.549
    },
    {
      "rectangle": {
        "x": 604,
        "y": 36,
        "w": 339,
        "h": 641
      },
      "object": "person",
      "confidence": 0.767
    }
  ],
  "brands": [],
  "requestId": "86297269-87f6-487f-a95e-d09c4cf61cc2",
  "metadata": {
    "width": 1280,
    "height": 720,
    "format": "Png"
  },
  "modelVersion": "2021-05-01"
}