{
  "categories": [
    {
      "name": "abstract_",
      "score": 0.00390625
    },
    {
      "name": "dark_light",
      "score": 0.34375
    },
    {
      "name": "others_",
      "score": 0.00390625
    }
  ],
  "adult": {
    "isAdultContent": false,
    "isRacyContent": false,
    "isGoryContent": false,
    "adultScore": 0.0065633878111839294,
    "racyScore": 0.02012806385755539,
    "goreScore": 0.0200024526566267
  },
  "color": {
    "dominantColorForeground": "Red",
    "dominantColorBackground": "Black",
    "dominantColors": [
      "Black",
      "Red"
    ],
    "accentColor": "CC0018",
    "isBWImg": false
  },
  "imageType": {
    "clipArtType": 1,
    "lineDrawingType": 0
  },
  "tags": [
    {
      "name": "darkness",
      "confidence": 0.9130131006240845
    },
    {
      "name": "blurry",
      "confidence": 0.8950863480567932
    },
    {
      "name": "magenta",
      "confidence": 0.8732155561447144
    },
    {
      "name": "music",
      "confidence": 0.7001098394393921
    },
    {
      "name": "red",
      "confidence": 0.6711118221282959
    }
  ],
  "description": {
    "tags": [
      "dark",
      "blurry"
    ],
    "captions": [
      {
        "text": "a blurry image of a person",
        "confidence": 0.44817161560058594
      }
    ]
  },
  "faces": [],
  "objects": [],
  "brands": [],
  "requestId": "b3c7fae3-7362-4eab-b5eb-82b5aa6535e1",
  "metadata": {
    "width": 1280,
    "height": 720,
    "format": "Png"
  },
  "modelVersion": "2021-05-01"
}