{
  "categories": [
    {
      "name": "abstract_",
      "score": 0.00390625
    },
    {
      "name": "others_",
      "score": 0.0078125
    },
    {
      "name": "outdoor_",
      "score": 0.0078125,
      "detail": {
        "landmarks": []
      }
    }
  ],
  "adult": {
    "isAdultContent": false,
    "isRacyContent": false,
    "isGoryContent": false,
    "adultScore": 0.010822301730513573,
    "racyScore": 0.011991746723651886,
    "goreScore": 0.0029337024316191673
  },
  "color": {
    "dominantColorForeground": "White",
    "dominantColorBackground": "Black",
    "dominantColors": [
      "Black",
      "Brown",
      "White"
    ],
    "accentColor": "1365B8",
    "isBWImg": false
  },
  "imageType": {
    "clipArtType": 0,
    "lineDrawingType": 0
  },
  "tags": [
    {
      "name": "sky",
      "confidence": 0.9634732007980347
    },
    {
      "name": "sun",
      "confidence": 0.925841212272644
    },
    {
      "name": "screenshot",
      "confidence": 0.9111191630363464
    },
    {
      "name": "backlighting",
      "confidence": 0.8920714855194092
    },
    {
      "name": "sunlight",
      "confidence": 0.8699772357940674
    },
    {
      "name": "outdoor",
      "confidence": 0.8388490676879883
    },
    {
      "name": "flare",
      "confidence": 0.6056670546531677
    }
  ],
  "description": {
    "tags": [
      "text"
    ],
    "captions": [
      {
        "text": "a person holding a sword",
        "confidence": 0.26491209864616394
      }
    ]
  },
  "faces": [],
  "objects": [],
  "brands": [],
  "requestId": "c6cbf922-5aa8-45c0-bc99-cf26dfe75065",
  "metadata": {
    "width": 1280,
    "height": 720,
    "format": "Png"
  },
  "modelVersion": "2021-05-01"
}