{
  "categories": [
    {
      "name": "abstract_",
      "score": 0.00390625
    },
    {
      "name": "others_",
      "score": 0.06640625
    },
    {
      "name": "outdoor_",
      "score": 0.03125,
      "detail": {
        "landmarks": []
      }
    }
  ],
  "adult": {
    "isAdultContent": false,
    "isRacyContent": false,
    "isGoryContent": false,
    "adultScore": 0.11055105179548264,
    "racyScore": 0.11981340497732162,
    "goreScore": 0.004343719687312841
  },
  "color": {
    "dominantColorForeground": "Red",
    "dominantColorBackground": "Red",
    "dominantColors": [
      "Red",
      "Black"
    ],
    "accentColor": "C90218",
    "isBWImg": false
  },
  "imageType": {
    "clipArtType": 1,
    "lineDrawingType": 0
  },
  "tags": [
    {
      "name": "person",
      "confidence": 0.8895502090454102
    },
    {
      "name": "red",
      "confidence": 0.791330873966217
    },
    {
      "name": "bowling",
      "confidence": 0.708857536315918
    },
    {
      "name": "indoor",
      "confidence": 0.6676620841026306
    }
  ],
  "description": {
    "tags": [
      "text",
      "indoor",
      "red"
    ],
    "captions": [
      {
        "text": "a person taking a selfie in a mirror",
        "confidence": 0.482163667678833
      }
    ]
  },
  "faces": [],
  "objects": [],
  "brands": [],
  "requestId": "c27b71e4-dfff-4286-b697-5c43a913fbda",
  "metadata": {
    "width": 1280,
    "height": 720,
    "format": "Png"
  },
  "modelVersion": "2021-05-01"
}