{
  "categories": [
    {
      "name": "others_",
      "score": 0.0078125
    },
    {
      "name": "people_portrait",
      "score": 0.390625,
      "detail": {
        "celebrities": [
          {
            "name": "Billy Corgan",
            "confidence": 0.9566633701324463,
            "faceRectangle": {
              "left": 643,
              "top": 113,
              "width": 473,
              "height": 473
            }
          }
        ]
      }
    }
  ],
  "adult": {
    "isAdultContent": false,
    "isRacyContent": false,
    "isGoryContent": false,
    "adultScore": 0.003432583063840866,
    "racyScore": 0.006545949261635542,
    "goreScore": 0.001968640834093094
  },
  "color": {
    "dominantColorForeground": "White",
    "dominantColorBackground": "Black",
    "dominantColors": [
      "Black"
    ],
    "accentColor": "A35328",
    "isBWImg": false
  },
  "imageType": {
    "clipArtType": 0,
    "lineDrawingType": 0
  },
  "tags": [
    {
      "name": "human face",
      "confidence": 0.9904797673225403
    },
    {
      "name": "person",
      "confidence": 0.9851267337799072
    },
    {
      "name": "lip",
      "confidence": 0.9342273473739624
    },
    {
      "name": "smile",
      "confidence": 0.9165835976600647
    },
    {
      "name": "tooth",
      "confidence": 0.8850873708724976
    },
    {
      "name": "jaw",
      "confidence": 0.8839815855026245
    },
    {
      "name": "screenshot",
      "confidence": 0.8689771890640259
    },
    {
      "name": "forehead",
      "confidence": 0.8601070046424866
    },
    {
      "name": "cheek",
      "confidence": 0.859453558921814
    },
    {
      "name": "eyebrow",
      "confidence": 0.8568137884140015
    },
    {
      "name": "chin",
      "confidence": 0.8490265607833862
    },
    {
      "name": "indoor",
      "confidence": 0.544031023979187
    }
  ],
  "description": {
    "tags": [
      "person"
    ],
    "captions": [
      {
        "text": "Billy Corgan with the mouth open",
        "confidence": 0.4478786289691925
      }
    ]
  },
  "faces": [
    {
      "age": 13,
      "gender": "Male",
      "faceRectangle": {
        "left": 644,
        "top": 114,
        "width": 474,
        "height": 474
      }
    }
  ],
  "objects": [
    {
      "rectangle": {
        "x": 487,
        "y": 2,
        "w": 641,
        "h": 702
      },
      "object": "person",
      "confidence": 0.822
    }
  ],
  "brands": [],
  "requestId": "cc4709e4-c6f1-442e-b840-020efab31ec3",
  "metadata": {
    "width": 1280,
    "height": 720,
    "format": "Png"
  },
  "modelVersion": "2021-05-01"
}