{
  "categories": [
    {
      "name": "others_",
      "score": 0.00390625
    }
  ],
  "adult": {
    "isAdultContent": false,
    "isRacyContent": false,
    "isGoryContent": false,
    "adultScore": 0.009664572775363922,
    "racyScore": 0.010792059823870659,
    "goreScore": 0.0008742312202230096
  },
  "color": {
    "dominantColorForeground": "Black",
    "dominantColorBackground": "Black",
    "dominantColors": [
      "Black",
      "White",
      "Pink"
    ],
    "accentColor": "020003",
    "isBWImg": false
  },
  "imageType": {
    "clipArtType": 1,
    "lineDrawingType": 0
  },
  "tags": [
    {
      "name": "person",
      "confidence": 0.9913575649261475
    },
    {
      "name": "human face",
      "confidence": 0.9860706329345703
    },
    {
      "name": "eyebrow",
      "confidence": 0.9529637098312378
    },
    {
      "name": "lip",
      "confidence": 0.9385856986045837
    },
    {
      "name": "jaw",
      "confidence": 0.934407651424408
    },
    {
      "name": "cheek",
      "confidence": 0.9207515120506287
    },
    {
      "name": "forehead",
      "confidence": 0.9199730157852173
    },
    {
      "name": "eyelash",
      "confidence": 0.9053362607955933
    },
    {
      "name": "skin",
      "confidence": 0.9001275897026062
    },
    {
      "name": "chin",
      "confidence": 0.8878103494644165
    },
    {
      "name": "tooth",
      "confidence": 0.8499829769134521
    },
    {
      "name": "boy",
      "confidence": 0.843578577041626
    },
    {
      "name": "portrait",
      "confidence": 0.841590404510498
    },
    {
      "name": "indoor",
      "confidence": 0.6512021422386169
    }
  ],
  "description": {
    "tags": [
      "person",
      "screen"
    ],
    "captions": [
      {
        "text": "a close up of a boy",
        "confidence": 0.5337061882019043
      }
    ]
  },
  "faces": [
    {
      "age": 22,
      "gender": "Male",
      "faceRectangle": {
        "left": 310,
        "top": 132,
        "width": 451,
        "height": 451
      }
    }
  ],
  "objects": [
    {
      "rectangle": {
        "x": 513,
        "y": 419,
        "w": 146,
        "h": 106
      },
      "object": "Lipstick",
      "confidence": 0.642,
      "parent": {
        "object": "Cosmetics",
        "confidence": 0.647
      }
    },
    {
      "rectangle": {
        "x": 158,
        "y": 1,
        "w": 876,
        "h": 703
      },
      "object": "person",
      "confidence": 0.757
    }
  ],
  "brands": [],
  "requestId": "261f5dbd-0fd3-463c-80d6-098358d52a2d",
  "metadata": {
    "width": 1280,
    "height": 720,
    "format": "Png"
  },
  "modelVersion": "2021-05-01"
}