{
  "categories": [
    {
      "name": "others_",
      "score": 0.0078125
    },
    {
      "name": "people_show",
      "score": 0.62890625,
      "detail": {
        "celebrities": []
      }
    }
  ],
  "adult": {
    "isAdultContent": false,
    "isRacyContent": false,
    "isGoryContent": false,
    "adultScore": 0.022837938740849495,
    "racyScore": 0.028193455189466476,
    "goreScore": 0.03569260239601135
  },
  "color": {
    "dominantColorForeground": "Black",
    "dominantColorBackground": "Black",
    "dominantColors": [
      "Black"
    ],
    "accentColor": "0C6BBF",
    "isBWImg": false
  },
  "imageType": {
    "clipArtType": 0,
    "lineDrawingType": 0
  },
  "tags": [
    {
      "name": "human face",
      "confidence": 0.9975802302360535
    },
    {
      "name": "person",
      "confidence": 0.9797964096069336
    },
    {
      "name": "clothing",
      "confidence": 0.9700657725334167
    },
    {
      "name": "man",
      "confidence": 0.9269855618476868
    },
    {
      "name": "woman",
      "confidence": 0.8544712662696838
    },
    {
      "name": "red",
      "confidence": 0.6285408139228821
    }
  ],
  "description": {
    "tags": [
      "person",
      "indoor",
      "spectacles"
    ],
    "captions": [
      {
        "text": "a girl holding a red object",
        "confidence": 0.36322614550590515
      }
    ]
  },
  "faces": [
    {
      "age": 9,
      "gender": "Female",
      "faceRectangle": {
        "left": 576,
        "top": 195,
        "width": 260,
        "height": 260
      }
    }
  ],
  "objects": [
    {
      "rectangle": {
        "x": 382,
        "y": 13,
        "w": 210,
        "h": 384
      },
      "object": "person",
      "confidence": 0.671
    },
    {
      "rectangle": {
        "x": 33,
        "y": 7,
        "w": 420,
        "h": 691
      },
      "object": "person",
      "confidence": 0.743
    },
    {
      "rectangle": {
        "x": 399,
        "y": 52,
        "w": 548,
        "h": 657
      },
      "object": "person",
      "confidence": 0.766
    }
  ],
  "brands": [],
  "requestId": "b65e5559-cadd-4af9-adb6-1f43ce805306",
  "metadata": {
    "width": 1280,
    "height": 720,
    "format": "Png"
  },
  "modelVersion": "2021-05-01"
}