{
  "categories": [
    {
      "name": "others_",
      "score": 0.00390625
    },
    {
      "name": "outdoor_",
      "score": 0.00390625,
      "detail": {
        "landmarks": []
      }
    },
    {
      "name": "people_crowd",
      "score": 0.26953125
    }
  ],
  "adult": {
    "isAdultContent": false,
    "isRacyContent": false,
    "isGoryContent": false,
    "adultScore": 0.0017981359269469976,
    "racyScore": 0.0020997177343815565,
    "goreScore": 0.0010091227013617754
  },
  "color": {
    "dominantColorForeground": "Black",
    "dominantColorBackground": "Black",
    "dominantColors": [
      "Black"
    ],
    "accentColor": "37386F",
    "isBWImg": false
  },
  "imageType": {
    "clipArtType": 0,
    "lineDrawingType": 0
  },
  "tags": [
    {
      "name": "clothing",
      "confidence": 0.9810225963592529
    },
    {
      "name": "man",
      "confidence": 0.9773069024085999
    },
    {
      "name": "person",
      "confidence": 0.9766416549682617
    },
    {
      "name": "snack",
      "confidence": 0.9523741006851196
    },
    {
      "name": "food",
      "confidence": 0.9367402791976929
    },
    {
      "name": "fast food",
      "confidence": 0.8901947736740112
    },
    {
      "name": "trade",
      "confidence": 0.8412303924560547
    },
    {
      "name": "shop",
      "confidence": 0.7916508316993713
    },
    {
      "name": "donut",
      "confidence": 0.7326120138168335
    },
    {
      "name": "doughnut",
      "confidence": 0.6779696345329285
    },
    {
      "name": "standing",
      "confidence": 0.6336123943328857
    },
    {
      "name": "indoor",
      "confidence": 0.6315722465515137
    }
  ],
  "description": {
    "tags": [
      "text",
      "indoor",
      "person"
    ],
    "captions": [
      {
        "text": "a couple of police officers standing next to a table of donuts",
        "confidence": 0.45853036642074585
      }
    ]
  },
  "faces": [],
  "objects": [
    {
      "rectangle": {
        "x": 729,
        "y": 195,
        "w": 234,
        "h": 434
      },
      "object": "person",
      "confidence": 0.77
    },
    {
      "rectangle": {
        "x": 324,
        "y": 86,
        "w": 539,
        "h": 579
      },
      "object": "person",
      "confidence": 0.861
    },
    {
      "rectangle": {
        "x": 153,
        "y": 472,
        "w": 524,
        "h": 246
      },
      "object": "Food",
      "confidence": 0.547
    }
  ],
  "brands": [],
  "requestId": "2989962c-64b9-4847-bcbf-fe6a73ec471e",
  "metadata": {
    "width": 1280,
    "height": 720,
    "format": "Png"
  },
  "modelVersion": "2021-05-01"
}