{
  "categories": [
    {
      "name": "abstract_",
      "score": 0.0078125
    },
    {
      "name": "others_",
      "score": 0.0078125
    }
  ],
  "adult": {
    "isAdultContent": false,
    "isRacyContent": false,
    "isGoryContent": false,
    "adultScore": 0.03226703032851219,
    "racyScore": 0.05299217253923416,
    "goreScore": 0.0022032023407518864
  },
  "color": {
    "dominantColorForeground": "Orange",
    "dominantColorBackground": "Black",
    "dominantColors": [
      "Orange",
      "Black"
    ],
    "accentColor": "CCCC00",
    "isBWImg": false
  },
  "imageType": {
    "clipArtType": 1,
    "lineDrawingType": 0
  },
  "tags": [
    {
      "name": "wall",
      "confidence": 0.8566501140594482
    },
    {
      "name": "floor",
      "confidence": 0.6504519581794739
    },
    {
      "name": "mirror",
      "confidence": 0.6341871619224548
    },
    {
      "name": "indoor",
      "confidence": 0.633131742477417
    },
    {
      "name": "light",
      "confidence": 0.5054676532745361
    },
    {
      "name": "art",
      "confidence": 0.41940051317214966
    }
  ],
  "description": {
    "tags": [
      "text",
      "indoor",
      "wall"
    ],
    "captions": [
      {
        "text": "a person standing in a doorway",
        "confidence": 0.3617762625217438
      }
    ]
  },
  "faces": [],
  "objects": [],
  "brands": [],
  "requestId": "4c96defe-91c6-409f-9c1f-aef35b50e35c",
  "metadata": {
    "width": 1280,
    "height": 720,
    "format": "Png"
  },
  "modelVersion": "2021-05-01"
}