{
  "categories": [
    {
      "name": "others_",
      "score": 0.11328125
    },
    {
      "name": "people_show",
      "score": 0.41015625
    }
  ],
  "adult": {
    "isAdultContent": false,
    "isRacyContent": false,
    "isGoryContent": false,
    "adultScore": 0.010098513215780258,
    "racyScore": 0.02263801358640194,
    "goreScore": 0.0013046200620010495
  },
  "color": {
    "dominantColorForeground": "White",
    "dominantColorBackground": "Black",
    "dominantColors": [
      "Black"
    ],
    "accentColor": "85682E",
    "isBWImg": false
  },
  "imageType": {
    "clipArtType": 0,
    "lineDrawingType": 0
  },
  "tags": [
    {
      "name": "person",
      "confidence": 0.986804723739624
    },
    {
      "name": "human face",
      "confidence": 0.9586958885192871
    },
    {
      "name": "clothing",
      "confidence": 0.9230859279632568
    },
    {
      "name": "indoor",
      "confidence": 0.9051437377929688
    },
    {
      "name": "soft drink",
      "confidence": 0.9039173126220703
    },
    {
      "name": "vending machine",
      "confidence": 0.871850848197937
    },
    {
      "name": "slot machine",
      "confidence": 0.7541571855545044
    },
    {
      "name": "young",
      "confidence": 0.729948103427887
    },
    {
      "name": "boy",
      "confidence": 0.5551593899726868
    }
  ],
  "description": {
    "tags": [
      "person",
      "indoor"
    ],
    "captions": [
      {
        "text": "a man with his eyes closed",
        "confidence": 0.4546882212162018
      }
    ]
  },
  "faces": [],
  "objects": [
    {
      "rectangle": {
        "x": 298,
        "y": 101,
        "w": 617,
        "h": 616
      },
      "object": "person",
      "confidence": 0.831
    }
  ],
  "brands": [],
  "requestId": "9786b3a8-02fa-420d-9316-eef8b8c2b388",
  "metadata": {
    "width": 1280,
    "height": 720,
    "format": "Png"
  },
  "modelVersion": "2021-05-01"
}