{
  "categories": [
    {
      "name": "people_",
      "score": 0.40234375,
      "detail": {
        "celebrities": []
      }
    }
  ],
  "adult": {
    "isAdultContent": false,
    "isRacyContent": false,
    "isGoryContent": false,
    "adultScore": 0.002511796774342656,
    "racyScore": 0.0036003058776259422,
    "goreScore": 0.00047280994476750493
  },
  "color": {
    "dominantColorForeground": "Black",
    "dominantColorBackground": "Black",
    "dominantColors": [
      "Black"
    ],
    "accentColor": "AA3B21",
    "isBWImg": false
  },
  "imageType": {
    "clipArtType": 0,
    "lineDrawingType": 0
  },
  "tags": [
    {
      "name": "clothing",
      "confidence": 0.9894149303436279
    },
    {
      "name": "person",
      "confidence": 0.978453516960144
    },
    {
      "name": "soft drink",
      "confidence": 0.9559134244918823
    },
    {
      "name": "shop",
      "confidence": 0.9092538356781006
    },
    {
      "name": "retail",
      "confidence": 0.9019487500190735
    },
    {
      "name": "indoor",
      "confidence": 0.897198498249054
    },
    {
      "name": "convenience store",
      "confidence": 0.8960175514221191
    },
    {
      "name": "bottle",
      "confidence": 0.8269607424736023
    },
    {
      "name": "standing",
      "confidence": 0.8049073219299316
    },
    {
      "name": "shelf",
      "confidence": 0.748297929763794
    },
    {
      "name": "store",
      "confidence": 0.7304690480232239
    },
    {
      "name": "drink",
      "confidence": 0.5424255132675171
    }
  ],
  "description": {
    "tags": [
      "text",
      "indoor",
      "store"
    ],
    "captions": [
      {
        "text": "a person talking on a cell phone",
        "confidence": 0.4476577341556549
      }
    ]
  },
  "faces": [
    {
      "age": 22,
      "gender": "Male",
      "faceRectangle": {
        "left": 547,
        "top": 113,
        "width": 87,
        "height": 87
      }
    }
  ],
  "objects": [
    {
      "rectangle": {
        "x": 453,
        "y": 36,
        "w": 312,
        "h": 680
      },
      "object": "person",
      "confidence": 0.888
    }
  ],
  "brands": [],
  "requestId": "3de09e52-2e7c-4a9b-83fe-b0eb8c4ce80f",
  "metadata": {
    "width": 1280,
    "height": 720,
    "format": "Png"
  },
  "modelVersion": "2021-05-01"
}