{
  "categories": [
    {
      "name": "others_",
      "score": 0.00390625
    },
    {
      "name": "outdoor_",
      "score": 0.01171875,
      "detail": {
        "landmarks": []
      }
    }
  ],
  "adult": {
    "isAdultContent": false,
    "isRacyContent": false,
    "isGoryContent": false,
    "adultScore": 0.0072721014730632305,
    "racyScore": 0.008388323709368706,
    "goreScore": 0.05935420095920563
  },
  "color": {
    "dominantColorForeground": "White",
    "dominantColorBackground": "Black",
    "dominantColors": [
      "Black",
      "Brown",
      "White"
    ],
    "accentColor": "1075BB",
    "isBWImg": false
  },
  "imageType": {
    "clipArtType": 0,
    "lineDrawingType": 0
  },
  "tags": [
    {
      "name": "sky",
      "confidence": 0.9837265014648438
    },
    {
      "name": "clothing",
      "confidence": 0.9574073553085327
    },
    {
      "name": "screenshot",
      "confidence": 0.935940146446228
    },
    {
      "name": "outdoor",
      "confidence": 0.8893210291862488
    },
    {
      "name": "person",
      "confidence": 0.7952867746353149
    }
  ],
  "description": {
    "tags": [
      "person",
      "outdoor"
    ],
    "captions": [
      {
        "text": "a person standing next to a pile of sticks",
        "confidence": 0.3435603976249695
      }
    ]
  },
  "faces": [],
  "objects": [
    {
      "rectangle": {
        "x": 402,
        "y": 10,
        "w": 245,
        "h": 524
      },
      "object": "person",
      "confidence": 0.792
    },
    {
      "rectangle": {
        "x": 691,
        "y": 0,
        "w": 424,
        "h": 714
      },
      "object": "person",
      "confidence": 0.559
    }
  ],
  "brands": [],
  "requestId": "2cfbf8a4-ef90-4830-a0ad-1b5b21925cf2",
  "metadata": {
    "width": 1280,
    "height": 720,
    "format": "Png"
  },
  "modelVersion": "2021-05-01"
}