{
  "categories": [
    {
      "name": "others_",
      "score": 0.00390625
    },
    {
      "name": "people_show",
      "score": 0.7734375
    }
  ],
  "adult": {
    "isAdultContent": false,
    "isRacyContent": false,
    "isGoryContent": false,
    "adultScore": 0.010819023475050926,
    "racyScore": 0.014181883074343204,
    "goreScore": 0.0037578847259283066
  },
  "color": {
    "dominantColorForeground": "White",
    "dominantColorBackground": "Black",
    "dominantColors": [
      "Black",
      "White"
    ],
    "accentColor": "A32851",
    "isBWImg": false
  },
  "imageType": {
    "clipArtType": 1,
    "lineDrawingType": 0
  },
  "tags": [
    {
      "name": "human face",
      "confidence": 0.9836723804473877
    },
    {
      "name": "person",
      "confidence": 0.9488143920898438
    },
    {
      "name": "screenshot",
      "confidence": 0.8871399164199829
    },
    {
      "name": "light",
      "confidence": 0.6882200241088867
    }
  ],
  "description": {
    "tags": [
      "person",
      "dark"
    ],
    "captions": [
      {
        "text": "a man with a green face",
        "confidence": 0.2911892831325531
      }
    ]
  },
  "faces": [],
  "objects": [
    {
      "rectangle": {
        "x": 192,
        "y": 1,
        "w": 836,
        "h": 687
      },
      "object": "person",
      "confidence": 0.663
    }
  ],
  "brands": [],
  "requestId": "3f2af149-eab3-4f1c-b04b-cfd95a7a68f4",
  "metadata": {
    "width": 1280,
    "height": 720,
    "format": "Png"
  },
  "modelVersion": "2021-05-01"
}