{
  "categories": [
    {
      "name": "others_",
      "score": 0.01171875
    },
    {
      "name": "people_",
      "score": 0.37890625
    }
  ],
  "adult": {
    "isAdultContent": false,
    "isRacyContent": false,
    "isGoryContent": false,
    "adultScore": 0.033274270594120026,
    "racyScore": 0.07151633501052856,
    "goreScore": 0.007005404215306044
  },
  "color": {
    "dominantColorForeground": "Black",
    "dominantColorBackground": "Black",
    "dominantColors": [
      "Black"
    ],
    "accentColor": "4E5A12",
    "isBWImg": false
  },
  "imageType": {
    "clipArtType": 0,
    "lineDrawingType": 0
  },
  "tags": [
    {
      "name": "screenshot",
      "confidence": 0.9375704526901245
    },
    {
      "name": "person",
      "confidence": 0.8756718039512634
    },
    {
      "name": "backlighting",
      "confidence": 0.8596526980400085
    },
    {
      "name": "blurry",
      "confidence": 0.8330538272857666
    },
    {
      "name": "outdoor",
      "confidence": 0.7636035680770874
    },
    {
      "name": "light",
      "confidence": 0.5625372529029846
    }
  ],
  "description": {
    "tags": [
      "text",
      "dark"
    ],
    "captions": [
      {
        "text": "a person with their hand on their face",
        "confidence": 0.43301132321357727
      }
    ]
  },
  "faces": [],
  "objects": [],
  "brands": [],
  "requestId": "c728dc5a-55f6-4b7d-b222-0150695d07da",
  "metadata": {
    "width": 1280,
    "height": 720,
    "format": "Png"
  },
  "modelVersion": "2021-05-01"
}