{
  "categories": [
    {
      "name": "dark_light",
      "score": 0.296875
    },
    {
      "name": "others_",
      "score": 0.00390625
    },
    {
      "name": "outdoor_",
      "score": 0.00390625,
      "detail": {
        "landmarks": []
      }
    },
    {
      "name": "outdoor_road",
      "score": 0.484375,
      "detail": {
        "landmarks": []
      }
    }
  ],
  "adult": {
    "isAdultContent": false,
    "isRacyContent": false,
    "isGoryContent": false,
    "adultScore": 0.0013229689793661237,
    "racyScore": 0.0021512634120881557,
    "goreScore": 0.00030721633811481297
  },
  "color": {
    "dominantColorForeground": "Black",
    "dominantColorBackground": "Black",
    "dominantColors": [
      "Black",
      "Brown"
    ],
    "accentColor": "C38408",
    "isBWImg": false
  },
  "imageType": {
    "clipArtType": 0,
    "lineDrawingType": 0
  },
  "tags": [
    {
      "name": "outdoor",
      "confidence": 0.9967501163482666
    },
    {
      "name": "vehicle",
      "confidence": 0.9938466548919678
    },
    {
      "name": "land vehicle",
      "confidence": 0.989477276802063
    },
    {
      "name": "sky",
      "confidence": 0.9807952642440796
    },
    {
      "name": "street light",
      "confidence": 0.9662050604820251
    },
    {
      "name": "car",
      "confidence": 0.9616632461547852
    },
    {
      "name": "road",
      "confidence": 0.9559901356697083
    },
    {
      "name": "night",
      "confidence": 0.9330648183822632
    },
    {
      "name": "automotive lighting",
      "confidence": 0.9120059013366699
    },
    {
      "name": "automotive tail & brake light",
      "confidence": 0.8929893970489502
    },
    {
      "name": "security lighting",
      "confidence": 0.8621963262557983
    },
    {
      "name": "lamp",
      "confidence": 0.8519537448883057
    },
    {
      "name": "vehicle registration plate",
      "confidence": 0.84377121925354
    },
    {
      "name": "street",
      "confidence": 0.8390820026397705
    },
    {
      "name": "light",
      "confidence": 0.7779322266578674
    }
  ],
  "description": {
    "tags": [
      "outdoor",
      "sky",
      "light",
      "way",
      "road",
      "night",
      "highway"
    ],
    "captions": [
      {
        "text": "a car driving on a road at night",
        "confidence": 0.5364668369293213
      }
    ]
  },
  "faces": [],
  "objects": [
    {
      "rectangle": {
        "x": 167,
        "y": 164,
        "w": 43,
        "h": 288
      },
      "object": "Street light",
      "confidence": 0.607
    },
    {
      "rectangle": {
        "x": 399,
        "y": 85,
        "w": 100,
        "h": 434
      },
      "object": "Street light",
      "confidence": 0.626
    },
    {
      "rectangle": {
        "x": 780,
        "y": 376,
        "w": 344,
        "h": 214
      },
      "object": "taxi",
      "confidence": 0.59,
      "parent": {
        "object": "car",
        "confidence": 0.855,
        "parent": {
          "object": "Land vehicle",
          "confidence": 0.857,
          "parent": {
            "object": "Vehicle",
            "confidence": 0.857
          }
        }
      }
    }
  ],
  "brands": [],
  "requestId": "aef64b03-ddfd-438d-89f2-62e360fa5032",
  "metadata": {
    "width": 1280,
    "height": 720,
    "format": "Png"
  },
  "modelVersion": "2021-05-01"
}