{
  "categories": [
    {
      "name": "outdoor_",
      "score": 0.0078125,
      "detail": {
        "landmarks": []
      }
    },
    {
      "name": "people_show",
      "score": 0.3671875
    }
  ],
  "adult": {
    "isAdultContent": false,
    "isRacyContent": false,
    "isGoryContent": false,
    "adultScore": 0.029794596135616302,
    "racyScore": 0.035784319043159485,
    "goreScore": 0.0032399757765233517
  },
  "color": {
    "dominantColorForeground": "Black",
    "dominantColorBackground": "Black",
    "dominantColors": [
      "Black"
    ],
    "accentColor": "CC3000",
    "isBWImg": false
  },
  "imageType": {
    "clipArtType": 0,
    "lineDrawingType": 0
  },
  "tags": [
    {
      "name": "plant",
      "confidence": 0.9119879007339478
    },
    {
      "name": "darkness",
      "confidence": 0.8749356865882874
    },
    {
      "name": "outdoor",
      "confidence": 0.7892467379570007
    },
    {
      "name": "night",
      "confidence": 0.5076378583908081
    }
  ],
  "description": {
    "tags": [
      "dark"
    ],
    "captions": [
      {
        "text": "a wall with lights on it",
        "confidence": 0.33297351002693176
      }
    ]
  },
  "faces": [],
  "objects": [
    {
      "rectangle": {
        "x": 449,
        "y": 146,
        "w": 130,
        "h": 229
      },
      "object": "person",
      "confidence": 0.703
    }
  ],
  "brands": [],
  "requestId": "24ec2055-1549-434f-b793-6cfe4680e978",
  "metadata": {
    "width": 1280,
    "height": 720,
    "format": "Png"
  },
  "modelVersion": "2021-05-01"
}