{
  "categories": [
    {
      "name": "abstract_",
      "score": 0.00390625
    },
    {
      "name": "dark_fire",
      "score": 0.61328125
    },
    {
      "name": "outdoor_",
      "score": 0.00390625,
      "detail": {
        "landmarks": []
      }
    }
  ],
  "adult": {
    "isAdultContent": false,
    "isRacyContent": false,
    "isGoryContent": false,
    "adultScore": 0.031296830624341965,
    "racyScore": 0.060006141662597656,
    "goreScore": 0.0023756104055792093
  },
  "color": {
    "dominantColorForeground": "Orange",
    "dominantColorBackground": "Black",
    "dominantColors": [
      "Black",
      "Brown"
    ],
    "accentColor": "C97C02",
    "isBWImg": false
  },
  "imageType": {
    "clipArtType": 1,
    "lineDrawingType": 0
  },
  "tags": [
    {
      "name": "mammal",
      "confidence": 0.9236675500869751
    },
    {
      "name": "ground",
      "confidence": 0.8902736306190491
    },
    {
      "name": "outdoor",
      "confidence": 0.8408594727516174
    },
    {
      "name": "night",
      "confidence": 0.6361310482025146
    }
  ],
  "description": {
    "tags": [
      "nature",
      "candle",
      "lit",
      "fireplace"
    ],
    "captions": [
      {
        "text": "a group of people walking through a forest",
        "confidence": 0.3113381564617157
      }
    ]
  },
  "faces": [],
  "objects": [],
  "brands": [],
  "requestId": "76c141c5-e7af-4ca1-b402-251a962d0d96",
  "metadata": {
    "width": 1280,
    "height": 720,
    "format": "Png"
  },
  "modelVersion": "2021-05-01"
}