{
  "categories": [
    {
      "name": "others_",
      "score": 0.00390625
    },
    {
      "name": "people_portrait",
      "score": 0.6328125,
      "detail": {
        "celebrities": []
      }
    }
  ],
  "adult": {
    "isAdultContent": false,
    "isRacyContent": false,
    "isGoryContent": false,
    "adultScore": 0.004254697356373072,
    "racyScore": 0.0052719032391905785,
    "goreScore": 0.005641629919409752
  },
  "color": {
    "dominantColorForeground": "Black",
    "dominantColorBackground": "Black",
    "dominantColors": [
      "Black"
    ],
    "accentColor": "B92012",
    "isBWImg": false
  },
  "imageType": {
    "clipArtType": 0,
    "lineDrawingType": 0
  },
  "tags": [
    {
      "name": "human face",
      "confidence": 0.9974727630615234
    },
    {
      "name": "person",
      "confidence": 0.996186375617981
    },
    {
      "name": "clothing",
      "confidence": 0.990248441696167
    },
    {
      "name": "smile",
      "confidence": 0.9500010013580322
    },
    {
      "name": "girl",
      "confidence": 0.9252005815505981
    },
    {
      "name": "boy",
      "confidence": 0.8606967329978943
    },
    {
      "name": "wall",
      "confidence": 0.747854471206665
    },
    {
      "name": "indoor",
      "confidence": 0.7381176352500916
    }
  ],
  "description": {
    "tags": [
      "person",
      "indoor"
    ],
    "captions": [
      {
        "text": "a group of people",
        "confidence": 0.3302125036716461
      }
    ]
  },
  "faces": [
    {
      "age": 21,
      "gender": "Male",
      "faceRectangle": {
        "left": 306,
        "top": 306,
        "width": 319,
        "height": 319
      }
    },
    {
      "age": 20,
      "gender": "Female",
      "faceRectangle": {
        "left": 801,
        "top": 289,
        "width": 186,
        "height": 186
      }
    }
  ],
  "objects": [
    {
      "rectangle": {
        "x": 633,
        "y": 100,
        "w": 194,
        "h": 372
      },
      "object": "person",
      "confidence": 0.632
    },
    {
      "rectangle": {
        "x": 958,
        "y": 66,
        "w": 165,
        "h": 442
      },
      "object": "person",
      "confidence": 0.657
    },
    {
      "rectangle": {
        "x": 200,
        "y": 65,
        "w": 651,
        "h": 639
      },
      "object": "person",
      "confidence": 0.761
    },
    {
      "rectangle": {
        "x": 682,
        "y": 146,
        "w": 396,
        "h": 573
      },
      "object": "person",
      "confidence": 0.741
    }
  ],
  "brands": [],
  "requestId": "5b003846-d454-4cde-a27e-e83eee66e1bc",
  "metadata": {
    "width": 1280,
    "height": 720,
    "format": "Png"
  },
  "modelVersion": "2021-05-01"
}