{
  "categories": [
    {
      "name": "others_",
      "score": 0.1953125
    },
    {
      "name": "outdoor_",
      "score": 0.0078125,
      "detail": {
        "landmarks": []
      }
    }
  ],
  "adult": {
    "isAdultContent": false,
    "isRacyContent": false,
    "isGoryContent": false,
    "adultScore": 0.013137958943843842,
    "racyScore": 0.020169813185930252,
    "goreScore": 0.0025590599980205297
  },
  "color": {
    "dominantColorForeground": "White",
    "dominantColorBackground": "Black",
    "dominantColors": [
      "Black",
      "Brown",
      "White"
    ],
    "accentColor": "A66F25",
    "isBWImg": false
  },
  "imageType": {
    "clipArtType": 0,
    "lineDrawingType": 0
  },
  "tags": [
    {
      "name": "land vehicle",
      "confidence": 0.9749943017959595
    },
    {
      "name": "car",
      "confidence": 0.9696407318115234
    },
    {
      "name": "person",
      "confidence": 0.9636218547821045
    },
    {
      "name": "vehicle door",
      "confidence": 0.9323748350143433
    },
    {
      "name": "car seat",
      "confidence": 0.9238930940628052
    },
    {
      "name": "mirror",
      "confidence": 0.9118630886077881
    },
    {
      "name": "head restraint",
      "confidence": 0.8961912393569946
    },
    {
      "name": "rear-view mirror",
      "confidence": 0.8871659636497498
    },
    {
      "name": "car seat cover",
      "confidence": 0.8811368942260742
    },
    {
      "name": "driving",
      "confidence": 0.8766486644744873
    },
    {
      "name": "automotive mirror",
      "confidence": 0.8763036727905273
    },
    {
      "name": "windshield",
      "confidence": 0.8752120733261108
    },
    {
      "name": "motor vehicle",
      "confidence": 0.8541899919509888
    },
    {
      "name": "outdoor",
      "confidence": 0.7213450074195862
    },
    {
      "name": "vehicle",
      "confidence": 0.5424765348434448
    }
  ],
  "description": {
    "tags": [
      "person"
    ],
    "captions": [
      {
        "text": "a man driving a car",
        "confidence": 0.5430082678794861
      }
    ]
  },
  "faces": [
    {
      "age": 33,
      "gender": "Female",
      "faceRectangle": {
        "left": 876,
        "top": 505,
        "width": 136,
        "height": 136
      }
    }
  ],
  "objects": [
    {
      "rectangle": {
        "x": 760,
        "y": 408,
        "w": 295,
        "h": 305
      },
      "object": "person",
      "confidence": 0.522
    }
  ],
  "brands": [],
  "requestId": "78940314-ba69-42ec-97be-34401f54ac6b",
  "metadata": {
    "width": 1280,
    "height": 720,
    "format": "Png"
  },
  "modelVersion": "2021-05-01"
}