{
  "categories": [
    {
      "name": "people_portrait",
      "score": 0.890625,
      "detail": {
        "celebrities": [
          {
            "name": "Billy Corgan",
            "confidence": 0.9962608218193054,
            "faceRectangle": {
              "left": 231,
              "top": 75,
              "width": 515,
              "height": 515
            }
          }
        ]
      }
    }
  ],
  "adult": {
    "isAdultContent": false,
    "isRacyContent": false,
    "isGoryContent": false,
    "adultScore": 0.0011882553808391094,
    "racyScore": 0.0024762062821537256,
    "goreScore": 0.0001700579305179417
  },
  "color": {
    "dominantColorForeground": "Black",
    "dominantColorBackground": "Black",
    "dominantColors": [
      "Black",
      "White"
    ],
    "accentColor": "020002",
    "isBWImg": false
  },
  "imageType": {
    "clipArtType": 1,
    "lineDrawingType": 0
  },
  "tags": [
    {
      "name": "person",
      "confidence": 0.9874782562255859
    },
    {
      "name": "human face",
      "confidence": 0.9869574308395386
    },
    {
      "name": "forehead",
      "confidence": 0.9606532454490662
    },
    {
      "name": "eyebrow",
      "confidence": 0.9569582343101501
    },
    {
      "name": "jaw",
      "confidence": 0.9568701982498169
    },
    {
      "name": "chin",
      "confidence": 0.9504398107528687
    },
    {
      "name": "lip",
      "confidence": 0.9405997395515442
    },
    {
      "name": "cheek",
      "confidence": 0.939336895942688
    },
    {
      "name": "skin",
      "confidence": 0.8957992196083069
    },
    {
      "name": "tooth",
      "confidence": 0.8933922648429871
    },
    {
      "name": "portrait",
      "confidence": 0.8915451765060425
    },
    {
      "name": "screenshot",
      "confidence": 0.8884149789810181
    },
    {
      "name": "boy",
      "confidence": 0.8733155131340027
    },
    {
      "name": "smile",
      "confidence": 0.8408486843109131
    },
    {
      "name": "indoor",
      "confidence": 0.5874037146568298
    }
  ],
  "description": {
    "tags": [
      "person",
      "dark",
      "posing"
    ],
    "captions": [
      {
        "text": "Billy Corgan with a surprised expression",
        "confidence": 0.34238287806510925
      }
    ]
  },
  "faces": [
    {
      "age": 20,
      "gender": "Male",
      "faceRectangle": {
        "left": 232,
        "top": 76,
        "width": 516,
        "height": 516
      }
    }
  ],
  "objects": [
    {
      "rectangle": {
        "x": 159,
        "y": 12,
        "w": 868,
        "h": 686
      },
      "object": "person",
      "confidence": 0.784
    }
  ],
  "brands": [],
  "requestId": "e4ec8f49-15bc-45f3-a64d-74d6afd6f0ff",
  "metadata": {
    "width": 1280,
    "height": 720,
    "format": "Png"
  },
  "modelVersion": "2021-05-01"
}