{
  "categories": [
    {
      "name": "abstract_texture",
      "score": 0.32421875
    },
    {
      "name": "others_",
      "score": 0.01171875
    }
  ],
  "adult": {
    "isAdultContent": false,
    "isRacyContent": false,
    "isGoryContent": false,
    "adultScore": 0.01313535962253809,
    "racyScore": 0.032238904386758804,
    "goreScore": 0.0012033255770802498
  },
  "color": {
    "dominantColorForeground": "White",
    "dominantColorBackground": "Black",
    "dominantColors": [
      "Black",
      "White"
    ],
    "accentColor": "15ABB6",
    "isBWImg": false
  },
  "imageType": {
    "clipArtType": 0,
    "lineDrawingType": 0
  },
  "tags": [
    {
      "name": "concert",
      "confidence": 0.9381617307662964
    },
    {
      "name": "person",
      "confidence": 0.8446776866912842
    },
    {
      "name": "music",
      "confidence": 0.6826291680335999
    }
  ],
  "description": {
    "tags": [
      "text",
      "person"
    ],
    "captions": [
      {
        "text": "a person in a garment",
        "confidence": 0.2520294189453125
      }
    ]
  },
  "faces": [],
  "objects": [],
  "brands": [],
  "requestId": "08ad5c31-b907-430e-aaf2-36c0cf502728",
  "metadata": {
    "width": 1280,
    "height": 720,
    "format": "Png"
  },
  "modelVersion": "2021-05-01"
}