{
  "categories": [
    {
      "name": "abstract_",
      "score": 0.00390625
    },
    {
      "name": "others_",
      "score": 0.08203125
    },
    {
      "name": "outdoor_",
      "score": 0.0078125,
      "detail": {
        "landmarks": []
      }
    }
  ],
  "adult": {
    "isAdultContent": false,
    "isRacyContent": false,
    "isGoryContent": false,
    "adultScore": 0.02322377823293209,
    "racyScore": 0.07298437505960464,
    "goreScore": 0.004678298253566027
  },
  "color": {
    "dominantColorForeground": "White",
    "dominantColorBackground": "Black",
    "dominantColors": [
      "Black"
    ],
    "accentColor": "895442",
    "isBWImg": false
  },
  "imageType": {
    "clipArtType": 0,
    "lineDrawingType": 0
  },
  "tags": [
    {
      "name": "car",
      "confidence": 0.9663958549499512
    },
    {
      "name": "person",
      "confidence": 0.9543681144714355
    },
    {
      "name": "land vehicle",
      "confidence": 0.9504424333572388
    },
    {
      "name": "vehicle door",
      "confidence": 0.9277980923652649
    },
    {
      "name": "outdoor",
      "confidence": 0.888580322265625
    },
    {
      "name": "mirror",
      "confidence": 0.8747991919517517
    },
    {
      "name": "clothing",
      "confidence": 0.8692495822906494
    },
    {
      "name": "car mirror",
      "confidence": 0.7999433875083923
    },
    {
      "name": "woman",
      "confidence": 0.733736515045166
    },
    {
      "name": "street",
      "confidence": 0.6037171483039856
    },
    {
      "name": "vehicle",
      "confidence": 0.5272684693336487
    }
  ],
  "description": {
    "tags": [
      "car",
      "person"
    ],
    "captions": [
      {
        "text": "a person driving a car",
        "confidence": 0.6164251565933228
      }
    ]
  },
  "faces": [],
  "objects": [
    {
      "rectangle": {
        "x": 167,
        "y": 13,
        "w": 860,
        "h": 700
      },
      "object": "car",
      "confidence": 0.516,
      "parent": {
        "object": "Land vehicle",
        "confidence": 0.535,
        "parent": {
          "object": "Vehicle",
          "confidence": 0.542
        }
      }
    }
  ],
  "brands": [],
  "requestId": "350227a2-7edd-457b-a3a6-c1e6d1003601",
  "metadata": {
    "width": 1280,
    "height": 720,
    "format": "Png"
  },
  "modelVersion": "2021-05-01"
}