{
  "categories": [
    {
      "name": "abstract_",
      "score": 0.0234375
    },
    {
      "name": "others_",
      "score": 0.00390625
    },
    {
      "name": "outdoor_",
      "score": 0.00390625,
      "detail": {
        "landmarks": []
      }
    }
  ],
  "adult": {
    "isAdultContent": false,
    "isRacyContent": false,
    "isGoryContent": false,
    "adultScore": 0.013801751658320427,
    "racyScore": 0.018139764666557312,
    "goreScore": 0.18718139827251434
  },
  "color": {
    "dominantColorForeground": "Black",
    "dominantColorBackground": "Black",
    "dominantColors": [
      "Black",
      "Brown"
    ],
    "accentColor": "CC4000",
    "isBWImg": false
  },
  "imageType": {
    "clipArtType": 0,
    "lineDrawingType": 0
  },
  "tags": [
    {
      "name": "clothing",
      "confidence": 0.9330463409423828
    },
    {
      "name": "footwear",
      "confidence": 0.8886914253234863
    },
    {
      "name": "building",
      "confidence": 0.8323321342468262
    },
    {
      "name": "person",
      "confidence": 0.7746994495391846
    },
    {
      "name": "street",
      "confidence": 0.7140079736709595
    },
    {
      "name": "outdoor",
      "confidence": 0.6605780720710754
    },
    {
      "name": "brick",
      "confidence": 0.5904738903045654
    },
    {
      "name": "wall",
      "confidence": 0.5703670978546143
    },
    {
      "name": "night",
      "confidence": 0.5565585494041443
    },
    {
      "name": "light",
      "confidence": 0.4391457140445709
    }
  ],
  "description": {
    "tags": [],
    "captions": [
      {
        "text": "a group of people standing next to a brick wall",
        "confidence": 0.4543251395225525
      }
    ]
  },
  "faces": [],
  "objects": [
    {
      "rectangle": {
        "x": 233,
        "y": 177,
        "w": 140,
        "h": 508
      },
      "object": "person",
      "confidence": 0.531
    }
  ],
  "brands": [],
  "requestId": "c8cca4a8-1ef3-4cc2-956c-82c47d962bcd",
  "metadata": {
    "width": 1280,
    "height": 720,
    "format": "Png"
  },
  "modelVersion": "2021-05-01"
}