{
  "categories": [
    {
      "name": "abstract_",
      "score": 0.00390625
    },
    {
      "name": "plant_leaves",
      "score": 0.3359375
    }
  ],
  "adult": {
    "isAdultContent": false,
    "isRacyContent": false,
    "isGoryContent": false,
    "adultScore": 0.02340194582939148,
    "racyScore": 0.025801105424761772,
    "goreScore": 0.001746732392348349
  },
  "color": {
    "dominantColorForeground": "Green",
    "dominantColorBackground": "Black",
    "dominantColors": [
      "Black",
      "Green"
    ],
    "accentColor": "0B1401",
    "isBWImg": false
  },
  "imageType": {
    "clipArtType": 1,
    "lineDrawingType": 0
  },
  "tags": [
    {
      "name": "music",
      "confidence": 0.9849658012390137
    },
    {
      "name": "green",
      "confidence": 0.870147168636322
    },
    {
      "name": "person",
      "confidence": 0.7571897506713867
    },
    {
      "name": "indoor",
      "confidence": 0.5875964164733887
    }
  ],
  "description": {
    "tags": [
      "text",
      "person",
      "indoor",
      "green"
    ],
    "captions": [
      {
        "text": "a person holding a green object",
        "confidence": 0.3085547685623169
      }
    ]
  },
  "faces": [],
  "objects": [
    {
      "rectangle": {
        "x": 148,
        "y": 480,
        "w": 244,
        "h": 240
      },
      "object": "steel drum",
      "confidence": 0.747,
      "parent": {
        "object": "drum",
        "confidence": 0.793,
        "parent": {
          "object": "Musical instrument",
          "confidence": 0.799
        }
      }
    }
  ],
  "brands": [
    {
      "name": "Maxis",
      "confidence": 0.629,
      "rectangle": {
        "x": 796,
        "y": 557,
        "w": 106,
        "h": 84
      }
    }
  ],
  "requestId": "3caff7e1-cefb-4bbe-887a-e2713eaabfc9",
  "metadata": {
    "width": 1280,
    "height": 720,
    "format": "Png"
  },
  "modelVersion": "2021-05-01"
}