{
  "categories": [
    {
      "name": "others_",
      "score": 0.01171875
    },
    {
      "name": "outdoor_",
      "score": 0.01171875,
      "detail": {
        "landmarks": []
      }
    },
    {
      "name": "text_sign",
      "score": 0.46875
    }
  ],
  "adult": {
    "isAdultContent": false,
    "isRacyContent": false,
    "isGoryContent": false,
    "adultScore": 0.0020888308063149452,
    "racyScore": 0.003389366902410984,
    "goreScore": 0.0006142563070170581
  },
  "color": {
    "dominantColorForeground": "White",
    "dominantColorBackground": "Black",
    "dominantColors": [
      "Black",
      "White"
    ],
    "accentColor": "BFA50C",
    "isBWImg": false
  },
  "imageType": {
    "clipArtType": 0,
    "lineDrawingType": 0
  },
  "tags": [
    {
      "name": "text",
      "confidence": 0.9963494539260864
    },
    {
      "name": "vehicle",
      "confidence": 0.93769371509552
    },
    {
      "name": "automotive exterior",
      "confidence": 0.9241849184036255
    },
    {
      "name": "auto part",
      "confidence": 0.8556673526763916
    },
    {
      "name": "car",
      "confidence": 0.8508241176605225
    },
    {
      "name": "road",
      "confidence": 0.8056085109710693
    },
    {
      "name": "outdoor",
      "confidence": 0.78825843334198
    }
  ],
  "description": {
    "tags": [
      "logo"
    ],
    "captions": [
      {
        "text": "logo",
        "confidence": 0.4593237638473511
      }
    ]
  },
  "faces": [],
  "objects": [
    {
      "rectangle": {
        "x": 510,
        "y": 431,
        "w": 149,
        "h": 93
      },
      "object": "Tire",
      "confidence": 0.579,
      "parent": {
        "object": "Wheel",
        "confidence": 0.59
      }
    }
  ],
  "brands": [],
  "requestId": "c75898ed-8f41-4190-a628-9f1b92834a1a",
  "metadata": {
    "width": 1280,
    "height": 720,
    "format": "Png"
  },
  "modelVersion": "2021-05-01"
}