{
  "categories": [
    {
      "name": "people_young",
      "score": 0.54296875,
      "detail": {
        "celebrities": [
          {
            "name": "Billy Corgan",
            "confidence": 0.9918596148490906,
            "faceRectangle": {
              "left": 172,
              "top": 109,
              "width": 508,
              "height": 508
            }
          }
        ]
      }
    }
  ],
  "adult": {
    "isAdultContent": false,
    "isRacyContent": false,
    "isGoryContent": false,
    "adultScore": 0.003406703472137451,
    "racyScore": 0.005206258036196232,
    "goreScore": 0.0005686970544047654
  },
  "color": {
    "dominantColorForeground": "Black",
    "dominantColorBackground": "Black",
    "dominantColors": [
      "Black",
      "White"
    ],
    "accentColor": "030002",
    "isBWImg": false
  },
  "imageType": {
    "clipArtType": 1,
    "lineDrawingType": 0
  },
  "tags": [
    {
      "name": "person",
      "confidence": 0.9962844848632812
    },
    {
      "name": "human face",
      "confidence": 0.995294451713562
    },
    {
      "name": "forehead",
      "confidence": 0.9654573202133179
    },
    {
      "name": "eyebrow",
      "confidence": 0.9620431661605835
    },
    {
      "name": "chin",
      "confidence": 0.9544070959091187
    },
    {
      "name": "cheek",
      "confidence": 0.9404052495956421
    },
    {
      "name": "portrait",
      "confidence": 0.9331488609313965
    },
    {
      "name": "jaw",
      "confidence": 0.9327625036239624
    },
    {
      "name": "lip",
      "confidence": 0.8982709050178528
    },
    {
      "name": "screenshot",
      "confidence": 0.8940559029579163
    },
    {
      "name": "skin",
      "confidence": 0.892737865447998
    },
    {
      "name": "man",
      "confidence": 0.8924365639686584
    },
    {
      "name": "boy",
      "confidence": 0.8779677152633667
    },
    {
      "name": "neck",
      "confidence": 0.8503706455230713
    },
    {
      "name": "indoor",
      "confidence": 0.6835542917251587
    }
  ],
  "description": {
    "tags": [
      "person",
      "indoor",
      "dark",
      "posing"
    ],
    "captions": [
      {
        "text": "Billy Corgan smiling for the camera",
        "confidence": 0.5291640162467957
      }
    ]
  },
  "faces": [
    {
      "age": 18,
      "gender": "Male",
      "faceRectangle": {
        "left": 173,
        "top": 110,
        "width": 509,
        "height": 509
      }
    }
  ],
  "objects": [
    {
      "rectangle": {
        "x": 157,
        "y": 9,
        "w": 873,
        "h": 696
      },
      "object": "person",
      "confidence": 0.758
    }
  ],
  "brands": [],
  "requestId": "b6fdc783-2f9f-4b23-be80-4a513669666d",
  "metadata": {
    "width": 1280,
    "height": 720,
    "format": "Png"
  },
  "modelVersion": "2021-05-01"
}