{
  "categories": [
    {
      "name": "abstract_",
      "score": 0.00390625
    },
    {
      "name": "others_",
      "score": 0.05078125
    },
    {
      "name": "outdoor_",
      "score": 0.00390625,
      "detail": {
        "landmarks": []
      }
    },
    {
      "name": "people_show",
      "score": 0.3671875
    }
  ],
  "adult": {
    "isAdultContent": false,
    "isRacyContent": false,
    "isGoryContent": false,
    "adultScore": 0.028662635013461113,
    "racyScore": 0.03378663584589958,
    "goreScore": 0.00584041140973568
  },
  "color": {
    "dominantColorForeground": "Black",
    "dominantColorBackground": "Black",
    "dominantColors": [
      "Black"
    ],
    "accentColor": "AF6C1C",
    "isBWImg": false
  },
  "imageType": {
    "clipArtType": 0,
    "lineDrawingType": 0
  },
  "tags": [
    {
      "name": "person",
      "confidence": 0.9672727584838867
    },
    {
      "name": "human face",
      "confidence": 0.9461403489112854
    },
    {
      "name": "mirror",
      "confidence": 0.8850430250167847
    },
    {
      "name": "screenshot",
      "confidence": 0.8437724113464355
    },
    {
      "name": "car mirror",
      "confidence": 0.7521384358406067
    },
    {
      "name": "indoor",
      "confidence": 0.5784929990768433
    },
    {
      "name": "light",
      "confidence": 0.4794104993343353
    },
    {
      "name": "car",
      "confidence": 0.40706855058670044
    }
  ],
  "description": {
    "tags": [
      "text",
      "indoor",
      "person",
      "laptop"
    ],
    "captions": [
      {
        "text": "a person holding a plate",
        "confidence": 0.31802621483802795
      }
    ]
  },
  "faces": [],
  "objects": [
    {
      "rectangle": {
        "x": 350,
        "y": 433,
        "w": 770,
        "h": 272
      },
      "object": "person",
      "confidence": 0.528
    }
  ],
  "brands": [],
  "requestId": "3192cab8-3eb1-4a11-b36d-43bf5aaa600b",
  "metadata": {
    "width": 1280,
    "height": 720,
    "format": "Png"
  },
  "modelVersion": "2021-05-01"
}