{
  "categories": [
    {
      "name": "dark_fire",
      "score": 0.80859375
    }
  ],
  "adult": {
    "isAdultContent": false,
    "isRacyContent": false,
    "isGoryContent": false,
    "adultScore": 0.05500425398349762,
    "racyScore": 0.15424871444702148,
    "goreScore": 0.02074725367128849
  },
  "color": {
    "dominantColorForeground": "Black",
    "dominantColorBackground": "Black",
    "dominantColors": [
      "Black",
      "Orange"
    ],
    "accentColor": "CC6300",
    "isBWImg": false
  },
  "imageType": {
    "clipArtType": 1,
    "lineDrawingType": 0
  },
  "tags": [
    {
      "name": "screenshot",
      "confidence": 0.9484723806381226
    },
    {
      "name": "darkness",
      "confidence": 0.88410484790802
    },
    {
      "name": "person",
      "confidence": 0.6323109269142151
    },
    {
      "name": "night",
      "confidence": 0.6280905604362488
    }
  ],
  "description": {
    "tags": [
      "text",
      "nature",
      "fireplace",
      "dark"
    ],
    "captions": [
      {
        "text": "a person lying on the ground",
        "confidence": 0.43367427587509155
      }
    ]
  },
  "faces": [],
  "objects": [
    {
      "rectangle": {
        "x": 625,
        "y": 192,
        "w": 262,
        "h": 338
      },
      "object": "person",
      "confidence": 0.665
    }
  ],
  "brands": [],
  "requestId": "e9104ae2-5543-41d3-a310-189da047798a",
  "metadata": {
    "width": 1280,
    "height": 720,
    "format": "Png"
  },
  "modelVersion": "2021-05-01"
}