{
  "categories": [
    {
      "name": "others_",
      "score": 0.1640625
    }
  ],
  "adult": {
    "isAdultContent": false,
    "isRacyContent": false,
    "isGoryContent": false,
    "adultScore": 0.007251810748130083,
    "racyScore": 0.01757373847067356,
    "goreScore": 0.001481640269048512
  },
  "color": {
    "dominantColorForeground": "Black",
    "dominantColorBackground": "Black",
    "dominantColors": [
      "Black"
    ],
    "accentColor": "943737",
    "isBWImg": false
  },
  "imageType": {
    "clipArtType": 0,
    "lineDrawingType": 0
  },
  "tags": [
    {
      "name": "person",
      "confidence": 0.9511017203330994
    },
    {
      "name": "car",
      "confidence": 0.9441527128219604
    },
    {
      "name": "car mirror",
      "confidence": 0.9086450338363647
    },
    {
      "name": "land vehicle",
      "confidence": 0.905394434928894
    },
    {
      "name": "vehicle door",
      "confidence": 0.8524707555770874
    },
    {
      "name": "driving",
      "confidence": 0.8445573449134827
    },
    {
      "name": "windshield",
      "confidence": 0.8438426852226257
    },
    {
      "name": "mirror",
      "confidence": 0.7836942672729492
    },
    {
      "name": "outdoor",
      "confidence": 0.612379252910614
    },
    {
      "name": "vehicle",
      "confidence": 0.5297197103500366
    }
  ],
  "description": {
    "tags": [
      "person",
      "looking",
      "mirror",
      "car mirror"
    ],
    "captions": [
      {
        "text": "a person driving a car",
        "confidence": 0.5134830474853516
      }
    ]
  },
  "faces": [],
  "objects": [
    {
      "rectangle": {
        "x": 162,
        "y": 176,
        "w": 285,
        "h": 540
      },
      "object": "person",
      "confidence": 0.766
    }
  ],
  "brands": [],
  "requestId": "dc657787-638b-4a31-a285-a6173d4d62f8",
  "metadata": {
    "width": 1280,
    "height": 720,
    "format": "Png"
  },
  "modelVersion": "2021-05-01"
}