{
  "categories": [
    {
      "name": "abstract_nonphoto",
      "score": 0.23046875
    },
    {
      "name": "others_",
      "score": 0.0078125
    }
  ],
  "adult": {
    "isAdultContent": false,
    "isRacyContent": false,
    "isGoryContent": false,
    "adultScore": 0.010210327804088593,
    "racyScore": 0.033950455486774445,
    "goreScore": 0.0008418753859587014
  },
  "color": {
    "dominantColorForeground": "Black",
    "dominantColorBackground": "Black",
    "dominantColors": [
      "Black"
    ],
    "accentColor": "196CB2",
    "isBWImg": false
  },
  "imageType": {
    "clipArtType": 1,
    "lineDrawingType": 0
  },
  "tags": [
    {
      "name": "wall",
      "confidence": 0.9250796437263489
    },
    {
      "name": "indoor",
      "confidence": 0.8512783050537109
    },
    {
      "name": "refrigerator",
      "confidence": 0.5550477504730225
    }
  ],
  "description": {
    "tags": [
      "blur"
    ],
    "captions": [
      {
        "text": "a person walking in a room",
        "confidence": 0.32039326429367065
      }
    ]
  },
  "faces": [],
  "objects": [],
  "brands": [],
  "requestId": "a50ec9e7-c4b4-49cc-8aaa-12ba1e1241bf",
  "metadata": {
    "width": 1280,
    "height": 720,
    "format": "Png"
  },
  "modelVersion": "2021-05-01"
}