{
  "categories": [
    {
      "name": "others_",
      "score": 0.296875
    },
    {
      "name": "outdoor_",
      "score": 0.00390625,
      "detail": {
        "landmarks": []
      }
    }
  ],
  "adult": {
    "isAdultContent": false,
    "isRacyContent": false,
    "isGoryContent": false,
    "adultScore": 0.01208831649273634,
    "racyScore": 0.021677779033780098,
    "goreScore": 0.013205463998019695
  },
  "color": {
    "dominantColorForeground": "Black",
    "dominantColorBackground": "Black",
    "dominantColors": [
      "Black"
    ],
    "accentColor": "0638C5",
    "isBWImg": false
  },
  "imageType": {
    "clipArtType": 0,
    "lineDrawingType": 0
  },
  "tags": [
    {
      "name": "screenshot",
      "confidence": 0.8910402655601501
    },
    {
      "name": "footwear",
      "confidence": 0.8875288963317871
    },
    {
      "name": "clothing",
      "confidence": 0.8734389543533325
    },
    {
      "name": "person",
      "confidence": 0.7716783285140991
    },
    {
      "name": "floor",
      "confidence": 0.592481791973114
    },
    {
      "name": "fisheye",
      "confidence": 0.4384703040122986
    },
    {
      "name": "car",
      "confidence": 0.4367540180683136
    }
  ],
  "description": {
    "tags": [
      "way"
    ],
    "captions": [
      {
        "text": "a couple of men standing next to a car in a parking lot",
        "confidence": 0.427985280752182
      }
    ]
  },
  "faces": [],
  "objects": [
    {
      "rectangle": {
        "x": 312,
        "y": 98,
        "w": 318,
        "h": 283
      },
      "object": "car",
      "confidence": 0.676,
      "parent": {
        "object": "Land vehicle",
        "confidence": 0.758,
        "parent": {
          "object": "Vehicle",
          "confidence": 0.758
        }
      }
    },
    {
      "rectangle": {
        "x": 672,
        "y": 152,
        "w": 150,
        "h": 244
      },
      "object": "person",
      "confidence": 0.78
    },
    {
      "rectangle": {
        "x": 733,
        "y": 232,
        "w": 194,
        "h": 289
      },
      "object": "person",
      "confidence": 0.698
    }
  ],
  "brands": [],
  "requestId": "524ef6ee-94e0-4022-b237-a089c4fda359",
  "metadata": {
    "width": 1280,
    "height": 720,
    "format": "Png"
  },
  "modelVersion": "2021-05-01"
}