{
  "categories": [
    {
      "name": "abstract_",
      "score": 0.00390625
    },
    {
      "name": "others_",
      "score": 0.04296875
    },
    {
      "name": "outdoor_",
      "score": 0.00390625,
      "detail": {
        "landmarks": []
      }
    }
  ],
  "adult": {
    "isAdultContent": false,
    "isRacyContent": false,
    "isGoryContent": false,
    "adultScore": 0.008258896879851818,
    "racyScore": 0.010243535041809082,
    "goreScore": 0.0005216632853262126
  },
  "color": {
    "dominantColorForeground": "Black",
    "dominantColorBackground": "Black",
    "dominantColors": [
      "Black"
    ],
    "accentColor": "23356C",
    "isBWImg": false
  },
  "imageType": {
    "clipArtType": 0,
    "lineDrawingType": 0
  },
  "tags": [
    {
      "name": "convenience store",
      "confidence": 0.9649887084960938
    },
    {
      "name": "person",
      "confidence": 0.9614568948745728
    },
    {
      "name": "clothing",
      "confidence": 0.959674596786499
    },
    {
      "name": "supermarket",
      "confidence": 0.9364446401596069
    },
    {
      "name": "retail",
      "confidence": 0.9322104454040527
    },
    {
      "name": "grocery store",
      "confidence": 0.9074205160140991
    },
    {
      "name": "soft drink",
      "confidence": 0.8621399402618408
    },
    {
      "name": "indoor",
      "confidence": 0.72264164686203
    },
    {
      "name": "shelf",
      "confidence": 0.677469789981842
    },
    {
      "name": "store",
      "confidence": 0.6539925932884216
    },
    {
      "name": "street",
      "confidence": 0.5431502461433411
    }
  ],
  "description": {
    "tags": [
      "person"
    ],
    "captions": [
      {
        "text": "a person holding a bottle",
        "confidence": 0.36634981632232666
      }
    ]
  },
  "faces": [],
  "objects": [
    {
      "rectangle": {
        "x": 150,
        "y": 12,
        "w": 489,
        "h": 708
      },
      "object": "person",
      "confidence": 0.687
    }
  ],
  "brands": [],
  "requestId": "9f55d002-d2c9-4522-bb50-eea171e699fd",
  "metadata": {
    "width": 1280,
    "height": 720,
    "format": "Png"
  },
  "modelVersion": "2021-05-01"
}