{
  "categories": [
    {
      "name": "dark_",
      "score": 0.390625
    },
    {
      "name": "outdoor_",
      "score": 0.00390625,
      "detail": {
        "landmarks": []
      }
    }
  ],
  "adult": {
    "isAdultContent": false,
    "isRacyContent": false,
    "isGoryContent": false,
    "adultScore": 0.02468707412481308,
    "racyScore": 0.028665665537118912,
    "goreScore": 0.0025976323522627354
  },
  "color": {
    "dominantColorForeground": "Black",
    "dominantColorBackground": "Black",
    "dominantColors": [
      "Black"
    ],
    "accentColor": "B1601A",
    "isBWImg": false
  },
  "imageType": {
    "clipArtType": 0,
    "lineDrawingType": 0
  },
  "tags": [
    {
      "name": "outdoor",
      "confidence": 0.9039020538330078
    },
    {
      "name": "building",
      "confidence": 0.8875917792320251
    },
    {
      "name": "plant",
      "confidence": 0.884790301322937
    },
    {
      "name": "darkness",
      "confidence": 0.8496757745742798
    },
    {
      "name": "night",
      "confidence": 0.6081242561340332
    }
  ],
  "description": {
    "tags": [
      "light",
      "dark",
      "night"
    ],
    "captions": [
      {
        "text": "a person jumping off a wall",
        "confidence": 0.39535215497016907
      }
    ]
  },
  "faces": [],
  "objects": [
    {
      "rectangle": {
        "x": 982,
        "y": 110,
        "w": 124,
        "h": 268
      },
      "object": "person",
      "confidence": 0.685
    }
  ],
  "brands": [],
  "requestId": "26a6e3c3-5314-4c89-a909-57d2677e72bd",
  "metadata": {
    "width": 1280,
    "height": 720,
    "format": "Png"
  },
  "modelVersion": "2021-05-01"
}