{
  "categories": [
    {
      "name": "abstract_",
      "score": 0.00390625
    },
    {
      "name": "others_",
      "score": 0.01953125
    },
    {
      "name": "outdoor_",
      "score": 0.0078125,
      "detail": {
        "landmarks": []
      }
    }
  ],
  "adult": {
    "isAdultContent": false,
    "isRacyContent": false,
    "isGoryContent": false,
    "adultScore": 0.0847049206495285,
    "racyScore": 0.1958443820476532,
    "goreScore": 0.0016730334609746933
  },
  "color": {
    "dominantColorForeground": "White",
    "dominantColorBackground": "Black",
    "dominantColors": [
      "Black",
      "White"
    ],
    "accentColor": "A5264C",
    "isBWImg": false
  },
  "imageType": {
    "clipArtType": 0,
    "lineDrawingType": 0
  },
  "tags": [
    {
      "name": "outdoor",
      "confidence": 0.9897475838661194
    },
    {
      "name": "person",
      "confidence": 0.9776307344436646
    },
    {
      "name": "sky",
      "confidence": 0.9260716438293457
    },
    {
      "name": "car",
      "confidence": 0.9194951057434082
    },
    {
      "name": "vehicle",
      "confidence": 0.8899415731430054
    },
    {
      "name": "land vehicle",
      "confidence": 0.8880788087844849
    },
    {
      "name": "road",
      "confidence": 0.8498421907424927
    },
    {
      "name": "snapshot",
      "confidence": 0.8488477468490601
    },
    {
      "name": "street",
      "confidence": 0.801235556602478
    },
    {
      "name": "blur",
      "confidence": 0.7076115608215332
    }
  ],
  "description": {
    "tags": [
      "person",
      "outdoor",
      "crowd"
    ],
    "captions": [
      {
        "text": "a person holding a hand up",
        "confidence": 0.30498310923576355
      }
    ]
  },
  "faces": [],
  "objects": [],
  "brands": [],
  "requestId": "dc896b87-3844-46cd-b49b-c284a302a7d1",
  "metadata": {
    "width": 1280,
    "height": 720,
    "format": "Png"
  },
  "modelVersion": "2021-05-01"
}