{
  "categories": [
    {
      "name": "others_",
      "score": 0.00390625
    },
    {
      "name": "people_show",
      "score": 0.3125,
      "detail": {
        "celebrities": []
      }
    }
  ],
  "adult": {
    "isAdultContent": false,
    "isRacyContent": false,
    "isGoryContent": false,
    "adultScore": 0.008852949365973473,
    "racyScore": 0.019605180248618126,
    "goreScore": 0.0009378110407851636
  },
  "color": {
    "dominantColorForeground": "White",
    "dominantColorBackground": "Black",
    "dominantColors": [
      "Black"
    ],
    "accentColor": "BA8C11",
    "isBWImg": false
  },
  "imageType": {
    "clipArtType": 0,
    "lineDrawingType": 0
  },
  "tags": [
    {
      "name": "person",
      "confidence": 0.995152473449707
    },
    {
      "name": "human face",
      "confidence": 0.9827393889427185
    },
    {
      "name": "clothing",
      "confidence": 0.9778021574020386
    },
    {
      "name": "smile",
      "confidence": 0.870485782623291
    },
    {
      "name": "outdoor",
      "confidence": 0.7671351432800293
    },
    {
      "name": "people",
      "confidence": 0.6343212723731995
    },
    {
      "name": "woman",
      "confidence": 0.5806732177734375
    }
  ],
  "description": {
    "tags": [
      "person",
      "nature",
      "fire",
      "dark"
    ],
    "captions": [
      {
        "text": "a group of people in a car",
        "confidence": 0.6646762490272522
      }
    ]
  },
  "faces": [
    {
      "age": 25,
      "gender": "Female",
      "faceRectangle": {
        "left": 360,
        "top": 315,
        "width": 167,
        "height": 167
      }
    }
  ],
  "objects": [
    {
      "rectangle": {
        "x": 170,
        "y": 190,
        "w": 425,
        "h": 530
      },
      "object": "person",
      "confidence": 0.661
    },
    {
      "rectangle": {
        "x": 505,
        "y": 164,
        "w": 626,
        "h": 555
      },
      "object": "person",
      "confidence": 0.754
    }
  ],
  "brands": [],
  "requestId": "77f9c295-3c7c-4255-a239-b84510a60623",
  "metadata": {
    "width": 1280,
    "height": 720,
    "format": "Png"
  },
  "modelVersion": "2021-05-01"
}