{
  "categories": [
    {
      "name": "others_",
      "score": 0.05859375
    },
    {
      "name": "people_show",
      "score": 0.30078125,
      "detail": {
        "celebrities": []
      }
    }
  ],
  "adult": {
    "isAdultContent": false,
    "isRacyContent": false,
    "isGoryContent": false,
    "adultScore": 0.018531963229179382,
    "racyScore": 0.03316446393728256,
    "goreScore": 0.013860110193490982
  },
  "color": {
    "dominantColorForeground": "White",
    "dominantColorBackground": "Black",
    "dominantColors": [
      "Black"
    ],
    "accentColor": "433695",
    "isBWImg": false
  },
  "imageType": {
    "clipArtType": 0,
    "lineDrawingType": 0
  },
  "tags": [
    {
      "name": "person",
      "confidence": 0.9916471242904663
    },
    {
      "name": "human face",
      "confidence": 0.9796587228775024
    },
    {
      "name": "man",
      "confidence": 0.9587476849555969
    },
    {
      "name": "indoor",
      "confidence": 0.9445483684539795
    },
    {
      "name": "soft drink",
      "confidence": 0.9397321939468384
    },
    {
      "name": "clothing",
      "confidence": 0.8916745185852051
    },
    {
      "name": "wall",
      "confidence": 0.7620189189910889
    },
    {
      "name": "ceiling",
      "confidence": 0.7051069140434265
    },
    {
      "name": "shop",
      "confidence": 0.5283254981040955
    }
  ],
  "description": {
    "tags": [
      "person",
      "indoor",
      "man"
    ],
    "captions": [
      {
        "text": "a man taking a selfie",
        "confidence": 0.5267021656036377
      }
    ]
  },
  "faces": [
    {
      "age": 22,
      "gender": "Male",
      "faceRectangle": {
        "left": 322,
        "top": 282,
        "width": 379,
        "height": 379
      }
    }
  ],
  "objects": [
    {
      "rectangle": {
        "x": 763,
        "y": 336,
        "w": 69,
        "h": 215
      },
      "object": "person",
      "confidence": 0.546
    },
    {
      "rectangle": {
        "x": 283,
        "y": 58,
        "w": 631,
        "h": 656
      },
      "object": "person",
      "confidence": 0.754
    }
  ],
  "brands": [],
  "requestId": "38f2d6de-3423-4b99-a2e8-c46fe6f53d9e",
  "metadata": {
    "width": 1280,
    "height": 720,
    "format": "Png"
  },
  "modelVersion": "2021-05-01"
}