{
  "categories": [
    {
      "name": "people_",
      "score": 0.3671875,
      "detail": {
        "celebrities": []
      }
    },
    {
      "name": "people_group",
      "score": 0.5,
      "detail": {
        "celebrities": []
      }
    }
  ],
  "adult": {
    "isAdultContent": false,
    "isRacyContent": false,
    "isGoryContent": false,
    "adultScore": 0.0043787965551018715,
    "racyScore": 0.0053541092202067375,
    "goreScore": 0.00038448962732218206
  },
  "color": {
    "dominantColorForeground": "Black",
    "dominantColorBackground": "Black",
    "dominantColors": [
      "Black"
    ],
    "accentColor": "6E3734",
    "isBWImg": false
  },
  "imageType": {
    "clipArtType": 0,
    "lineDrawingType": 0
  },
  "tags": [
    {
      "name": "human face",
      "confidence": 0.9938368797302246
    },
    {
      "name": "person",
      "confidence": 0.9906744956970215
    },
    {
      "name": "clothing",
      "confidence": 0.9827378988265991
    },
    {
      "name": "smile",
      "confidence": 0.9265158772468567
    },
    {
      "name": "passenger",
      "confidence": 0.8790285587310791
    },
    {
      "name": "vehicle",
      "confidence": 0.8744021654129028
    },
    {
      "name": "woman",
      "confidence": 0.7224777936935425
    },
    {
      "name": "people",
      "confidence": 0.5691860318183899
    }
  ],
  "description": {
    "tags": [
      "person"
    ],
    "captions": [
      {
        "text": "a group of people in a car",
        "confidence": 0.5963459610939026
      }
    ]
  },
  "faces": [
    {
      "age": 21,
      "gender": "Male",
      "faceRectangle": {
        "left": 737,
        "top": 371,
        "width": 193,
        "height": 193
      }
    },
    {
      "age": 25,
      "gender": "Female",
      "faceRectangle": {
        "left": 408,
        "top": 367,
        "width": 138,
        "height": 138
      }
    }
  ],
  "objects": [
    {
      "rectangle": {
        "x": 159,
        "y": 242,
        "w": 445,
        "h": 475
      },
      "object": "person",
      "confidence": 0.767
    },
    {
      "rectangle": {
        "x": 527,
        "y": 231,
        "w": 596,
        "h": 489
      },
      "object": "person",
      "confidence": 0.659
    }
  ],
  "brands": [],
  "requestId": "27dbd1bb-de24-4e2a-9394-5b7dec4aa34e",
  "metadata": {
    "width": 1280,
    "height": 720,
    "format": "Png"
  },
  "modelVersion": "2021-05-01"
}