{
  "categories": [
    {
      "name": "others_",
      "score": 0.0390625
    },
    {
      "name": "outdoor_",
      "score": 0.00390625,
      "detail": {
        "landmarks": []
      }
    },
    {
      "name": "people_",
      "score": 0.46484375
    }
  ],
  "adult": {
    "isAdultContent": false,
    "isRacyContent": false,
    "isGoryContent": false,
    "adultScore": 0.04705073684453964,
    "racyScore": 0.05749570578336716,
    "goreScore": 0.004152919631451368
  },
  "color": {
    "dominantColorForeground": "Black",
    "dominantColorBackground": "Black",
    "dominantColors": [
      "Black"
    ],
    "accentColor": "1944B2",
    "isBWImg": false
  },
  "imageType": {
    "clipArtType": 0,
    "lineDrawingType": 0
  },
  "tags": [
    {
      "name": "screenshot",
      "confidence": 0.895290732383728
    },
    {
      "name": "indoor",
      "confidence": 0.8375892639160156
    },
    {
      "name": "wall",
      "confidence": 0.8110109567642212
    },
    {
      "name": "standing",
      "confidence": 0.6530511975288391
    }
  ],
  "description": {
    "tags": [
      "indoor",
      "kitchen appliance"
    ],
    "captions": [
      {
        "text": "people standing in a room",
        "confidence": 0.2942650318145752
      }
    ]
  },
  "faces": [],
  "objects": [
    {
      "rectangle": {
        "x": 351,
        "y": 232,
        "w": 114,
        "h": 337
      },
      "object": "person",
      "confidence": 0.711
    },
    {
      "rectangle": {
        "x": 458,
        "y": 236,
        "w": 106,
        "h": 334
      },
      "object": "person",
      "confidence": 0.643
    },
    {
      "rectangle": {
        "x": 649,
        "y": 9,
        "w": 494,
        "h": 682
      },
      "object": "Land vehicle",
      "confidence": 0.72,
      "parent": {
        "object": "Vehicle",
        "confidence": 0.721
      }
    }
  ],
  "brands": [],
  "requestId": "51cf06ab-f120-41df-a554-712629ab11e0",
  "metadata": {
    "width": 1280,
    "height": 720,
    "format": "Png"
  },
  "modelVersion": "2021-05-01"
}