{
  "categories": [
    {
      "name": "others_",
      "score": 0.328125
    }
  ],
  "adult": {
    "isAdultContent": false,
    "isRacyContent": false,
    "isGoryContent": false,
    "adultScore": 0.003133084625005722,
    "racyScore": 0.0037831312511116266,
    "goreScore": 0.0004928159178234637
  },
  "color": {
    "dominantColorForeground": "White",
    "dominantColorBackground": "Black",
    "dominantColors": [
      "Black",
      "White"
    ],
    "accentColor": "BF0C13",
    "isBWImg": false
  },
  "imageType": {
    "clipArtType": 0,
    "lineDrawingType": 0
  },
  "tags": [
    {
      "name": "car",
      "confidence": 0.9642728567123413
    },
    {
      "name": "land vehicle",
      "confidence": 0.9447192549705505
    },
    {
      "name": "windshield",
      "confidence": 0.8954610228538513
    },
    {
      "name": "driving",
      "confidence": 0.880592942237854
    },
    {
      "name": "mirror",
      "confidence": 0.8620889186859131
    },
    {
      "name": "automotive mirror",
      "confidence": 0.8578118085861206
    },
    {
      "name": "person",
      "confidence": 0.746822714805603
    },
    {
      "name": "dog",
      "confidence": 0.7411649227142334
    },
    {
      "name": "woman",
      "confidence": 0.694485068321228
    },
    {
      "name": "indoor",
      "confidence": 0.6580499410629272
    },
    {
      "name": "vehicle",
      "confidence": 0.5302026867866516
    }
  ],
  "description": {
    "tags": [
      "person",
      "device",
      "control panel"
    ],
    "captions": [
      {
        "text": "a person driving a car",
        "confidence": 0.43501654267311096
      }
    ]
  },
  "faces": [],
  "objects": [
    {
      "rectangle": {
        "x": 85,
        "y": 125,
        "w": 472,
        "h": 582
      },
      "object": "person",
      "confidence": 0.704
    },
    {
      "rectangle": {
        "x": 757,
        "y": 134,
        "w": 393,
        "h": 581
      },
      "object": "person",
      "confidence": 0.696
    }
  ],
  "brands": [],
  "requestId": "a56d0cda-ea0f-4e56-b7cf-a5515e535e6c",
  "metadata": {
    "width": 1280,
    "height": 720,
    "format": "Png"
  },
  "modelVersion": "2021-05-01"
}