{
  "categories": [
    {
      "name": "abstract_",
      "score": 0.00390625
    },
    {
      "name": "others_",
      "score": 0.08203125
    },
    {
      "name": "outdoor_",
      "score": 0.015625,
      "detail": {
        "landmarks": []
      }
    }
  ],
  "adult": {
    "isAdultContent": false,
    "isRacyContent": false,
    "isGoryContent": false,
    "adultScore": 0.506367564201355,
    "racyScore": 0.8221896886825562,
    "goreScore": 0.0014015564229339361
  },
  "color": {
    "dominantColorForeground": "White",
    "dominantColorBackground": "Black",
    "dominantColors": [
      "Black"
    ],
    "accentColor": "070A19",
    "isBWImg": false
  },
  "imageType": {
    "clipArtType": 0,
    "lineDrawingType": 0
  },
  "tags": [
    {
      "name": "person",
      "confidence": 0.881409227848053
    },
    {
      "name": "swimming",
      "confidence": 0.7225921750068665
    },
    {
      "name": "underwater",
      "confidence": 0.4444250166416168
    }
  ],
  "description": {
    "tags": [
      "text",
      "dark"
    ],
    "captions": [
      {
        "text": "a group of people dancing",
        "confidence": 0.4013460874557495
      }
    ]
  },
  "faces": [],
  "objects": [],
  "brands": [],
  "requestId": "8ba1dbdf-e7b2-4073-8bc8-1b3146013c54",
  "metadata": {
    "width": 1280,
    "height": 720,
    "format": "Png"
  },
  "modelVersion": "2021-05-01"
}