{
  "categories": [
    {
      "name": "people_portrait",
      "score": 0.609375,
      "detail": {
        "celebrities": [
          {
            "name": "Billy Corgan",
            "confidence": 0.9998326301574707,
            "faceRectangle": {
              "left": 333,
              "top": 122,
              "width": 484,
              "height": 484
            }
          }
        ]
      }
    }
  ],
  "adult": {
    "isAdultContent": false,
    "isRacyContent": false,
    "isGoryContent": false,
    "adultScore": 0.0015445147873833776,
    "racyScore": 0.0023183817975223064,
    "goreScore": 0.00029371268465183675
  },
  "color": {
    "dominantColorForeground": "Black",
    "dominantColorBackground": "Black",
    "dominantColors": [
      "Black",
      "White"
    ],
    "accentColor": "020004",
    "isBWImg": false
  },
  "imageType": {
    "clipArtType": 1,
    "lineDrawingType": 0
  },
  "tags": [
    {
      "name": "person",
      "confidence": 0.9951567649841309
    },
    {
      "name": "human face",
      "confidence": 0.994615912437439
    },
    {
      "name": "eyebrow",
      "confidence": 0.965617835521698
    },
    {
      "name": "forehead",
      "confidence": 0.9625523090362549
    },
    {
      "name": "chin",
      "confidence": 0.9566261768341064
    },
    {
      "name": "boy",
      "confidence": 0.9382261037826538
    },
    {
      "name": "cheek",
      "confidence": 0.9380871057510376
    },
    {
      "name": "portrait",
      "confidence": 0.9355312585830688
    },
    {
      "name": "smile",
      "confidence": 0.9350225329399109
    },
    {
      "name": "jaw",
      "confidence": 0.9343187808990479
    },
    {
      "name": "lip",
      "confidence": 0.934252142906189
    },
    {
      "name": "screenshot",
      "confidence": 0.9124425053596497
    },
    {
      "name": "skin",
      "confidence": 0.886174201965332
    },
    {
      "name": "clothing",
      "confidence": 0.8768067359924316
    },
    {
      "name": "portrait photography",
      "confidence": 0.8407339453697205
    },
    {
      "name": "indoor",
      "confidence": 0.6372804045677185
    }
  ],
  "description": {
    "tags": [
      "person",
      "indoor",
      "wearing",
      "posing",
      "dark"
    ],
    "captions": [
      {
        "text": "Billy Corgan with a blue shirt",
        "confidence": 0.33842557668685913
      }
    ]
  },
  "faces": [
    {
      "age": 19,
      "gender": "Male",
      "faceRectangle": {
        "left": 334,
        "top": 123,
        "width": 485,
        "height": 485
      }
    }
  ],
  "objects": [
    {
      "rectangle": {
        "x": 166,
        "y": 0,
        "w": 864,
        "h": 705
      },
      "object": "person",
      "confidence": 0.812
    }
  ],
  "brands": [],
  "requestId": "16025102-5c89-4e59-9bb6-1c24d250167b",
  "metadata": {
    "width": 1280,
    "height": 720,
    "format": "Png"
  },
  "modelVersion": "2021-05-01"
}