{
  "categories": [
    {
      "name": "people_portrait",
      "score": 0.33984375,
      "detail": {
        "celebrities": [
          {
            "name": "Billy Corgan",
            "confidence": 0.9981643557548523,
            "faceRectangle": {
              "left": 546,
              "top": 115,
              "width": 533,
              "height": 533
            }
          }
        ]
      }
    },
    {
      "name": "people_young",
      "score": 0.48046875,
      "detail": {
        "celebrities": [
          {
            "name": "Billy Corgan",
            "confidence": 0.9981643557548523,
            "faceRectangle": {
              "left": 546,
              "top": 115,
              "width": 533,
              "height": 533
            }
          }
        ]
      }
    }
  ],
  "adult": {
    "isAdultContent": false,
    "isRacyContent": false,
    "isGoryContent": false,
    "adultScore": 0.0012366322334855795,
    "racyScore": 0.0021636448800563812,
    "goreScore": 0.00025587031268514693
  },
  "color": {
    "dominantColorForeground": "Black",
    "dominantColorBackground": "Black",
    "dominantColors": [
      "Black",
      "White"
    ],
    "accentColor": "000005",
    "isBWImg": false
  },
  "imageType": {
    "clipArtType": 1,
    "lineDrawingType": 0
  },
  "tags": [
    {
      "name": "person",
      "confidence": 0.9939884543418884
    },
    {
      "name": "human face",
      "confidence": 0.9885559678077698
    },
    {
      "name": "eyebrow",
      "confidence": 0.9616159200668335
    },
    {
      "name": "forehead",
      "confidence": 0.9601213335990906
    },
    {
      "name": "boy",
      "confidence": 0.9555795192718506
    },
    {
      "name": "chin",
      "confidence": 0.9525334239006042
    },
    {
      "name": "cheek",
      "confidence": 0.9450281858444214
    },
    {
      "name": "jaw",
      "confidence": 0.9327887296676636
    },
    {
      "name": "screenshot",
      "confidence": 0.9253354668617249
    },
    {
      "name": "skin",
      "confidence": 0.9250801801681519
    },
    {
      "name": "lip",
      "confidence": 0.9139041900634766
    },
    {
      "name": "portrait",
      "confidence": 0.8976147770881653
    },
    {
      "name": "indoor",
      "confidence": 0.6291954517364502
    }
  ],
  "description": {
    "tags": [
      "person",
      "indoor"
    ],
    "captions": [
      {
        "text": "Billy Corgan smiling for the camera",
        "confidence": 0.5158045291900635
      }
    ]
  },
  "faces": [
    {
      "age": 18,
      "gender": "Male",
      "faceRectangle": {
        "left": 547,
        "top": 116,
        "width": 534,
        "height": 534
      }
    }
  ],
  "objects": [
    {
      "rectangle": {
        "x": 259,
        "y": 4,
        "w": 847,
        "h": 711
      },
      "object": "person",
      "confidence": 0.775
    }
  ],
  "brands": [],
  "requestId": "62f7d9d2-94f4-4940-a45b-34a1dd918499",
  "metadata": {
    "width": 1280,
    "height": 720,
    "format": "Png"
  },
  "modelVersion": "2021-05-01"
}