{
  "categories": [
    {
      "name": "people_",
      "score": 0.31640625,
      "detail": {
        "celebrities": []
      }
    },
    {
      "name": "people_many",
      "score": 0.45703125,
      "detail": {
        "celebrities": []
      }
    }
  ],
  "adult": {
    "isAdultContent": false,
    "isRacyContent": false,
    "isGoryContent": false,
    "adultScore": 0.006455973722040653,
    "racyScore": 0.010504160076379776,
    "goreScore": 0.000567277311347425
  },
  "color": {
    "dominantColorForeground": "Black",
    "dominantColorBackground": "Black",
    "dominantColors": [
      "Black",
      "White"
    ],
    "accentColor": "1C3C72",
    "isBWImg": false
  },
  "imageType": {
    "clipArtType": 1,
    "lineDrawingType": 0
  },
  "tags": [
    {
      "name": "clothing",
      "confidence": 0.9932002425193787
    },
    {
      "name": "person",
      "confidence": 0.9885262250900269
    },
    {
      "name": "indoor",
      "confidence": 0.9551693797111511
    },
    {
      "name": "retail",
      "confidence": 0.9208238124847412
    },
    {
      "name": "human face",
      "confidence": 0.9114592671394348
    },
    {
      "name": "convenience store",
      "confidence": 0.9086780548095703
    },
    {
      "name": "soft drink",
      "confidence": 0.8970216512680054
    },
    {
      "name": "wall",
      "confidence": 0.8649045825004578
    },
    {
      "name": "customer",
      "confidence": 0.8511742353439331
    },
    {
      "name": "supermarket",
      "confidence": 0.8423265218734741
    },
    {
      "name": "shop",
      "confidence": 0.7902376651763916
    },
    {
      "name": "store",
      "confidence": 0.7750570774078369
    },
    {
      "name": "standing",
      "confidence": 0.7533897161483765
    },
    {
      "name": "young",
      "confidence": 0.6343358159065247
    },
    {
      "name": "shelf",
      "confidence": 0.632118821144104
    },
    {
      "name": "ceiling",
      "confidence": 0.6288431882858276
    },
    {
      "name": "food",
      "confidence": 0.6056395769119263
    }
  ],
  "description": {
    "tags": [
      "text",
      "indoor",
      "person"
    ],
    "captions": [
      {
        "text": "a person holding a bottle of water",
        "confidence": 0.3980633318424225
      }
    ]
  },
  "faces": [
    {
      "age": 26,
      "gender": "Male",
      "faceRectangle": {
        "left": 577,
        "top": 66,
        "width": 91,
        "height": 91
      }
    }
  ],
  "objects": [
    {
      "rectangle": {
        "x": 372,
        "y": 12,
        "w": 422,
        "h": 694
      },
      "object": "person",
      "confidence": 0.854
    }
  ],
  "brands": [],
  "requestId": "009796a9-75f2-45ce-91d7-0964b8ae02c5",
  "metadata": {
    "width": 1280,
    "height": 720,
    "format": "Png"
  },
  "modelVersion": "2021-05-01"
}