{
  "categories": [
    {
      "name": "abstract_",
      "score": 0.00390625
    },
    {
      "name": "others_",
      "score": 0.046875
    },
    {
      "name": "outdoor_",
      "score": 0.0234375,
      "detail": {
        "landmarks": []
      }
    }
  ],
  "adult": {
    "isAdultContent": false,
    "isRacyContent": false,
    "isGoryContent": false,
    "adultScore": 0.009872986003756523,
    "racyScore": 0.014142172411084175,
    "goreScore": 0.002382555976510048
  },
  "color": {
    "dominantColorForeground": "Red",
    "dominantColorBackground": "Red",
    "dominantColors": [
      "Red",
      "Black"
    ],
    "accentColor": "C90218",
    "isBWImg": false
  },
  "imageType": {
    "clipArtType": 0,
    "lineDrawingType": 0
  },
  "tags": [
    {
      "name": "person",
      "confidence": 0.8355727195739746
    },
    {
      "name": "red",
      "confidence": 0.7586050033569336
    },
    {
      "name": "indoor",
      "confidence": 0.5422838926315308
    }
  ],
  "description": {
    "tags": [
      "text",
      "indoor",
      "red",
      "shelf",
      "store"
    ],
    "captions": [
      {
        "text": "a person holding a red object",
        "confidence": 0.26563021540641785
      }
    ]
  },
  "faces": [],
  "objects": [],
  "brands": [],
  "requestId": "1976db18-f10b-4f65-8b3b-94bcb00eea8e",
  "metadata": {
    "width": 1280,
    "height": 720,
    "format": "Png"
  },
  "modelVersion": "2021-05-01"
}