{
  "categories": [],
  "adult": {
    "isAdultContent": false,
    "isRacyContent": false,
    "isGoryContent": false,
    "adultScore": 0.025744089856743813,
    "racyScore": 0.0356207937002182,
    "goreScore": 0.01701885461807251
  },
  "color": {
    "dominantColorForeground": "Black",
    "dominantColorBackground": "Brown",
    "dominantColors": [
      "Black",
      "Brown"
    ],
    "accentColor": "B56D16",
    "isBWImg": false
  },
  "imageType": {
    "clipArtType": 0,
    "lineDrawingType": 0
  },
  "tags": [
    {
      "name": "footwear",
      "confidence": 0.9829075336456299
    },
    {
      "name": "outdoor",
      "confidence": 0.9749289155006409
    },
    {
      "name": "sky",
      "confidence": 0.9560266733169556
    },
    {
      "name": "hiking",
      "confidence": 0.9386382102966309
    },
    {
      "name": "person",
      "confidence": 0.9222579002380371
    },
    {
      "name": "bicycle",
      "confidence": 0.8670823574066162
    },
    {
      "name": "screenshot",
      "confidence": 0.8470268845558167
    },
    {
      "name": "ground",
      "confidence": 0.8046556711196899
    },
    {
      "name": "jump",
      "confidence": 0.5531272292137146
    }
  ],
  "description": {
    "tags": [
      "person",
      "outdoor"
    ],
    "captions": [
      {
        "text": "a person riding a bike on a sandy hill",
        "confidence": 0.275991827249527
      }
    ]
  },
  "faces": [],
  "objects": [],
  "brands": [],
  "requestId": "db4f9baf-ca2c-4fb4-b0e2-26eeff4635f6",
  "metadata": {
    "width": 1280,
    "height": 720,
    "format": "Png"
  },
  "modelVersion": "2021-05-01"
}