{
  "categories": [
    {
      "name": "building_",
      "score": 0.21875,
      "detail": {
        "landmarks": []
      }
    },
    {
      "name": "others_",
      "score": 0.00390625
    },
    {
      "name": "outdoor_",
      "score": 0.00390625,
      "detail": {
        "landmarks": []
      }
    }
  ],
  "adult": {
    "isAdultContent": false,
    "isRacyContent": false,
    "isGoryContent": false,
    "adultScore": 0.004351458977907896,
    "racyScore": 0.0049648466520011425,
    "goreScore": 0.0012533384142443538
  },
  "color": {
    "dominantColorForeground": "Blue",
    "dominantColorBackground": "Black",
    "dominantColors": [
      "Black",
      "Brown",
      "Blue"
    ],
    "accentColor": "035FC8",
    "isBWImg": false
  },
  "imageType": {
    "clipArtType": 0,
    "lineDrawingType": 0
  },
  "tags": [
    {
      "name": "clothing",
      "confidence": 0.9816210269927979
    },
    {
      "name": "sky",
      "confidence": 0.9802671074867249
    },
    {
      "name": "outdoor",
      "confidence": 0.9768399000167847
    },
    {
      "name": "person",
      "confidence": 0.9742939472198486
    },
    {
      "name": "mammal",
      "confidence": 0.936967134475708
    },
    {
      "name": "ground",
      "confidence": 0.81743323802948
    },
    {
      "name": "desert",
      "confidence": 0.7542134523391724
    },
    {
      "name": "child",
      "confidence": 0.5881223678588867
    },
    {
      "name": "girl",
      "confidence": 0.5397909879684448
    }
  ],
  "description": {
    "tags": [
      "sky",
      "person",
      "outdoor"
    ],
    "captions": [
      {
        "text": "a group of people in a field",
        "confidence": 0.46470603346824646
      }
    ]
  },
  "faces": [],
  "objects": [
    {
      "rectangle": {
        "x": 158,
        "y": 3,
        "w": 238,
        "h": 318
      },
      "object": "flag",
      "confidence": 0.504
    },
    {
      "rectangle": {
        "x": 687,
        "y": 120,
        "w": 232,
        "h": 472
      },
      "object": "person",
      "confidence": 0.705
    },
    {
      "rectangle": {
        "x": 664,
        "y": 425,
        "w": 348,
        "h": 290
      },
      "object": "mammal",
      "confidence": 0.594,
      "parent": {
        "object": "animal",
        "confidence": 0.6
      }
    },
    {
      "rectangle": {
        "x": 169,
        "y": 291,
        "w": 420,
        "h": 429
      },
      "object": "person",
      "confidence": 0.843
    }
  ],
  "brands": [],
  "requestId": "61fa29d9-3fa1-40d5-923f-ef19cced7fe6",
  "metadata": {
    "width": 1280,
    "height": 720,
    "format": "Png"
  },
  "modelVersion": "2021-05-01"
}