{
  "categories": [
    {
      "name": "others_",
      "score": 0.01171875
    },
    {
      "name": "outdoor_",
      "score": 0.00390625,
      "detail": {
        "landmarks": []
      }
    },
    {
      "name": "sky_cloud",
      "score": 0.36328125
    }
  ],
  "adult": {
    "isAdultContent": false,
    "isRacyContent": false,
    "isGoryContent": false,
    "adultScore": 0.01569102518260479,
    "racyScore": 0.06757298856973648,
    "goreScore": 0.002190710511058569
  },
  "color": {
    "dominantColorForeground": "Black",
    "dominantColorBackground": "Black",
    "dominantColors": [
      "Black"
    ],
    "accentColor": "00050B",
    "isBWImg": false
  },
  "imageType": {
    "clipArtType": 0,
    "lineDrawingType": 0
  },
  "tags": [
    {
      "name": "screenshot",
      "confidence": 0.9112502336502075
    },
    {
      "name": "aqua",
      "confidence": 0.8683426380157471
    },
    {
      "name": "underwater",
      "confidence": 0.5583940148353577
    }
  ],
  "description": {
    "tags": [
      "text",
      "image",
      "ocean floor"
    ],
    "captions": [
      {
        "text": "a person swimming underwater",
        "confidence": 0.33605891466140747
      }
    ]
  },
  "faces": [],
  "objects": [],
  "brands": [],
  "requestId": "debee8c6-4bff-40a0-a610-ab7f52ad4b3e",
  "metadata": {
    "width": 1280,
    "height": 720,
    "format": "Png"
  },
  "modelVersion": "2021-05-01"
}