{
  "categories": [
    {
      "name": "abstract_",
      "score": 0.00390625
    },
    {
      "name": "others_",
      "score": 0.0546875
    },
    {
      "name": "outdoor_",
      "score": 0.00390625,
      "detail": {
        "landmarks": []
      }
    }
  ],
  "adult": {
    "isAdultContent": false,
    "isRacyContent": false,
    "isGoryContent": false,
    "adultScore": 0.006041102111339569,
    "racyScore": 0.008257901296019554,
    "goreScore": 0.0014246371574699879
  },
  "color": {
    "dominantColorForeground": "Black",
    "dominantColorBackground": "Black",
    "dominantColors": [
      "Black",
      "Grey"
    ],
    "accentColor": "895A42",
    "isBWImg": false
  },
  "imageType": {
    "clipArtType": 0,
    "lineDrawingType": 0
  },
  "tags": [
    {
      "name": "screenshot",
      "confidence": 0.9231398105621338
    },
    {
      "name": "ground",
      "confidence": 0.7692393064498901
    },
    {
      "name": "outdoor",
      "confidence": 0.5916258096694946
    },
    {
      "name": "street",
      "confidence": 0.4600714147090912
    }
  ],
  "description": {
    "tags": [
      "text"
    ],
    "captions": [
      {
        "text": "a green car parked on a road",
        "confidence": 0.3429620862007141
      }
    ]
  },
  "faces": [],
  "objects": [
    {
      "rectangle": {
        "x": 434,
        "y": 158,
        "w": 521,
        "h": 379
      },
      "object": "Vehicle",
      "confidence": 0.559
    }
  ],
  "brands": [],
  "requestId": "4d59b530-878d-4f46-94db-b764335359d3",
  "metadata": {
    "width": 1280,
    "height": 720,
    "format": "Png"
  },
  "modelVersion": "2021-05-01"
}