{
  "categories": [
    {
      "name": "dark_fire",
      "score": 0.6015625
    }
  ],
  "adult": {
    "isAdultContent": false,
    "isRacyContent": false,
    "isGoryContent": false,
    "adultScore": 0.008869841694831848,
    "racyScore": 0.016829952597618103,
    "goreScore": 0.07650056481361389
  },
  "color": {
    "dominantColorForeground": "Black",
    "dominantColorBackground": "Black",
    "dominantColors": [
      "Black"
    ],
    "accentColor": "BD250E",
    "isBWImg": false
  },
  "imageType": {
    "clipArtType": 1,
    "lineDrawingType": 0
  },
  "tags": [
    {
      "name": "musical instrument",
      "confidence": 0.9883833527565002
    },
    {
      "name": "concert",
      "confidence": 0.9882637858390808
    },
    {
      "name": "musician",
      "confidence": 0.9295288920402527
    },
    {
      "name": "music",
      "confidence": 0.9148380756378174
    },
    {
      "name": "string instrument",
      "confidence": 0.9133069515228271
    },
    {
      "name": "guitarist",
      "confidence": 0.9119683504104614
    },
    {
      "name": "performance",
      "confidence": 0.9015816450119019
    },
    {
      "name": "music artist",
      "confidence": 0.8922484517097473
    },
    {
      "name": "guitar",
      "confidence": 0.8880394697189331
    },
    {
      "name": "artist",
      "confidence": 0.882271409034729
    },
    {
      "name": "rock concert",
      "confidence": 0.8765406012535095
    },
    {
      "name": "music venue",
      "confidence": 0.8730393648147583
    },
    {
      "name": "entertainment",
      "confidence": 0.8699374198913574
    },
    {
      "name": "pop music",
      "confidence": 0.868447482585907
    },
    {
      "name": "song",
      "confidence": 0.866252601146698
    },
    {
      "name": "plucked string instruments",
      "confidence": 0.8597416877746582
    },
    {
      "name": "electric guitar",
      "confidence": 0.846909761428833
    },
    {
      "name": "bassist",
      "confidence": 0.8454635739326477
    },
    {
      "name": "gig",
      "confidence": 0.47537603974342346
    },
    {
      "name": "band",
      "confidence": 0.4427633285522461
    }
  ],
  "description": {
    "tags": [
      "indoor",
      "dark",
      "guitar"
    ],
    "captions": [
      {
        "text": "a person playing a guitar",
        "confidence": 0.5768027901649475
      }
    ]
  },
  "faces": [],
  "objects": [
    {
      "rectangle": {
        "x": 297,
        "y": 116,
        "w": 348,
        "h": 592
      },
      "object": "person",
      "confidence": 0.835
    },
    {
      "rectangle": {
        "x": 367,
        "y": 319,
        "w": 473,
        "h": 389
      },
      "object": "electric guitar",
      "confidence": 0.532,
      "parent": {
        "object": "guitar",
        "confidence": 0.659,
        "parent": {
          "object": "string instrument",
          "confidence": 0.668,
          "parent": {
            "object": "Musical instrument",
            "confidence": 0.68
          }
        }
      }
    }
  ],
  "brands": [],
  "requestId": "f2076649-0583-41f6-9a5b-67361d45136c",
  "metadata": {
    "width": 1280,
    "height": 720,
    "format": "Png"
  },
  "modelVersion": "2021-05-01"
}