{
  "categories": [
    {
      "name": "others_",
      "score": 0.015625
    },
    {
      "name": "outdoor_",
      "score": 0.0078125,
      "detail": {
        "landmarks": []
      }
    },
    {
      "name": "sky_cloud",
      "score": 0.29296875
    }
  ],
  "adult": {
    "isAdultContent": false,
    "isRacyContent": false,
    "isGoryContent": false,
    "adultScore": 0.00519679207354784,
    "racyScore": 0.02419843152165413,
    "goreScore": 0.001042853808030486
  },
  "color": {
    "dominantColorForeground": "Black",
    "dominantColorBackground": "Black",
    "dominantColors": [
      "Black"
    ],
    "accentColor": "00040A",
    "isBWImg": false
  },
  "imageType": {
    "clipArtType": 0,
    "lineDrawingType": 0
  },
  "tags": [
    {
      "name": "screenshot",
      "confidence": 0.932227373123169
    },
    {
      "name": "indoor",
      "confidence": 0.70771324634552
    },
    {
      "name": "light",
      "confidence": 0.6789484024047852
    }
  ],
  "description": {
    "tags": [],
    "captions": [
      {
        "text": "a close-up of a fish",
        "confidence": 0.3999005854129791
      }
    ]
  },
  "faces": [],
  "objects": [],
  "brands": [],
  "requestId": "7708fdb6-271e-4c01-ac9e-3a6b0f95c37b",
  "metadata": {
    "width": 1280,
    "height": 720,
    "format": "Png"
  },
  "modelVersion": "2021-05-01"
}