{
  "categories": [
    {
      "name": "others_",
      "score": 0.0078125
    },
    {
      "name": "outdoor_",
      "score": 0.00390625,
      "detail": {
        "landmarks": []
      }
    }
  ],
  "adult": {
    "isAdultContent": false,
    "isRacyContent": false,
    "isGoryContent": false,
    "adultScore": 0.01887509971857071,
    "racyScore": 0.02739911526441574,
    "goreScore": 0.0018078491557389498
  },
  "color": {
    "dominantColorForeground": "Black",
    "dominantColorBackground": "Black",
    "dominantColors": [
      "Black"
    ],
    "accentColor": "11B6BA",
    "isBWImg": false
  },
  "imageType": {
    "clipArtType": 0,
    "lineDrawingType": 0
  },
  "tags": [
    {
      "name": "water",
      "confidence": 0.8868560194969177
    },
    {
      "name": "swimming",
      "confidence": 0.8512611389160156
    },
    {
      "name": "underwater",
      "confidence": 0.7971473932266235
    }
  ],
  "description": {
    "tags": [
      "water sport",
      "dark",
      "swimming"
    ],
    "captions": [
      {
        "text": "a group of people in the air",
        "confidence": 0.3586621582508087
      }
    ]
  },
  "faces": [],
  "objects": [
    {
      "rectangle": {
        "x": 847,
        "y": 84,
        "w": 181,
        "h": 376
      },
      "object": "person",
      "confidence": 0.563
    },
    {
      "rectangle": {
        "x": 424,
        "y": 17,
        "w": 264,
        "h": 682
      },
      "object": "person",
      "confidence": 0.789
    }
  ],
  "brands": [],
  "requestId": "b327cb6b-4f35-4200-93c9-72ae2970bbba",
  "metadata": {
    "width": 1280,
    "height": 720,
    "format": "Png"
  },
  "modelVersion": "2021-05-01"
}