{
  "categories": [
    {
      "name": "others_",
      "score": 0.18359375
    },
    {
      "name": "people_show",
      "score": 0.38671875
    }
  ],
  "adult": {
    "isAdultContent": false,
    "isRacyContent": false,
    "isGoryContent": false,
    "adultScore": 0.012998577207326889,
    "racyScore": 0.08539517223834991,
    "goreScore": 0.0020857439376413822
  },
  "color": {
    "dominantColorForeground": "Black",
    "dominantColorBackground": "Black",
    "dominantColors": [
      "Black"
    ],
    "accentColor": "3D3893",
    "isBWImg": false
  },
  "imageType": {
    "clipArtType": 0,
    "lineDrawingType": 0
  },
  "tags": [
    {
      "name": "clothing",
      "confidence": 0.9785081148147583
    },
    {
      "name": "vehicle",
      "confidence": 0.9442011713981628
    },
    {
      "name": "footwear",
      "confidence": 0.935562252998352
    },
    {
      "name": "person",
      "confidence": 0.8876667022705078
    },
    {
      "name": "car",
      "confidence": 0.881624162197113
    },
    {
      "name": "land vehicle",
      "confidence": 0.8748946189880371
    },
    {
      "name": "ground",
      "confidence": 0.5891466736793518
    },
    {
      "name": "night",
      "confidence": 0.5745280981063843
    },
    {
      "name": "outdoor",
      "confidence": 0.5462658405303955
    }
  ],
  "description": {
    "tags": [
      "floor"
    ],
    "captions": [
      {
        "text": "two men walking down a sidewalk",
        "confidence": 0.3215714693069458
      }
    ]
  },
  "faces": [],
  "objects": [
    {
      "rectangle": {
        "x": 312,
        "y": 96,
        "w": 309,
        "h": 288
      },
      "object": "Land vehicle",
      "confidence": 0.536,
      "parent": {
        "object": "Vehicle",
        "confidence": 0.537
      }
    },
    {
      "rectangle": {
        "x": 191,
        "y": 237,
        "w": 221,
        "h": 364
      },
      "object": "person",
      "confidence": 0.784
    },
    {
      "rectangle": {
        "x": 584,
        "y": 215,
        "w": 146,
        "h": 383
      },
      "object": "person",
      "confidence": 0.796
    }
  ],
  "brands": [],
  "requestId": "c8da5015-440d-4bb6-9b53-03e2b9899303",
  "metadata": {
    "width": 1280,
    "height": 720,
    "format": "Png"
  },
  "modelVersion": "2021-05-01"
}