{
  "categories": [
    {
      "name": "people_show",
      "score": 0.59375
    }
  ],
  "adult": {
    "isAdultContent": false,
    "isRacyContent": false,
    "isGoryContent": false,
    "adultScore": 0.002447798615321517,
    "racyScore": 0.00333722704090178,
    "goreScore": 0.0007060104398988187
  },
  "color": {
    "dominantColorForeground": "Black",
    "dominantColorBackground": "Black",
    "dominantColors": [
      "Black"
    ],
    "accentColor": "B56816",
    "isBWImg": false
  },
  "imageType": {
    "clipArtType": 0,
    "lineDrawingType": 0
  },
  "tags": [
    {
      "name": "clothing",
      "confidence": 0.9955238103866577
    },
    {
      "name": "human face",
      "confidence": 0.9783575534820557
    },
    {
      "name": "person",
      "confidence": 0.9698911905288696
    },
    {
      "name": "darkness",
      "confidence": 0.9220161437988281
    },
    {
      "name": "woman",
      "confidence": 0.8676985502243042
    },
    {
      "name": "man",
      "confidence": 0.858710765838623
    },
    {
      "name": "people",
      "confidence": 0.7578355073928833
    },
    {
      "name": "dark",
      "confidence": 0.6096875667572021
    },
    {
      "name": "art",
      "confidence": 0.500035285949707
    }
  ],
  "description": {
    "tags": [
      "person",
      "indoor",
      "dark",
      "crowd"
    ],
    "captions": [
      {
        "text": "a group of people in a room",
        "confidence": 0.5231505036354065
      }
    ]
  },
  "faces": [],
  "objects": [
    {
      "rectangle": {
        "x": 565,
        "y": 189,
        "w": 206,
        "h": 483
      },
      "object": "person",
      "confidence": 0.705
    },
    {
      "rectangle": {
        "x": 306,
        "y": 259,
        "w": 290,
        "h": 457
      },
      "object": "person",
      "confidence": 0.754
    }
  ],
  "brands": [],
  "requestId": "174f02e6-9fef-463e-976a-9bbc0c3b8626",
  "metadata": {
    "width": 1280,
    "height": 720,
    "format": "Png"
  },
  "modelVersion": "2021-05-01"
}