{
  "categories": [
    {
      "name": "others_",
      "score": 0.0078125
    },
    {
      "name": "people_portrait",
      "score": 0.55078125,
      "detail": {
        "celebrities": [
          {
            "name": "Billy Corgan",
            "confidence": 0.9345446228981018,
            "faceRectangle": {
              "left": 439,
              "top": 128,
              "width": 488,
              "height": 488
            }
          }
        ]
      }
    }
  ],
  "adult": {
    "isAdultContent": false,
    "isRacyContent": false,
    "isGoryContent": false,
    "adultScore": 0.020861441269516945,
    "racyScore": 0.023181259632110596,
    "goreScore": 0.0024636059533804655
  },
  "color": {
    "dominantColorForeground": "White",
    "dominantColorBackground": "Black",
    "dominantColors": [
      "Black"
    ],
    "accentColor": "A52626",
    "isBWImg": false
  },
  "imageType": {
    "clipArtType": 0,
    "lineDrawingType": 0
  },
  "tags": [
    {
      "name": "human face",
      "confidence": 0.982046365737915
    },
    {
      "name": "person",
      "confidence": 0.9576261043548584
    },
    {
      "name": "screenshot",
      "confidence": 0.9234834313392639
    },
    {
      "name": "lip",
      "confidence": 0.8667972683906555
    },
    {
      "name": "smile",
      "confidence": 0.86020827293396
    }
  ],
  "description": {
    "tags": [
      "person",
      "man",
      "indoor",
      "dark"
    ],
    "captions": [
      {
        "text": "Billy Corgan with his eyes closed",
        "confidence": 0.3937331736087799
      }
    ]
  },
  "faces": [
    {
      "age": 21,
      "gender": "Male",
      "faceRectangle": {
        "left": 440,
        "top": 129,
        "width": 489,
        "height": 489
      }
    }
  ],
  "objects": [
    {
      "rectangle": {
        "x": 189,
        "y": 1,
        "w": 835,
        "h": 699
      },
      "object": "person",
      "confidence": 0.813
    }
  ],
  "brands": [],
  "requestId": "7c973ea8-34bd-406f-b86e-76d45a0c9d65",
  "metadata": {
    "width": 1280,
    "height": 720,
    "format": "Png"
  },
  "modelVersion": "2021-05-01"
}