{
  "categories": [
    {
      "name": "others_",
      "score": 0.05859375
    },
    {
      "name": "outdoor_",
      "score": 0.00390625,
      "detail": {
        "landmarks": []
      }
    }
  ],
  "adult": {
    "isAdultContent": false,
    "isRacyContent": false,
    "isGoryContent": false,
    "adultScore": 0.01675317995250225,
    "racyScore": 0.027540169656276703,
    "goreScore": 0.004395642317831516
  },
  "color": {
    "dominantColorForeground": "Black",
    "dominantColorBackground": "Black",
    "dominantColors": [
      "Black",
      "Blue"
    ],
    "accentColor": "192AB2",
    "isBWImg": false
  },
  "imageType": {
    "clipArtType": 0,
    "lineDrawingType": 0
  },
  "tags": [
    {
      "name": "sky",
      "confidence": 0.9789628386497498
    },
    {
      "name": "outdoor",
      "confidence": 0.9626258611679077
    },
    {
      "name": "screenshot",
      "confidence": 0.9383134841918945
    },
    {
      "name": "grass",
      "confidence": 0.9118876457214355
    },
    {
      "name": "person",
      "confidence": 0.8593862652778625
    },
    {
      "name": "footwear",
      "confidence": 0.8537150025367737
    },
    {
      "name": "art",
      "confidence": 0.4492383599281311
    }
  ],
  "description": {
    "tags": [
      "sky",
      "outdoor",
      "person",
      "dark"
    ],
    "captions": [
      {
        "text": "a person in a garment",
        "confidence": 0.33742135763168335
      }
    ]
  },
  "faces": [],
  "objects": [
    {
      "rectangle": {
        "x": 824,
        "y": 139,
        "w": 176,
        "h": 477
      },
      "object": "person",
      "confidence": 0.794
    }
  ],
  "brands": [],
  "requestId": "95eca237-a9e7-4f95-97d4-d8942a20f0a9",
  "metadata": {
    "width": 1280,
    "height": 720,
    "format": "Png"
  },
  "modelVersion": "2021-05-01"
}