{
  "categories": [
    {
      "name": "others_",
      "score": 0.00390625
    },
    {
      "name": "people_swimming",
      "score": 0.75
    }
  ],
  "adult": {
    "isAdultContent": false,
    "isRacyContent": false,
    "isGoryContent": false,
    "adultScore": 0.03197932243347168,
    "racyScore": 0.26454228162765503,
    "goreScore": 0.00180990865919739
  },
  "color": {
    "dominantColorForeground": "Black",
    "dominantColorBackground": "Black",
    "dominantColors": [
      "Black"
    ],
    "accentColor": "0EB3BD",
    "isBWImg": false
  },
  "imageType": {
    "clipArtType": 0,
    "lineDrawingType": 0
  },
  "tags": [
    {
      "name": "sport",
      "confidence": 0.9397022724151611
    },
    {
      "name": "underwater",
      "confidence": 0.9281924962997437
    },
    {
      "name": "swimming",
      "confidence": 0.9219607710838318
    },
    {
      "name": "underwater diving",
      "confidence": 0.8895248174667358
    },
    {
      "name": "diving equipment",
      "confidence": 0.8730161786079407
    },
    {
      "name": "water",
      "confidence": 0.825741171836853
    },
    {
      "name": "diving",
      "confidence": 0.6875331997871399
    }
  ],
  "description": {
    "tags": [
      "swimming",
      "dark",
      "ocean floor"
    ],
    "captions": [
      {
        "text": "a person swimming underwater",
        "confidence": 0.3646107017993927
      }
    ]
  },
  "faces": [],
  "objects": [
    {
      "rectangle": {
        "x": 183,
        "y": 50,
        "w": 558,
        "h": 632
      },
      "object": "animal",
      "confidence": 0.504
    }
  ],
  "brands": [],
  "requestId": "9c340d2f-94b7-4d22-b10d-697e913640a1",
  "metadata": {
    "width": 1280,
    "height": 720,
    "format": "Png"
  },
  "modelVersion": "2021-05-01"
}