{
  "categories": [
    {
      "name": "dark_fire",
      "score": 0.6875
    }
  ],
  "adult": {
    "isAdultContent": false,
    "isRacyContent": false,
    "isGoryContent": false,
    "adultScore": 0.10643061250448227,
    "racyScore": 0.21747560799121857,
    "goreScore": 0.03033580258488655
  },
  "color": {
    "dominantColorForeground": "Black",
    "dominantColorBackground": "Black",
    "dominantColors": [
      "Black",
      "Brown"
    ],
    "accentColor": "110300",
    "isBWImg": false
  },
  "imageType": {
    "clipArtType": 1,
    "lineDrawingType": 0
  },
  "tags": [
    {
      "name": "darkness",
      "confidence": 0.9361050128936768
    },
    {
      "name": "black",
      "confidence": 0.8687151670455933
    },
    {
      "name": "night",
      "confidence": 0.7240142226219177
    },
    {
      "name": "outdoor",
      "confidence": 0.6224403977394104
    },
    {
      "name": "music",
      "confidence": 0.519541323184967
    },
    {
      "name": "light",
      "confidence": 0.4201045334339142
    }
  ],
  "description": {
    "tags": [
      "dark"
    ],
    "captions": [
      {
        "text": "a close-up of a fire",
        "confidence": 0.5133983492851257
      }
    ]
  },
  "faces": [],
  "objects": [],
  "brands": [],
  "requestId": "2be9ddd0-c9d5-48e0-904d-0115192a074a",
  "metadata": {
    "width": 1280,
    "height": 720,
    "format": "Png"
  },
  "modelVersion": "2021-05-01"
}