{
  "categories": [
    {
      "name": "abstract_",
      "score": 0.00390625
    },
    {
      "name": "others_",
      "score": 0.03125
    },
    {
      "name": "outdoor_",
      "score": 0.00390625,
      "detail": {
        "landmarks": []
      }
    }
  ],
  "adult": {
    "isAdultContent": false,
    "isRacyContent": false,
    "isGoryContent": false,
    "adultScore": 0.0215695071965456,
    "racyScore": 0.04710622876882553,
    "goreScore": 0.0012316351057961583
  },
  "color": {
    "dominantColorForeground": "White",
    "dominantColorBackground": "White",
    "dominantColors": [
      "White",
      "Black"
    ],
    "accentColor": "198BB2",
    "isBWImg": false
  },
  "imageType": {
    "clipArtType": 1,
    "lineDrawingType": 0
  },
  "tags": [
    {
      "name": "screenshot",
      "confidence": 0.9150923490524292
    },
    {
      "name": "violet",
      "confidence": 0.8544516563415527
    }
  ],
  "description": {
    "tags": [
      "background pattern"
    ],
    "captions": [
      {
        "text": "background pattern",
        "confidence": 0.4670325815677643
      }
    ]
  },
  "faces": [],
  "objects": [],
  "brands": [],
  "requestId": "c198e010-55be-45fd-9fbe-b661fba152ef",
  "metadata": {
    "width": 1280,
    "height": 720,
    "format": "Png"
  },
  "modelVersion": "2021-05-01"
}