{
  "categories": [
    {
      "name": "others_",
      "score": 0.12890625
    },
    {
      "name": "outdoor_",
      "score": 0.00390625,
      "detail": {
        "landmarks": []
      }
    }
  ],
  "adult": {
    "isAdultContent": false,
    "isRacyContent": false,
    "isGoryContent": false,
    "adultScore": 0.00822356529533863,
    "racyScore": 0.012449418194591999,
    "goreScore": 0.0006632800213992596
  },
  "color": {
    "dominantColorForeground": "Black",
    "dominantColorBackground": "Black",
    "dominantColors": [
      "Black"
    ],
    "accentColor": "0E9CBD",
    "isBWImg": false
  },
  "imageType": {
    "clipArtType": 0,
    "lineDrawingType": 0
  },
  "tags": [
    {
      "name": "clothing",
      "confidence": 0.988545298576355
    },
    {
      "name": "person",
      "confidence": 0.965363085269928
    },
    {
      "name": "footwear",
      "confidence": 0.9644930362701416
    },
    {
      "name": "man",
      "confidence": 0.9365254640579224
    },
    {
      "name": "billboard",
      "confidence": 0.8969718217849731
    },
    {
      "name": "outdoor",
      "confidence": 0.7481858730316162
    },
    {
      "name": "street",
      "confidence": 0.6498526334762573
    },
    {
      "name": "people",
      "confidence": 0.571194052696228
    },
    {
      "name": "night",
      "confidence": 0.5460332036018372
    },
    {
      "name": "vending machine",
      "confidence": 0.54094398021698
    },
    {
      "name": "cash machine",
      "confidence": 0.5382692813873291
    }
  ],
  "description": {
    "tags": [
      "text",
      "person"
    ],
    "captions": [
      {
        "text": "a group of people walking down a street at night",
        "confidence": 0.5450721383094788
      }
    ]
  },
  "faces": [],
  "objects": [
    {
      "rectangle": {
        "x": 307,
        "y": 344,
        "w": 212,
        "h": 364
      },
      "object": "person",
      "confidence": 0.755
    },
    {
      "rectangle": {
        "x": 498,
        "y": 390,
        "w": 114,
        "h": 314
      },
      "object": "person",
      "confidence": 0.731
    },
    {
      "rectangle": {
        "x": 320,
        "y": 531,
        "w": 159,
        "h": 181
      },
      "object": "Jeans",
      "confidence": 0.59,
      "parent": {
        "object": "Trousers",
        "confidence": 0.59
      }
    }
  ],
  "brands": [],
  "requestId": "b8e3716c-3694-430a-b0b2-ff7f6b7854a9",
  "metadata": {
    "width": 1280,
    "height": 720,
    "format": "Png"
  },
  "modelVersion": "2021-05-01"
}