{
  "categories": [
    {
      "name": "people_many",
      "score": 0.53515625,
      "detail": {
        "celebrities": []
      }
    }
  ],
  "adult": {
    "isAdultContent": false,
    "isRacyContent": false,
    "isGoryContent": false,
    "adultScore": 0.0024444768205285072,
    "racyScore": 0.003981413785368204,
    "goreScore": 0.000595667224843055
  },
  "color": {
    "dominantColorForeground": "Black",
    "dominantColorBackground": "Black",
    "dominantColors": [
      "Black"
    ],
    "accentColor": "C97F02",
    "isBWImg": false
  },
  "imageType": {
    "clipArtType": 0,
    "lineDrawingType": 0
  },
  "tags": [
    {
      "name": "human face",
      "confidence": 0.9939625263214111
    },
    {
      "name": "clothing",
      "confidence": 0.9932162761688232
    },
    {
      "name": "person",
      "confidence": 0.9929547309875488
    },
    {
      "name": "glasses",
      "confidence": 0.8727055788040161
    },
    {
      "name": "people",
      "confidence": 0.5807615518569946
    },
    {
      "name": "woman",
      "confidence": 0.554897665977478
    }
  ],
  "description": {
    "tags": [
      "person"
    ],
    "captions": [
      {
        "text": "a group of people sitting in a dark room holding a book",
        "confidence": 0.3822014033794403
      }
    ]
  },
  "faces": [
    {
      "age": 21,
      "gender": "Male",
      "faceRectangle": {
        "left": 942,
        "top": 22,
        "width": 141,
        "height": 141
      }
    }
  ],
  "objects": [
    {
      "rectangle": {
        "x": 156,
        "y": 0,
        "w": 282,
        "h": 695
      },
      "object": "person",
      "confidence": 0.65
    },
    {
      "rectangle": {
        "x": 361,
        "y": 0,
        "w": 492,
        "h": 703
      },
      "object": "person",
      "confidence": 0.68
    },
    {
      "rectangle": {
        "x": 741,
        "y": 0,
        "w": 400,
        "h": 697
      },
      "object": "person",
      "confidence": 0.721
    }
  ],
  "brands": [],
  "requestId": "a4201f7f-c0ff-46dc-af2e-313e647ce1fe",
  "metadata": {
    "width": 1280,
    "height": 720,
    "format": "Png"
  },
  "modelVersion": "2021-05-01"
}