{
  "categories": [
    {
      "name": "abstract_",
      "score": 0.00390625
    },
    {
      "name": "others_",
      "score": 0.0859375
    }
  ],
  "adult": {
    "isAdultContent": false,
    "isRacyContent": false,
    "isGoryContent": false,
    "adultScore": 0.043615203350782394,
    "racyScore": 0.1955711543560028,
    "goreScore": 0.00206290022470057
  },
  "color": {
    "dominantColorForeground": "Black",
    "dominantColorBackground": "Black",
    "dominantColors": [
      "Black"
    ],
    "accentColor": "060617",
    "isBWImg": false
  },
  "imageType": {
    "clipArtType": 0,
    "lineDrawingType": 0
  },
  "tags": [
    {
      "name": "aquarium",
      "confidence": 0.8850732445716858
    },
    {
      "name": "black",
      "confidence": 0.8528645038604736
    },
    {
      "name": "shadow",
      "confidence": 0.48098546266555786
    }
  ],
  "description": {
    "tags": [
      "dark",
      "black"
    ],
    "captions": [
      {
        "text": "a person holding a glass ball",
        "confidence": 0.29062047600746155
      }
    ]
  },
  "faces": [],
  "objects": [
    {
      "rectangle": {
        "x": 477,
        "y": 6,
        "w": 569,
        "h": 698
      },
      "object": "animal",
      "confidence": 0.576
    }
  ],
  "brands": [],
  "requestId": "b6cc525a-0cd8-496d-a038-fcc740990d2e",
  "metadata": {
    "width": 1280,
    "height": 720,
    "format": "Png"
  },
  "modelVersion": "2021-05-01"
}