{
  "categories": [
    {
      "name": "others_",
      "score": 0.00390625
    }
  ],
  "adult": {
    "isAdultContent": false,
    "isRacyContent": false,
    "isGoryContent": false,
    "adultScore": 0.011248850263655186,
    "racyScore": 0.013460550457239151,
    "goreScore": 0.004564568400382996
  },
  "color": {
    "dominantColorForeground": "White",
    "dominantColorBackground": "Black",
    "dominantColors": [
      "Black"
    ],
    "accentColor": "65282E",
    "isBWImg": false
  },
  "imageType": {
    "clipArtType": 0,
    "lineDrawingType": 0
  },
  "tags": [
    {
      "name": "human face",
      "confidence": 0.9954901933670044
    },
    {
      "name": "person",
      "confidence": 0.980903148651123
    },
    {
      "name": "smile",
      "confidence": 0.9192306995391846
    },
    {
      "name": "lip",
      "confidence": 0.9087614417076111
    },
    {
      "name": "screenshot",
      "confidence": 0.8867313861846924
    },
    {
      "name": "forehead",
      "confidence": 0.8715250492095947
    },
    {
      "name": "chin",
      "confidence": 0.8592396378517151
    },
    {
      "name": "eyebrow",
      "confidence": 0.8527019619941711
    },
    {
      "name": "cheek",
      "confidence": 0.8499740958213806
    },
    {
      "name": "darkness",
      "confidence": 0.8430569171905518
    },
    {
      "name": "light",
      "confidence": 0.553963303565979
    }
  ],
  "description": {
    "tags": [
      "person",
      "indoor"
    ],
    "captions": [
      {
        "text": "Billy Corgan with a shocked expression",
        "confidence": 0.304360568523407
      }
    ]
  },
  "faces": [
    {
      "age": 13,
      "gender": "Male",
      "faceRectangle": {
        "left": 565,
        "top": 130,
        "width": 483,
        "height": 483
      }
    }
  ],
  "objects": [
    {
      "rectangle": {
        "x": 468,
        "y": 12,
        "w": 670,
        "h": 694
      },
      "object": "person",
      "confidence": 0.772
    }
  ],
  "brands": [],
  "requestId": "8ce90135-1c11-47a9-8742-cd0ff2b8e568",
  "metadata": {
    "width": 1280,
    "height": 720,
    "format": "Png"
  },
  "modelVersion": "2021-05-01"
}