{
  "categories": [
    {
      "name": "others_",
      "score": 0.0234375
    }
  ],
  "adult": {
    "isAdultContent": false,
    "isRacyContent": false,
    "isGoryContent": false,
    "adultScore": 0.02129223756492138,
    "racyScore": 0.02483408711850643,
    "goreScore": 0.0015370675828307867
  },
  "color": {
    "dominantColorForeground": "Brown",
    "dominantColorBackground": "Black",
    "dominantColors": [
      "Black"
    ],
    "accentColor": "403F8C",
    "isBWImg": false
  },
  "imageType": {
    "clipArtType": 0,
    "lineDrawingType": 0
  },
  "tags": [
    {
      "name": "person",
      "confidence": 0.993980884552002
    },
    {
      "name": "human face",
      "confidence": 0.9932820796966553
    },
    {
      "name": "clothing",
      "confidence": 0.9619370698928833
    },
    {
      "name": "screenshot",
      "confidence": 0.9162445068359375
    },
    {
      "name": "blurry",
      "confidence": 0.8960698843002319
    },
    {
      "name": "boy",
      "confidence": 0.8834681510925293
    },
    {
      "name": "snapshot",
      "confidence": 0.8641583323478699
    },
    {
      "name": "man",
      "confidence": 0.8561743497848511
    },
    {
      "name": "chin",
      "confidence": 0.8437100052833557
    }
  ],
  "description": {
    "tags": [
      "person",
      "man",
      "nature",
      "dark"
    ],
    "captions": [
      {
        "text": "a man with a blue shirt",
        "confidence": 0.3337133526802063
      }
    ]
  },
  "faces": [],
  "objects": [
    {
      "rectangle": {
        "x": 187,
        "y": 27,
        "w": 837,
        "h": 692
      },
      "object": "person",
      "confidence": 0.902
    }
  ],
  "brands": [],
  "requestId": "43eb72ca-b346-43d4-b0c5-4a62f013fd83",
  "metadata": {
    "width": 1280,
    "height": 720,
    "format": "Png"
  },
  "modelVersion": "2021-05-01"
}