{
  "categories": [
    {
      "name": "others_",
      "score": 0.00390625
    },
    {
      "name": "outdoor_",
      "score": 0.01953125,
      "detail": {
        "landmarks": []
      }
    }
  ],
  "adult": {
    "isAdultContent": false,
    "isRacyContent": false,
    "isGoryContent": false,
    "adultScore": 0.018568959087133408,
    "racyScore": 0.02195749804377556,
    "goreScore": 0.0017617099219933152
  },
  "color": {
    "dominantColorForeground": "Black",
    "dominantColorBackground": "Black",
    "dominantColors": [
      "Black",
      "Blue"
    ],
    "accentColor": "192CB2",
    "isBWImg": false
  },
  "imageType": {
    "clipArtType": 0,
    "lineDrawingType": 0
  },
  "tags": [
    {
      "name": "sky",
      "confidence": 0.9776996374130249
    },
    {
      "name": "outdoor",
      "confidence": 0.9522181153297424
    },
    {
      "name": "footwear",
      "confidence": 0.9148094654083252
    },
    {
      "name": "screenshot",
      "confidence": 0.9103873372077942
    },
    {
      "name": "man",
      "confidence": 0.9059891700744629
    },
    {
      "name": "grass",
      "confidence": 0.8786822557449341
    },
    {
      "name": "person",
      "confidence": 0.8757234811782837
    },
    {
      "name": "clothing",
      "confidence": 0.8668661117553711
    },
    {
      "name": "hiking",
      "confidence": 0.8625993728637695
    },
    {
      "name": "tire",
      "confidence": 0.8411478996276855
    },
    {
      "name": "people",
      "confidence": 0.7615574598312378
    },
    {
      "name": "field",
      "confidence": 0.6390340328216553
    },
    {
      "name": "standing",
      "confidence": 0.6123290657997131
    }
  ],
  "description": {
    "tags": [
      "text",
      "sky",
      "person",
      "outdoor",
      "man"
    ],
    "captions": [
      {
        "text": "a group of people riding a large tire",
        "confidence": 0.37749630212783813
      }
    ]
  },
  "faces": [],
  "objects": [
    {
      "rectangle": {
        "x": 789,
        "y": 185,
        "w": 152,
        "h": 405
      },
      "object": "person",
      "confidence": 0.791
    },
    {
      "rectangle": {
        "x": 984,
        "y": 336,
        "w": 113,
        "h": 244
      },
      "object": "person",
      "confidence": 0.709
    }
  ],
  "brands": [],
  "requestId": "c1f39e90-9af7-4355-858d-6cebf296bcb4",
  "metadata": {
    "width": 1280,
    "height": 720,
    "format": "Png"
  },
  "modelVersion": "2021-05-01"
}