{
  "categories": [
    {
      "name": "abstract_",
      "score": 0.00390625
    },
    {
      "name": "others_",
      "score": 0.0234375
    },
    {
      "name": "outdoor_",
      "score": 0.00390625,
      "detail": {
        "landmarks": []
      }
    }
  ],
  "adult": {
    "isAdultContent": false,
    "isRacyContent": false,
    "isGoryContent": false,
    "adultScore": 0.06532157957553864,
    "racyScore": 0.22342336177825928,
    "goreScore": 0.020891817286610603
  },
  "color": {
    "dominantColorForeground": "Black",
    "dominantColorBackground": "Black",
    "dominantColors": [
      "Black"
    ],
    "accentColor": "0B091A",
    "isBWImg": false
  },
  "imageType": {
    "clipArtType": 0,
    "lineDrawingType": 0
  },
  "tags": [
    {
      "name": "person",
      "confidence": 0.9546442031860352
    },
    {
      "name": "bathtub",
      "confidence": 0.9104841947555542
    },
    {
      "name": "human face",
      "confidence": 0.9038350582122803
    },
    {
      "name": "indoor",
      "confidence": 0.794833779335022
    },
    {
      "name": "wall",
      "confidence": 0.7340943217277527
    }
  ],
  "description": {
    "tags": [
      "text",
      "person"
    ],
    "captions": [
      {
        "text": "a couple of people in a pool",
        "confidence": 0.4260144531726837
      }
    ]
  },
  "faces": [],
  "objects": [
    {
      "rectangle": {
        "x": 358,
        "y": 278,
        "w": 644,
        "h": 431
      },
      "object": "person",
      "confidence": 0.769
    }
  ],
  "brands": [],
  "requestId": "9e52e732-f3dc-45ac-9557-d90a7bf3f059",
  "metadata": {
    "width": 1280,
    "height": 720,
    "format": "Png"
  },
  "modelVersion": "2021-05-01"
}