{
  "categories": [
    {
      "name": "dark_",
      "score": 0.87890625
    }
  ],
  "adult": {
    "isAdultContent": false,
    "isRacyContent": false,
    "isGoryContent": false,
    "adultScore": 0.06128183379769325,
    "racyScore": 0.1278638392686844,
    "goreScore": 0.021052276715636253
  },
  "color": {
    "dominantColorForeground": "Black",
    "dominantColorBackground": "Black",
    "dominantColors": [
      "Black"
    ],
    "accentColor": "000006",
    "isBWImg": true
  },
  "imageType": {
    "clipArtType": 0,
    "lineDrawingType": 0
  },
  "tags": [
    {
      "name": "darkness",
      "confidence": 0.9522631168365479
    },
    {
      "name": "black",
      "confidence": 0.9226951003074646
    },
    {
      "name": "screenshot",
      "confidence": 0.8586260676383972
    },
    {
      "name": "dark",
      "confidence": 0.4122922420501709
    },
    {
      "name": "music",
      "confidence": 0.411783367395401
    }
  ],
  "description": {
    "tags": [
      "person",
      "dark",
      "night sky"
    ],
    "captions": [
      {
        "text": "a person holding a microphone",
        "confidence": 0.3282756805419922
      }
    ]
  },
  "faces": [],
  "objects": [],
  "brands": [],
  "requestId": "85750a9b-fe13-482f-ba03-5afb94352845",
  "metadata": {
    "width": 1280,
    "height": 720,
    "format": "Png"
  },
  "modelVersion": "2021-05-01"
}