{
  "categories": [
    {
      "name": "others_",
      "score": 0.0390625
    }
  ],
  "adult": {
    "isAdultContent": false,
    "isRacyContent": false,
    "isGoryContent": false,
    "adultScore": 0.0015005924506112933,
    "racyScore": 0.006551025900989771,
    "goreScore": 0.000648768967948854
  },
  "color": {
    "dominantColorForeground": "Black",
    "dominantColorBackground": "Black",
    "dominantColors": [
      "Black",
      "White"
    ],
    "accentColor": "BB9F10",
    "isBWImg": false
  },
  "imageType": {
    "clipArtType": 1,
    "lineDrawingType": 0
  },
  "tags": [
    {
      "name": "vending machine",
      "confidence": 0.981797456741333
    },
    {
      "name": "soft drink",
      "confidence": 0.9332053661346436
    },
    {
      "name": "slot machine",
      "confidence": 0.7061882615089417
    },
    {
      "name": "person",
      "confidence": 0.6813569664955139
    },
    {
      "name": "indoor",
      "confidence": 0.6518911123275757
    },
    {
      "name": "food",
      "confidence": 0.6373775005340576
    },
    {
      "name": "store",
      "confidence": 0.5925258994102478
    },
    {
      "name": "refrigerator",
      "confidence": 0.5915801525115967
    }
  ],
  "description": {
    "tags": [
      "text"
    ],
    "captions": [
      {
        "text": "a person looking through a window",
        "confidence": 0.3274388611316681
      }
    ]
  },
  "faces": [
    {
      "age": 26,
      "gender": "Male",
      "faceRectangle": {
        "left": 563,
        "top": 539,
        "width": 93,
        "height": 93
      }
    }
  ],
  "objects": [
    {
      "rectangle": {
        "x": 523,
        "y": 461,
        "w": 170,
        "h": 231
      },
      "object": "person",
      "confidence": 0.685
    }
  ],
  "brands": [],
  "requestId": "50762a64-a8e4-496e-8b69-b0e2bc9443a4",
  "metadata": {
    "width": 1280,
    "height": 720,
    "format": "Png"
  },
  "modelVersion": "2021-05-01"
}