{
  "categories": [
    {
      "name": "people_show",
      "score": 0.75,
      "detail": {
        "celebrities": []
      }
    }
  ],
  "adult": {
    "isAdultContent": false,
    "isRacyContent": false,
    "isGoryContent": false,
    "adultScore": 0.012720714323222637,
    "racyScore": 0.022429632022976875,
    "goreScore": 0.007460559718310833
  },
  "color": {
    "dominantColorForeground": "Red",
    "dominantColorBackground": "Black",
    "dominantColors": [
      "Black",
      "Red"
    ],
    "accentColor": "C3081A",
    "isBWImg": false
  },
  "imageType": {
    "clipArtType": 0,
    "lineDrawingType": 0
  },
  "tags": [
    {
      "name": "person",
      "confidence": 0.9924004673957825
    },
    {
      "name": "human face",
      "confidence": 0.9917184114456177
    },
    {
      "name": "clothing",
      "confidence": 0.9341632723808289
    },
    {
      "name": "darkness",
      "confidence": 0.8878648281097412
    },
    {
      "name": "concert",
      "confidence": 0.8803097009658813
    },
    {
      "name": "music",
      "confidence": 0.7467689514160156
    },
    {
      "name": "indoor",
      "confidence": 0.6971845626831055
    }
  ],
  "description": {
    "tags": [
      "person",
      "indoor",
      "dark"
    ],
    "captions": [
      {
        "text": "a man in a room",
        "confidence": 0.38172662258148193
      }
    ]
  },
  "faces": [
    {
      "age": 28,
      "gender": "Male",
      "faceRectangle": {
        "left": 656,
        "top": 300,
        "width": 234,
        "height": 234
      }
    }
  ],
  "objects": [
    {
      "rectangle": {
        "x": 163,
        "y": 402,
        "w": 316,
        "h": 314
      },
      "object": "person",
      "confidence": 0.63
    },
    {
      "rectangle": {
        "x": 568,
        "y": 144,
        "w": 525,
        "h": 576
      },
      "object": "person",
      "confidence": 0.766
    }
  ],
  "brands": [],
  "requestId": "badcd5a7-4cb0-416f-8e25-793cf1260a9c",
  "metadata": {
    "width": 1280,
    "height": 720,
    "format": "Png"
  },
  "modelVersion": "2021-05-01"
}