{
  "categories": [
    {
      "name": "others_",
      "score": 0.3671875
    }
  ],
  "adult": {
    "isAdultContent": false,
    "isRacyContent": false,
    "isGoryContent": false,
    "adultScore": 0.12786969542503357,
    "racyScore": 0.16001418232917786,
    "goreScore": 0.003124733455479145
  },
  "color": {
    "dominantColorForeground": "White",
    "dominantColorBackground": "Black",
    "dominantColors": [
      "Black",
      "White"
    ],
    "accentColor": "9D4F2E",
    "isBWImg": false
  },
  "imageType": {
    "clipArtType": 0,
    "lineDrawingType": 0
  },
  "tags": [
    {
      "name": "person",
      "confidence": 0.9724311828613281
    },
    {
      "name": "outdoor",
      "confidence": 0.8999117612838745
    },
    {
      "name": "car",
      "confidence": 0.888698935508728
    },
    {
      "name": "mirror",
      "confidence": 0.7886279821395874
    },
    {
      "name": "car mirror",
      "confidence": 0.7087867259979248
    },
    {
      "name": "hand",
      "confidence": 0.47115206718444824
    }
  ],
  "description": {
    "tags": [
      "person"
    ],
    "captions": [
      {
        "text": "a person in a car",
        "confidence": 0.3630531132221222
      }
    ]
  },
  "faces": [],
  "objects": [
    {
      "rectangle": {
        "x": 111,
        "y": 41,
        "w": 566,
        "h": 667
      },
      "object": "Land vehicle",
      "confidence": 0.508,
      "parent": {
        "object": "Vehicle",
        "confidence": 0.513
      }
    },
    {
      "rectangle": {
        "x": 670,
        "y": 0,
        "w": 440,
        "h": 720
      },
      "object": "person",
      "confidence": 0.619
    }
  ],
  "brands": [],
  "requestId": "680f6621-f0bb-4065-9157-922a9d9ae97f",
  "metadata": {
    "width": 1280,
    "height": 720,
    "format": "Png"
  },
  "modelVersion": "2021-05-01"
}