{
  "categories": [
    {
      "name": "dark_fire",
      "score": 0.71484375
    }
  ],
  "adult": {
    "isAdultContent": false,
    "isRacyContent": false,
    "isGoryContent": false,
    "adultScore": 0.007691724691540003,
    "racyScore": 0.008828436024487019,
    "goreScore": 0.0010475673479959369
  },
  "color": {
    "dominantColorForeground": "Black",
    "dominantColorBackground": "Black",
    "dominantColors": [
      "Black",
      "Brown"
    ],
    "accentColor": "CAA901",
    "isBWImg": false
  },
  "imageType": {
    "clipArtType": 0,
    "lineDrawingType": 0
  },
  "tags": [
    {
      "name": "outdoor",
      "confidence": 0.954346776008606
    },
    {
      "name": "clothing",
      "confidence": 0.9247723817825317
    },
    {
      "name": "person",
      "confidence": 0.8981982469558716
    },
    {
      "name": "grass",
      "confidence": 0.8125264048576355
    },
    {
      "name": "night",
      "confidence": 0.8010674715042114
    },
    {
      "name": "standing",
      "confidence": 0.7000219821929932
    },
    {
      "name": "woman",
      "confidence": 0.6305977702140808
    },
    {
      "name": "dress",
      "confidence": 0.6283867359161377
    },
    {
      "name": "house",
      "confidence": 0.6084108948707581
    },
    {
      "name": "dark",
      "confidence": 0.5601681470870972
    }
  ],
  "description": {
    "tags": [
      "building",
      "dark",
      "fireplace"
    ],
    "captions": [
      {
        "text": "a person in a dress",
        "confidence": 0.3308565318584442
      }
    ]
  },
  "faces": [],
  "objects": [
    {
      "rectangle": {
        "x": 708,
        "y": 377,
        "w": 106,
        "h": 125
      },
      "object": "chair",
      "confidence": 0.596,
      "parent": {
        "object": "seating",
        "confidence": 0.597
      }
    },
    {
      "rectangle": {
        "x": 839,
        "y": 381,
        "w": 100,
        "h": 112
      },
      "object": "chair",
      "confidence": 0.514,
      "parent": {
        "object": "seating",
        "confidence": 0.515
      }
    }
  ],
  "brands": [],
  "requestId": "54e20bc1-4b50-47b4-b785-8f73d1d97650",
  "metadata": {
    "width": 1280,
    "height": 720,
    "format": "Png"
  },
  "modelVersion": "2021-05-01"
}