{
  "categories": [
    {
      "name": "people_young",
      "score": 0.515625,
      "detail": {
        "celebrities": [
          {
            "name": "Billy Corgan",
            "confidence": 0.9967709183692932,
            "faceRectangle": {
              "left": 614,
              "top": 132,
              "width": 532,
              "height": 532
            }
          }
        ]
      }
    }
  ],
  "adult": {
    "isAdultContent": false,
    "isRacyContent": false,
    "isGoryContent": false,
    "adultScore": 0.0016287665348500013,
    "racyScore": 0.00249252631329,
    "goreScore": 0.0002511169877834618
  },
  "color": {
    "dominantColorForeground": "Black",
    "dominantColorBackground": "Black",
    "dominantColors": [
      "Black",
      "White",
      "Brown"
    ],
    "accentColor": "0F5EBC",
    "isBWImg": false
  },
  "imageType": {
    "clipArtType": 1,
    "lineDrawingType": 0
  },
  "tags": [
    {
      "name": "person",
      "confidence": 0.9946112632751465
    },
    {
      "name": "human face",
      "confidence": 0.985883355140686
    },
    {
      "name": "cheek",
      "confidence": 0.9543904066085815
    },
    {
      "name": "skin",
      "confidence": 0.9327725172042847
    },
    {
      "name": "toddler",
      "confidence": 0.9267753958702087
    },
    {
      "name": "eyebrow",
      "confidence": 0.9226149320602417
    },
    {
      "name": "forehead",
      "confidence": 0.9176445007324219
    },
    {
      "name": "chin",
      "confidence": 0.9046444892883301
    },
    {
      "name": "child",
      "confidence": 0.8892028331756592
    },
    {
      "name": "lip",
      "confidence": 0.8869318962097168
    },
    {
      "name": "baby",
      "confidence": 0.8443172574043274
    },
    {
      "name": "indoor",
      "confidence": 0.5878537893295288
    },
    {
      "name": "boy",
      "confidence": 0.5813268423080444
    },
    {
      "name": "portrait",
      "confidence": 0.4721032679080963
    }
  ],
  "description": {
    "tags": [
      "person",
      "indoor",
      "dark"
    ],
    "captions": [
      {
        "text": "a close up of a boy",
        "confidence": 0.5435197949409485
      }
    ]
  },
  "faces": [
    {
      "age": 16,
      "gender": "Male",
      "faceRectangle": {
        "left": 615,
        "top": 133,
        "width": 533,
        "height": 533
      }
    }
  ],
  "objects": [
    {
      "rectangle": {
        "x": 254,
        "y": 11,
        "w": 858,
        "h": 700
      },
      "object": "person",
      "confidence": 0.821
    }
  ],
  "brands": [],
  "requestId": "500346de-71f1-456d-bb60-b6a060bf1cc7",
  "metadata": {
    "width": 1280,
    "height": 720,
    "format": "Png"
  },
  "modelVersion": "2021-05-01"
}