{
  "categories": [
    {
      "name": "others_",
      "score": 0.015625
    },
    {
      "name": "outdoor_",
      "score": 0.0078125,
      "detail": {
        "landmarks": []
      }
    }
  ],
  "adult": {
    "isAdultContent": false,
    "isRacyContent": false,
    "isGoryContent": false,
    "adultScore": 0.0036968074273318052,
    "racyScore": 0.0074706897139549255,
    "goreScore": 0.0029696805868297815
  },
  "color": {
    "dominantColorForeground": "White",
    "dominantColorBackground": "Black",
    "dominantColors": [
      "Black"
    ],
    "accentColor": "090304",
    "isBWImg": false
  },
  "imageType": {
    "clipArtType": 0,
    "lineDrawingType": 0
  },
  "tags": [
    {
      "name": "video",
      "confidence": 0.923183023929596
    },
    {
      "name": "display device",
      "confidence": 0.9199774265289307
    },
    {
      "name": "indoor",
      "confidence": 0.904112696647644
    },
    {
      "name": "screenshot",
      "confidence": 0.8707166910171509
    },
    {
      "name": "television",
      "confidence": 0.8164024353027344
    },
    {
      "name": "person",
      "confidence": 0.6630599498748779
    },
    {
      "name": "screen",
      "confidence": 0.6599687337875366
    }
  ],
  "description": {
    "tags": [
      "indoor",
      "flat",
      "glass"
    ],
    "captions": [
      {
        "text": "a group of people in front of a fire",
        "confidence": 0.4271446466445923
      }
    ]
  },
  "faces": [],
  "objects": [
    {
      "rectangle": {
        "x": 482,
        "y": 185,
        "w": 262,
        "h": 249
      },
      "object": "person",
      "confidence": 0.725
    },
    {
      "rectangle": {
        "x": 750,
        "y": 182,
        "w": 148,
        "h": 240
      },
      "object": "person",
      "confidence": 0.646
    }
  ],
  "brands": [],
  "requestId": "3b350dd6-6a33-4fca-8c99-2694fa44e574",
  "metadata": {
    "width": 1280,
    "height": 720,
    "format": "Png"
  },
  "modelVersion": "2021-05-01"
}