{
  "categories": [
    {
      "name": "people_show",
      "score": 0.27734375
    }
  ],
  "adult": {
    "isAdultContent": false,
    "isRacyContent": false,
    "isGoryContent": false,
    "adultScore": 0.07334912568330765,
    "racyScore": 0.22931060194969177,
    "goreScore": 0.006132493726909161
  },
  "color": {
    "dominantColorForeground": "Red",
    "dominantColorBackground": "Black",
    "dominantColors": [
      "Black"
    ],
    "accentColor": "B90018",
    "isBWImg": false
  },
  "imageType": {
    "clipArtType": 1,
    "lineDrawingType": 0
  },
  "tags": [
    {
      "name": "darkness",
      "confidence": 0.9382526874542236
    },
    {
      "name": "maroon",
      "confidence": 0.9369097948074341
    },
    {
      "name": "person",
      "confidence": 0.9338898062705994
    },
    {
      "name": "black",
      "confidence": 0.8890709280967712
    },
    {
      "name": "red",
      "confidence": 0.750881552696228
    },
    {
      "name": "light",
      "confidence": 0.6612688899040222
    }
  ],
  "description": {
    "tags": [
      "person",
      "indoor",
      "fire",
      "red",
      "dark"
    ],
    "captions": [
      {
        "text": "a red x-ray of a person's chest",
        "confidence": 0.37144097685813904
      }
    ]
  },
  "faces": [],
  "objects": [],
  "brands": [],
  "requestId": "c84850a8-eb80-4f52-b3a0-0464231fcc71",
  "metadata": {
    "width": 1280,
    "height": 720,
    "format": "Png"
  },
  "modelVersion": "2021-05-01"
}