{
  "categories": [
    {
      "name": "outdoor_",
      "score": 0.00390625,
      "detail": {
        "landmarks": []
      }
    }
  ],
  "adult": {
    "isAdultContent": false,
    "isRacyContent": false,
    "isGoryContent": false,
    "adultScore": 0.0025862115435302258,
    "racyScore": 0.008849665522575378,
    "goreScore": 0.0008502312120981514
  },
  "color": {
    "dominantColorForeground": "Blue",
    "dominantColorBackground": "Black",
    "dominantColors": [
      "Black",
      "Blue"
    ],
    "accentColor": "C80311",
    "isBWImg": false
  },
  "imageType": {
    "clipArtType": 1,
    "lineDrawingType": 0
  },
  "tags": [
    {
      "name": "outdoor",
      "confidence": 0.987755298614502
    },
    {
      "name": "sky",
      "confidence": 0.9633821845054626
    },
    {
      "name": "hiking",
      "confidence": 0.9248721599578857
    },
    {
      "name": "footwear",
      "confidence": 0.8722959756851196
    },
    {
      "name": "man",
      "confidence": 0.8577283620834351
    },
    {
      "name": "clothing",
      "confidence": 0.8525241613388062
    },
    {
      "name": "flag",
      "confidence": 0.7435744404792786
    },
    {
      "name": "person",
      "confidence": 0.7264647483825684
    },
    {
      "name": "desert",
      "confidence": 0.5959811806678772
    }
  ],
  "description": {
    "tags": [
      "text",
      "outdoor",
      "ground"
    ],
    "captions": [
      {
        "text": "a group of people standing on a rock with red signs",
        "confidence": 0.3078334629535675
      }
    ]
  },
  "faces": [],
  "objects": [
    {
      "rectangle": {
        "x": 1053,
        "y": 326,
        "w": 71,
        "h": 241
      },
      "object": "person",
      "confidence": 0.602
    },
    {
      "rectangle": {
        "x": 463,
        "y": 339,
        "w": 117,
        "h": 233
      },
      "object": "person",
      "confidence": 0.784
    },
    {
      "rectangle": {
        "x": 734,
        "y": 277,
        "w": 154,
        "h": 330
      },
      "object": "person",
      "confidence": 0.805
    }
  ],
  "brands": [],
  "requestId": "af72e0b3-3d77-49bd-a5ef-c6c2c56552c1",
  "metadata": {
    "width": 1280,
    "height": 720,
    "format": "Png"
  },
  "modelVersion": "2021-05-01"
}