{
  "categories": [
    {
      "name": "others_",
      "score": 0.01953125
    },
    {
      "name": "people_show",
      "score": 0.6640625
    }
  ],
  "adult": {
    "isAdultContent": false,
    "isRacyContent": false,
    "isGoryContent": false,
    "adultScore": 0.027626018971204758,
    "racyScore": 0.0301218181848526,
    "goreScore": 0.0028310834895819426
  },
  "color": {
    "dominantColorForeground": "White",
    "dominantColorBackground": "Black",
    "dominantColors": [
      "Black"
    ],
    "accentColor": "763299",
    "isBWImg": false
  },
  "imageType": {
    "clipArtType": 0,
    "lineDrawingType": 0
  },
  "tags": [
    {
      "name": "human face",
      "confidence": 0.9926963448524475
    },
    {
      "name": "person",
      "confidence": 0.9672255516052246
    },
    {
      "name": "screenshot",
      "confidence": 0.9252700805664062
    },
    {
      "name": "eyebrow",
      "confidence": 0.8936755657196045
    },
    {
      "name": "lip",
      "confidence": 0.8922435641288757
    },
    {
      "name": "light",
      "confidence": 0.45233994722366333
    },
    {
      "name": "portrait",
      "confidence": 0.4325718581676483
    }
  ],
  "description": {
    "tags": [
      "person",
      "posing",
      "dark",
      "staring"
    ],
    "captions": [
      {
        "text": "a man with a mustache",
        "confidence": 0.3239342272281647
      }
    ]
  },
  "faces": [],
  "objects": [
    {
      "rectangle": {
        "x": 374,
        "y": 2,
        "w": 642,
        "h": 701
      },
      "object": "person",
      "confidence": 0.761
    }
  ],
  "brands": [],
  "requestId": "23cb003b-f4fb-45ac-8aa4-0eaaaaf60f86",
  "metadata": {
    "width": 1280,
    "height": 720,
    "format": "Png"
  },
  "modelVersion": "2021-05-01"
}