{
  "categories": [
    {
      "name": "people_crowd",
      "score": 0.578125,
      "detail": {
        "celebrities": []
      }
    }
  ],
  "adult": {
    "isAdultContent": false,
    "isRacyContent": false,
    "isGoryContent": false,
    "adultScore": 0.002841116162016988,
    "racyScore": 0.007615050300955772,
    "goreScore": 0.0007398062734864652
  },
  "color": {
    "dominantColorForeground": "Black",
    "dominantColorBackground": "Black",
    "dominantColors": [
      "Black"
    ],
    "accentColor": "A52633",
    "isBWImg": false
  },
  "imageType": {
    "clipArtType": 0,
    "lineDrawingType": 0
  },
  "tags": [
    {
      "name": "clothing",
      "confidence": 0.9641901254653931
    },
    {
      "name": "human face",
      "confidence": 0.9429654479026794
    },
    {
      "name": "person",
      "confidence": 0.9343747496604919
    },
    {
      "name": "crowd",
      "confidence": 0.8680986166000366
    },
    {
      "name": "man",
      "confidence": 0.8616806268692017
    },
    {
      "name": "woman",
      "confidence": 0.8505645990371704
    },
    {
      "name": "people",
      "confidence": 0.7752503156661987
    },
    {
      "name": "indoor",
      "confidence": 0.7393854856491089
    },
    {
      "name": "group",
      "confidence": 0.7289735078811646
    }
  ],
  "description": {
    "tags": [
      "person",
      "indoor",
      "crowd"
    ],
    "captions": [
      {
        "text": "a group of people dancing",
        "confidence": 0.4990760385990143
      }
    ]
  },
  "faces": [
    {
      "age": 17,
      "gender": "Female",
      "faceRectangle": {
        "left": 305,
        "top": 107,
        "width": 43,
        "height": 43
      }
    }
  ],
  "objects": [
    {
      "rectangle": {
        "x": 321,
        "y": 3,
        "w": 96,
        "h": 117
      },
      "object": "person",
      "confidence": 0.521
    },
    {
      "rectangle": {
        "x": 205,
        "y": 161,
        "w": 238,
        "h": 543
      },
      "object": "person",
      "confidence": 0.554
    }
  ],
  "brands": [],
  "requestId": "3299974f-996f-4629-87ec-3084a7a807af",
  "metadata": {
    "width": 1280,
    "height": 720,
    "format": "Png"
  },
  "modelVersion": "2021-05-01"
}