{
  "categories": [
    {
      "name": "others_",
      "score": 0.3828125
    },
    {
      "name": "outdoor_",
      "score": 0.00390625,
      "detail": {
        "landmarks": []
      }
    }
  ],
  "adult": {
    "isAdultContent": false,
    "isRacyContent": false,
    "isGoryContent": false,
    "adultScore": 0.010479469783604145,
    "racyScore": 0.01978633925318718,
    "goreScore": 0.01771976798772812
  },
  "color": {
    "dominantColorForeground": "Black",
    "dominantColorBackground": "Black",
    "dominantColors": [
      "Black"
    ],
    "accentColor": "0234C9",
    "isBWImg": false
  },
  "imageType": {
    "clipArtType": 0,
    "lineDrawingType": 0
  },
  "tags": [
    {
      "name": "screenshot",
      "confidence": 0.9369986057281494
    },
    {
      "name": "pc game",
      "confidence": 0.870625376701355
    },
    {
      "name": "ground",
      "confidence": 0.5809575319290161
    },
    {
      "name": "floor",
      "confidence": 0.564184844493866
    },
    {
      "name": "stealth",
      "confidence": 0.44342225790023804
    },
    {
      "name": "fisheye",
      "confidence": 0.43892940878868103
    }
  ],
  "description": {
    "tags": [],
    "captions": [
      {
        "text": "a man and a boy running from a car on a street at night",
        "confidence": 0.4095781147480011
      }
    ]
  },
  "faces": [],
  "objects": [
    {
      "rectangle": {
        "x": 318,
        "y": 98,
        "w": 313,
        "h": 283
      },
      "object": "car",
      "confidence": 0.634,
      "parent": {
        "object": "Land vehicle",
        "confidence": 0.695,
        "parent": {
          "object": "Vehicle",
          "confidence": 0.695
        }
      }
    },
    {
      "rectangle": {
        "x": 650,
        "y": 166,
        "w": 142,
        "h": 249
      },
      "object": "person",
      "confidence": 0.616
    },
    {
      "rectangle": {
        "x": 665,
        "y": 205,
        "w": 201,
        "h": 342
      },
      "object": "person",
      "confidence": 0.784
    }
  ],
  "brands": [],
  "requestId": "c0c2326a-9e1a-4a25-b849-e00e21604459",
  "metadata": {
    "width": 1280,
    "height": 720,
    "format": "Png"
  },
  "modelVersion": "2021-05-01"
}