{
  "categories": [
    {
      "name": "abstract_",
      "score": 0.01171875
    },
    {
      "name": "abstract_shape",
      "score": 0.10546875
    },
    {
      "name": "others_",
      "score": 0.00390625
    },
    {
      "name": "outdoor_",
      "score": 0.00390625,
      "detail": {
        "landmarks": []
      }
    }
  ],
  "adult": {
    "isAdultContent": false,
    "isRacyContent": false,
    "isGoryContent": false,
    "adultScore": 0.1393047571182251,
    "racyScore": 0.27266281843185425,
    "goreScore": 0.006296741776168346
  },
  "color": {
    "dominantColorForeground": "Orange",
    "dominantColorBackground": "Black",
    "dominantColors": [
      "Black",
      "Orange"
    ],
    "accentColor": "CC7A00",
    "isBWImg": false
  },
  "imageType": {
    "clipArtType": 1,
    "lineDrawingType": 0
  },
  "tags": [
    {
      "name": "screenshot",
      "confidence": 0.9325904846191406
    },
    {
      "name": "amber",
      "confidence": 0.9061752557754517
    },
    {
      "name": "abstract",
      "confidence": 0.5797655582427979
    },
    {
      "name": "light",
      "confidence": 0.4689631760120392
    }
  ],
  "description": {
    "tags": [],
    "captions": [
      {
        "text": "a close-up of a burning building",
        "confidence": 0.4045102298259735
      }
    ]
  },
  "faces": [],
  "objects": [],
  "brands": [],
  "requestId": "39008fa2-2dc3-4ee6-9477-d54c32271f9e",
  "metadata": {
    "width": 1280,
    "height": 720,
    "format": "Png"
  },
  "modelVersion": "2021-05-01"
}