{
  "categories": [
    {
      "name": "abstract_",
      "score": 0.00390625
    },
    {
      "name": "others_",
      "score": 0.01953125
    },
    {
      "name": "outdoor_",
      "score": 0.00390625,
      "detail": {
        "landmarks": []
      }
    }
  ],
  "adult": {
    "isAdultContent": false,
    "isRacyContent": false,
    "isGoryContent": false,
    "adultScore": 0.013682777062058449,
    "racyScore": 0.05579771846532822,
    "goreScore": 0.0028136172331869602
  },
  "color": {
    "dominantColorForeground": "White",
    "dominantColorBackground": "Black",
    "dominantColors": [
      "Black",
      "White"
    ],
    "accentColor": "0243C9",
    "isBWImg": false
  },
  "imageType": {
    "clipArtType": 0,
    "lineDrawingType": 0
  },
  "tags": [
    {
      "name": "water",
      "confidence": 0.9402729272842407
    },
    {
      "name": "lake",
      "confidence": 0.9117276668548584
    },
    {
      "name": "outdoor",
      "confidence": 0.8997690677642822
    },
    {
      "name": "screenshot",
      "confidence": 0.8815099000930786
    },
    {
      "name": "backlighting",
      "confidence": 0.8467788100242615
    },
    {
      "name": "person",
      "confidence": 0.7274695634841919
    },
    {
      "name": "sun",
      "confidence": 0.5909959077835083
    },
    {
      "name": "reflection",
      "confidence": 0.4634806513786316
    }
  ],
  "description": {
    "tags": [
      "night sky"
    ],
    "captions": [
      {
        "text": "a person looking out a window",
        "confidence": 0.33481359481811523
      }
    ]
  },
  "faces": [],
  "objects": [],
  "brands": [],
  "requestId": "29c101e9-5c84-4cae-8249-e8239a2ff495",
  "metadata": {
    "width": 1280,
    "height": 720,
    "format": "Png"
  },
  "modelVersion": "2021-05-01"
}