{
  "categories": [
    {
      "name": "others_",
      "score": 0.4453125
    }
  ],
  "adult": {
    "isAdultContent": false,
    "isRacyContent": false,
    "isGoryContent": false,
    "adultScore": 0.00699984235689044,
    "racyScore": 0.00909801572561264,
    "goreScore": 0.010477877222001553
  },
  "color": {
    "dominantColorForeground": "Black",
    "dominantColorBackground": "Black",
    "dominantColors": [
      "Black"
    ],
    "accentColor": "0637C5",
    "isBWImg": false
  },
  "imageType": {
    "clipArtType": 0,
    "lineDrawingType": 0
  },
  "tags": [
    {
      "name": "screenshot",
      "confidence": 0.8770753145217896
    },
    {
      "name": "person",
      "confidence": 0.7538926601409912
    },
    {
      "name": "car",
      "confidence": 0.5187103152275085
    }
  ],
  "description": {
    "tags": [
      "text",
      "way"
    ],
    "captions": [
      {
        "text": "a man walking next to a car",
        "confidence": 0.38843032717704773
      }
    ]
  },
  "faces": [],
  "objects": [
    {
      "rectangle": {
        "x": 724,
        "y": 135,
        "w": 89,
        "h": 185
      },
      "object": "person",
      "confidence": 0.685
    },
    {
      "rectangle": {
        "x": 313,
        "y": 103,
        "w": 323,
        "h": 269
      },
      "object": "car",
      "confidence": 0.641,
      "parent": {
        "object": "Land vehicle",
        "confidence": 0.723,
        "parent": {
          "object": "Vehicle",
          "confidence": 0.724
        }
      }
    },
    {
      "rectangle": {
        "x": 893,
        "y": 221,
        "w": 156,
        "h": 272
      },
      "object": "person",
      "confidence": 0.709
    }
  ],
  "brands": [],
  "requestId": "23d16a6c-d899-4023-9e86-e605b99b9e6b",
  "metadata": {
    "width": 1280,
    "height": 720,
    "format": "Png"
  },
  "modelVersion": "2021-05-01"
}