{
  "categories": [
    {
      "name": "others_",
      "score": 0.00390625
    },
    {
      "name": "outdoor_",
      "score": 0.00390625,
      "detail": {
        "landmarks": []
      }
    }
  ],
  "adult": {
    "isAdultContent": false,
    "isRacyContent": false,
    "isGoryContent": false,
    "adultScore": 0.0692833811044693,
    "racyScore": 0.10191464424133301,
    "goreScore": 0.004514211788773537
  },
  "color": {
    "dominantColorForeground": "White",
    "dominantColorBackground": "Black",
    "dominantColors": [
      "Black"
    ],
    "accentColor": "886930",
    "isBWImg": false
  },
  "imageType": {
    "clipArtType": 0,
    "lineDrawingType": 0
  },
  "tags": [
    {
      "name": "person",
      "confidence": 0.9969258904457092
    },
    {
      "name": "human face",
      "confidence": 0.9804225564002991
    },
    {
      "name": "indoor",
      "confidence": 0.9329842329025269
    },
    {
      "name": "clothing",
      "confidence": 0.9326049089431763
    },
    {
      "name": "soft drink",
      "confidence": 0.8774856328964233
    },
    {
      "name": "wall",
      "confidence": 0.8157833814620972
    },
    {
      "name": "young",
      "confidence": 0.6376842856407166
    },
    {
      "name": "shop",
      "confidence": 0.5241813063621521
    }
  ],
  "description": {
    "tags": [
      "person",
      "indoor",
      "drinking",
      "drink"
    ],
    "captions": [
      {
        "text": "a person drinking from a cup",
        "confidence": 0.48205095529556274
      }
    ]
  },
  "faces": [],
  "objects": [
    {
      "rectangle": {
        "x": 750,
        "y": 273,
        "w": 100,
        "h": 300
      },
      "object": "person",
      "confidence": 0.758
    },
    {
      "rectangle": {
        "x": 279,
        "y": 86,
        "w": 628,
        "h": 634
      },
      "object": "person",
      "confidence": 0.778
    }
  ],
  "brands": [],
  "requestId": "865e2cd5-bc34-486f-9e75-7a9a92dc6591",
  "metadata": {
    "width": 1280,
    "height": 720,
    "format": "Png"
  },
  "modelVersion": "2021-05-01"
}