{
  "categories": [
    {
      "name": "abstract_",
      "score": 0.00390625
    },
    {
      "name": "others_",
      "score": 0.03125
    }
  ],
  "adult": {
    "isAdultContent": false,
    "isRacyContent": false,
    "isGoryContent": false,
    "adultScore": 0.023442355915904045,
    "racyScore": 0.0411345548927784,
    "goreScore": 0.0059612225741147995
  },
  "color": {
    "dominantColorForeground": "Black",
    "dominantColorBackground": "Black",
    "dominantColors": [
      "Black"
    ],
    "accentColor": "999132",
    "isBWImg": false
  },
  "imageType": {
    "clipArtType": 0,
    "lineDrawingType": 0
  },
  "tags": [
    {
      "name": "person",
      "confidence": 0.9634883999824524
    },
    {
      "name": "clothing",
      "confidence": 0.9406024217605591
    },
    {
      "name": "window",
      "confidence": 0.8885887861251831
    },
    {
      "name": "woman",
      "confidence": 0.8873268961906433
    },
    {
      "name": "indoor",
      "confidence": 0.8862383365631104
    },
    {
      "name": "people",
      "confidence": 0.8655050992965698
    },
    {
      "name": "mirror",
      "confidence": 0.5567912459373474
    }
  ],
  "description": {
    "tags": [
      "person",
      "window",
      "indoor",
      "looking",
      "dark",
      "staring"
    ],
    "captions": [
      {
        "text": "a group of people sitting in a room",
        "confidence": 0.5049364566802979
      }
    ]
  },
  "faces": [],
  "objects": [
    {
      "rectangle": {
        "x": 914,
        "y": 126,
        "w": 196,
        "h": 588
      },
      "object": "person",
      "confidence": 0.588
    },
    {
      "rectangle": {
        "x": 241,
        "y": 58,
        "w": 428,
        "h": 634
      },
      "object": "person",
      "confidence": 0.646
    },
    {
      "rectangle": {
        "x": 635,
        "y": 142,
        "w": 390,
        "h": 570
      },
      "object": "person",
      "confidence": 0.756
    }
  ],
  "brands": [],
  "requestId": "8a4782e3-0d1d-4664-86fe-efe0ad059d4e",
  "metadata": {
    "width": 1280,
    "height": 720,
    "format": "Png"
  },
  "modelVersion": "2021-05-01"
}