{
  "categories": [
    {
      "name": "abstract_",
      "score": 0.0078125
    },
    {
      "name": "others_",
      "score": 0.0078125
    },
    {
      "name": "outdoor_",
      "score": 0.00390625,
      "detail": {
        "landmarks": []
      }
    }
  ],
  "adult": {
    "isAdultContent": false,
    "isRacyContent": false,
    "isGoryContent": false,
    "adultScore": 0.012624661438167095,
    "racyScore": 0.021126441657543182,
    "goreScore": 0.01382437627762556
  },
  "color": {
    "dominantColorForeground": "Black",
    "dominantColorBackground": "Black",
    "dominantColors": [
      "Black",
      "Brown"
    ],
    "accentColor": "C58706",
    "isBWImg": false
  },
  "imageType": {
    "clipArtType": 1,
    "lineDrawingType": 0
  },
  "tags": [
    {
      "name": "wheel",
      "confidence": 0.9697826504707336
    },
    {
      "name": "bicycle wheel",
      "confidence": 0.9469218254089355
    },
    {
      "name": "person",
      "confidence": 0.9026556015014648
    },
    {
      "name": "bike",
      "confidence": 0.8635491132736206
    },
    {
      "name": "transport",
      "confidence": 0.8372212648391724
    },
    {
      "name": "grass",
      "confidence": 0.8035621643066406
    },
    {
      "name": "outdoor",
      "confidence": 0.7815091609954834
    },
    {
      "name": "bicycle",
      "confidence": 0.7384471893310547
    }
  ],
  "description": {
    "tags": [
      "text",
      "person"
    ],
    "captions": [
      {
        "text": "a person wearing a mask",
        "confidence": 0.2876425087451935
      }
    ]
  },
  "faces": [],
  "objects": [
    {
      "rectangle": {
        "x": 788,
        "y": 355,
        "w": 333,
        "h": 344
      },
      "object": "bicycle",
      "confidence": 0.57,
      "parent": {
        "object": "cycle",
        "confidence": 0.577,
        "parent": {
          "object": "Land vehicle",
          "confidence": 0.578,
          "parent": {
            "object": "Vehicle",
            "confidence": 0.579
          }
        }
      }
    },
    {
      "rectangle": {
        "x": 771,
        "y": 558,
        "w": 249,
        "h": 146
      },
      "object": "Wheel",
      "confidence": 0.502
    },
    {
      "rectangle": {
        "x": 155,
        "y": 9,
        "w": 793,
        "h": 702
      },
      "object": "person",
      "confidence": 0.636
    }
  ],
  "brands": [],
  "requestId": "75500d6e-623a-4712-8aeb-52ae9f78c8d6",
  "metadata": {
    "width": 1280,
    "height": 720,
    "format": "Png"
  },
  "modelVersion": "2021-05-01"
}