{
  "categories": [
    {
      "name": "others_",
      "score": 0.0078125
    },
    {
      "name": "outdoor_",
      "score": 0.0078125,
      "detail": {
        "landmarks": []
      }
    },
    {
      "name": "people_show",
      "score": 0.33203125
    }
  ],
  "adult": {
    "isAdultContent": false,
    "isRacyContent": false,
    "isGoryContent": false,
    "adultScore": 0.003783811116591096,
    "racyScore": 0.00442007090896368,
    "goreScore": 0.0010813226690515876
  },
  "color": {
    "dominantColorForeground": "Black",
    "dominantColorBackground": "Black",
    "dominantColors": [
      "Black"
    ],
    "accentColor": "2376A8",
    "isBWImg": false
  },
  "imageType": {
    "clipArtType": 0,
    "lineDrawingType": 0
  },
  "tags": [
    {
      "name": "darkness",
      "confidence": 0.9413989186286926
    },
    {
      "name": "night",
      "confidence": 0.8628819584846497
    },
    {
      "name": "light",
      "confidence": 0.6378183364868164
    },
    {
      "name": "outdoor",
      "confidence": 0.5841623544692993
    },
    {
      "name": "dark",
      "confidence": 0.5662581920623779
    }
  ],
  "description": {
    "tags": [
      "text",
      "dark",
      "night sky"
    ],
    "captions": [
      {
        "text": "a person walking on a street at night",
        "confidence": 0.4545605182647705
      }
    ]
  },
  "faces": [],
  "objects": [],
  "brands": [],
  "requestId": "d85e0147-dd4a-4912-9994-bcbc146a281a",
  "metadata": {
    "width": 1280,
    "height": 720,
    "format": "Png"
  },
  "modelVersion": "2021-05-01"
}