{
  "categories": [
    {
      "name": "people_show",
      "score": 0.72265625
    }
  ],
  "adult": {
    "isAdultContent": false,
    "isRacyContent": false,
    "isGoryContent": false,
    "adultScore": 0.027209075167775154,
    "racyScore": 0.058133549988269806,
    "goreScore": 0.012077379040420055
  },
  "color": {
    "dominantColorForeground": "White",
    "dominantColorBackground": "Black",
    "dominantColors": [
      "Black"
    ],
    "accentColor": "65341D",
    "isBWImg": false
  },
  "imageType": {
    "clipArtType": 0,
    "lineDrawingType": 0
  },
  "tags": [
    {
      "name": "human face",
      "confidence": 0.9468500018119812
    },
    {
      "name": "person",
      "confidence": 0.8562604784965515
    },
    {
      "name": "clothing",
      "confidence": 0.8464360237121582
    },
    {
      "name": "woman",
      "confidence": 0.5687794089317322
    },
    {
      "name": "indoor",
      "confidence": 0.5516414046287537
    }
  ],
  "description": {
    "tags": [
      "indoor",
      "person"
    ],
    "captions": [
      {
        "text": "a couple of people in a car",
        "confidence": 0.40833544731140137
      }
    ]
  },
  "faces": [],
  "objects": [],
  "brands": [],
  "requestId": "98936fda-0e64-4342-a56a-01404add1654",
  "metadata": {
    "width": 1280,
    "height": 720,
    "format": "Png"
  },
  "modelVersion": "2021-05-01"
}