{
  "categories": [
    {
      "name": "dark_fire",
      "score": 0.765625
    }
  ],
  "adult": {
    "isAdultContent": false,
    "isRacyContent": false,
    "isGoryContent": false,
    "adultScore": 0.04361062869429588,
    "racyScore": 0.06624594330787659,
    "goreScore": 0.2322583794593811
  },
  "color": {
    "dominantColorForeground": "Black",
    "dominantColorBackground": "Black",
    "dominantColors": [
      "Black"
    ],
    "accentColor": "663604",
    "isBWImg": false
  },
  "imageType": {
    "clipArtType": 1,
    "lineDrawingType": 0
  },
  "tags": [
    {
      "name": "human face",
      "confidence": 0.9200586080551147
    },
    {
      "name": "darkness",
      "confidence": 0.9134628772735596
    },
    {
      "name": "dance",
      "confidence": 0.8854236602783203
    },
    {
      "name": "person",
      "confidence": 0.7017148733139038
    },
    {
      "name": "music",
      "confidence": 0.5629925727844238
    },
    {
      "name": "art",
      "confidence": 0.4104471802711487
    }
  ],
  "description": {
    "tags": [
      "person",
      "dark",
      "crowd"
    ],
    "captions": [
      {
        "text": "a group of people",
        "confidence": 0.3851017951965332
      }
    ]
  },
  "faces": [],
  "objects": [
    {
      "rectangle": {
        "x": 237,
        "y": 33,
        "w": 593,
        "h": 687
      },
      "object": "person",
      "confidence": 0.737
    }
  ],
  "brands": [],
  "requestId": "d33a85af-9c4b-43a6-89c6-16b3dec01023",
  "metadata": {
    "width": 1280,
    "height": 720,
    "format": "Png"
  },
  "modelVersion": "2021-05-01"
}