{
  "categories": [
    {
      "name": "others_",
      "score": 0.0078125
    },
    {
      "name": "people_show",
      "score": 0.6171875,
      "detail": {
        "celebrities": []
      }
    }
  ],
  "adult": {
    "isAdultContent": false,
    "isRacyContent": false,
    "isGoryContent": false,
    "adultScore": 0.012697949074208736,
    "racyScore": 0.03215175122022629,
    "goreScore": 0.001325826859101653
  },
  "color": {
    "dominantColorForeground": "Black",
    "dominantColorBackground": "Black",
    "dominantColors": [
      "Black"
    ],
    "accentColor": "8D423E",
    "isBWImg": false
  },
  "imageType": {
    "clipArtType": 0,
    "lineDrawingType": 0
  },
  "tags": [
    {
      "name": "human face",
      "confidence": 0.9906581044197083
    },
    {
      "name": "person",
      "confidence": 0.9854559898376465
    },
    {
      "name": "clothing",
      "confidence": 0.8895270824432373
    },
    {
      "name": "woman",
      "confidence": 0.672548770904541
    },
    {
      "name": "indoor",
      "confidence": 0.5735770463943481
    }
  ],
  "description": {
    "tags": [
      "person",
      "indoor"
    ],
    "captions": [
      {
        "text": "a group of people in a car",
        "confidence": 0.5492120981216431
      }
    ]
  },
  "faces": [
    {
      "age": 22,
      "gender": "Female",
      "faceRectangle": {
        "left": 265,
        "top": 377,
        "width": 138,
        "height": 138
      }
    }
  ],
  "objects": [
    {
      "rectangle": {
        "x": 177,
        "y": 338,
        "w": 253,
        "h": 356
      },
      "object": "person",
      "confidence": 0.667
    },
    {
      "rectangle": {
        "x": 391,
        "y": 322,
        "w": 562,
        "h": 384
      },
      "object": "person",
      "confidence": 0.83
    }
  ],
  "brands": [],
  "requestId": "27586e16-93d6-42aa-aab3-973d6c492560",
  "metadata": {
    "width": 1280,
    "height": 720,
    "format": "Png"
  },
  "modelVersion": "2021-05-01"
}