{
  "categories": [
    {
      "name": "abstract_",
      "score": 0.00390625
    },
    {
      "name": "others_",
      "score": 0.0703125
    },
    {
      "name": "outdoor_",
      "score": 0.0078125,
      "detail": {
        "landmarks": []
      }
    },
    {
      "name": "text_sign",
      "score": 0.16015625
    }
  ],
  "adult": {
    "isAdultContent": false,
    "isRacyContent": false,
    "isGoryContent": false,
    "adultScore": 0.04831443354487419,
    "racyScore": 0.507908284664154,
    "goreScore": 0.001031282707117498
  },
  "color": {
    "dominantColorForeground": "White",
    "dominantColorBackground": "Black",
    "dominantColors": [
      "Black",
      "White",
      "Blue"
    ],
    "accentColor": "063BC5",
    "isBWImg": false
  },
  "imageType": {
    "clipArtType": 0,
    "lineDrawingType": 0
  },
  "tags": [
    {
      "name": "person",
      "confidence": 0.9673253297805786
    },
    {
      "name": "clothing",
      "confidence": 0.9392178058624268
    },
    {
      "name": "screenshot",
      "confidence": 0.8449663519859314
    },
    {
      "name": "outdoor",
      "confidence": 0.6529503464698792
    }
  ],
  "description": {
    "tags": [
      "person",
      "dark",
      "underpants"
    ],
    "captions": [
      {
        "text": "a man standing in front of a bright light",
        "confidence": 0.432146281003952
      }
    ]
  },
  "faces": [],
  "objects": [
    {
      "rectangle": {
        "x": 548,
        "y": 22,
        "w": 389,
        "h": 693
      },
      "object": "person",
      "confidence": 0.672
    }
  ],
  "brands": [],
  "requestId": "73281123-67be-4f32-8a77-764f6ff418fc",
  "metadata": {
    "width": 1280,
    "height": 720,
    "format": "Png"
  },
  "modelVersion": "2021-05-01"
}