{
  "categories": [
    {
      "name": "abstract_",
      "score": 0.01953125
    },
    {
      "name": "others_",
      "score": 0.00390625
    },
    {
      "name": "outdoor_",
      "score": 0.0078125,
      "detail": {
        "landmarks": []
      }
    }
  ],
  "adult": {
    "isAdultContent": false,
    "isRacyContent": false,
    "isGoryContent": false,
    "adultScore": 0.011001409962773323,
    "racyScore": 0.01408689096570015,
    "goreScore": 0.34819239377975464
  },
  "color": {
    "dominantColorForeground": "Black",
    "dominantColorBackground": "Black",
    "dominantColors": [
      "Black",
      "Brown"
    ],
    "accentColor": "8D4326",
    "isBWImg": false
  },
  "imageType": {
    "clipArtType": 0,
    "lineDrawingType": 0
  },
  "tags": [
    {
      "name": "building",
      "confidence": 0.8817877769470215
    },
    {
      "name": "screenshot",
      "confidence": 0.8608502149581909
    },
    {
      "name": "clothing",
      "confidence": 0.8504540920257568
    },
    {
      "name": "wall",
      "confidence": 0.7775092720985413
    },
    {
      "name": "street",
      "confidence": 0.7047878503799438
    },
    {
      "name": "person",
      "confidence": 0.6900898814201355
    },
    {
      "name": "light",
      "confidence": 0.558366596698761
    },
    {
      "name": "brick",
      "confidence": 0.5245975852012634
    },
    {
      "name": "night",
      "confidence": 0.4539925754070282
    }
  ],
  "description": {
    "tags": [],
    "captions": [
      {
        "text": "a group of people standing next to a brick wall",
        "confidence": 0.5151242613792419
      }
    ]
  },
  "faces": [],
  "objects": [
    {
      "rectangle": {
        "x": 188,
        "y": 297,
        "w": 272,
        "h": 397
      },
      "object": "person",
      "confidence": 0.718
    }
  ],
  "brands": [],
  "requestId": "1de5479e-052d-447f-b3e4-90d6fce1c85d",
  "metadata": {
    "width": 1280,
    "height": 720,
    "format": "Png"
  },
  "modelVersion": "2021-05-01"
}