{
  "categories": [
    {
      "name": "people_portrait",
      "score": 0.3515625
    },
    {
      "name": "people_young",
      "score": 0.39453125
    }
  ],
  "adult": {
    "isAdultContent": false,
    "isRacyContent": false,
    "isGoryContent": false,
    "adultScore": 0.003149667289108038,
    "racyScore": 0.004094122443348169,
    "goreScore": 0.00026373224682174623
  },
  "color": {
    "dominantColorForeground": "Black",
    "dominantColorBackground": "Black",
    "dominantColors": [
      "Black",
      "White"
    ],
    "accentColor": "1473B7",
    "isBWImg": false
  },
  "imageType": {
    "clipArtType": 1,
    "lineDrawingType": 0
  },
  "tags": [
    {
      "name": "person",
      "confidence": 0.9944536089897156
    },
    {
      "name": "human face",
      "confidence": 0.9943237900733948
    },
    {
      "name": "eyebrow",
      "confidence": 0.9574136137962341
    },
    {
      "name": "chin",
      "confidence": 0.9570745229721069
    },
    {
      "name": "forehead",
      "confidence": 0.9559327960014343
    },
    {
      "name": "jaw",
      "confidence": 0.9477545619010925
    },
    {
      "name": "boy",
      "confidence": 0.9475417733192444
    },
    {
      "name": "cheek",
      "confidence": 0.9376200437545776
    },
    {
      "name": "screenshot",
      "confidence": 0.9224487543106079
    },
    {
      "name": "lip",
      "confidence": 0.9175249338150024
    },
    {
      "name": "man",
      "confidence": 0.8957536220550537
    },
    {
      "name": "portrait",
      "confidence": 0.8873724341392517
    },
    {
      "name": "neck",
      "confidence": 0.8649493455886841
    },
    {
      "name": "skin",
      "confidence": 0.8491020202636719
    },
    {
      "name": "indoor",
      "confidence": 0.7861912846565247
    }
  ],
  "description": {
    "tags": [
      "person"
    ],
    "captions": [
      {
        "text": "a person looking at the camera",
        "confidence": 0.49583378434181213
      }
    ]
  },
  "faces": [],
  "objects": [
    {
      "rectangle": {
        "x": 185,
        "y": 6,
        "w": 847,
        "h": 691
      },
      "object": "person",
      "confidence": 0.887
    }
  ],
  "brands": [],
  "requestId": "90707bf1-e80a-444f-96ef-dc718e69edaf",
  "metadata": {
    "width": 1280,
    "height": 720,
    "format": "Png"
  },
  "modelVersion": "2021-05-01"
}