{
  "categories": [
    {
      "name": "others_",
      "score": 0.00390625
    },
    {
      "name": "outdoor_",
      "score": 0.00390625,
      "detail": {
        "landmarks": []
      }
    }
  ],
  "adult": {
    "isAdultContent": false,
    "isRacyContent": false,
    "isGoryContent": false,
    "adultScore": 0.006740617100149393,
    "racyScore": 0.013605546206235886,
    "goreScore": 0.0025724221486598253
  },
  "color": {
    "dominantColorForeground": "Black",
    "dominantColorBackground": "Black",
    "dominantColors": [
      "Black",
      "Blue"
    ],
    "accentColor": "0549C6",
    "isBWImg": false
  },
  "imageType": {
    "clipArtType": 0,
    "lineDrawingType": 0
  },
  "tags": [
    {
      "name": "sky",
      "confidence": 0.9909489750862122
    },
    {
      "name": "clothing",
      "confidence": 0.9906163215637207
    },
    {
      "name": "outdoor",
      "confidence": 0.9838131070137024
    },
    {
      "name": "person",
      "confidence": 0.9786710739135742
    },
    {
      "name": "man",
      "confidence": 0.9678572416305542
    },
    {
      "name": "footwear",
      "confidence": 0.9555575847625732
    },
    {
      "name": "hiking",
      "confidence": 0.9281644821166992
    },
    {
      "name": "silhouette",
      "confidence": 0.6235266327857971
    }
  ],
  "description": {
    "tags": [
      "text",
      "sky",
      "outdoor",
      "person"
    ],
    "captions": [
      {
        "text": "a group of people in a field",
        "confidence": 0.47865673899650574
      }
    ]
  },
  "faces": [],
  "objects": [
    {
      "rectangle": {
        "x": 793,
        "y": 347,
        "w": 311,
        "h": 363
      },
      "object": "person",
      "confidence": 0.816
    },
    {
      "rectangle": {
        "x": 445,
        "y": 31,
        "w": 343,
        "h": 654
      },
      "object": "person",
      "confidence": 0.786
    }
  ],
  "brands": [],
  "requestId": "a4412831-7caf-4dee-a1cc-0362e3d75e51",
  "metadata": {
    "width": 1280,
    "height": 720,
    "format": "Png"
  },
  "modelVersion": "2021-05-01"
}