{
  "categories": [
    {
      "name": "others_",
      "score": 0.046875
    },
    {
      "name": "outdoor_",
      "score": 0.0078125,
      "detail": {
        "landmarks": []
      }
    },
    {
      "name": "text_sign",
      "score": 0.12109375
    }
  ],
  "adult": {
    "isAdultContent": false,
    "isRacyContent": false,
    "isGoryContent": false,
    "adultScore": 0.008855178952217102,
    "racyScore": 0.011091323569417,
    "goreScore": 0.0006255965563468635
  },
  "color": {
    "dominantColorForeground": "White",
    "dominantColorBackground": "Black",
    "dominantColors": [
      "Black",
      "White"
    ],
    "accentColor": "C8030E",
    "isBWImg": false
  },
  "imageType": {
    "clipArtType": 0,
    "lineDrawingType": 0
  },
  "tags": [
    {
      "name": "vehicle",
      "confidence": 0.9699816107749939
    },
    {
      "name": "land vehicle",
      "confidence": 0.9543036222457886
    },
    {
      "name": "person",
      "confidence": 0.9521639347076416
    },
    {
      "name": "car",
      "confidence": 0.9437350630760193
    },
    {
      "name": "windshield",
      "confidence": 0.9379688501358032
    },
    {
      "name": "mirror",
      "confidence": 0.9357867240905762
    },
    {
      "name": "automotive mirror",
      "confidence": 0.9174478054046631
    },
    {
      "name": "driving",
      "confidence": 0.9158957004547119
    },
    {
      "name": "rear-view mirror",
      "confidence": 0.8933179974555969
    },
    {
      "name": "car seat",
      "confidence": 0.8546677827835083
    },
    {
      "name": "steering wheel",
      "confidence": 0.8496649861335754
    },
    {
      "name": "vehicle door",
      "confidence": 0.8482939004898071
    },
    {
      "name": "car mirror",
      "confidence": 0.767212450504303
    },
    {
      "name": "woman",
      "confidence": 0.7053753137588501
    },
    {
      "name": "outdoor",
      "confidence": 0.6597504615783691
    },
    {
      "name": "indoor",
      "confidence": 0.5561332702636719
    }
  ],
  "description": {
    "tags": [
      "person",
      "transport"
    ],
    "captions": [
      {
        "text": "a person driving a car",
        "confidence": 0.4809906482696533
      }
    ]
  },
  "faces": [],
  "objects": [
    {
      "rectangle": {
        "x": 96,
        "y": 136,
        "w": 457,
        "h": 584
      },
      "object": "person",
      "confidence": 0.719
    },
    {
      "rectangle": {
        "x": 787,
        "y": 143,
        "w": 367,
        "h": 575
      },
      "object": "person",
      "confidence": 0.667
    }
  ],
  "brands": [],
  "requestId": "4fbabbe4-38c6-47ba-9ee0-bb20bb40ac93",
  "metadata": {
    "width": 1280,
    "height": 720,
    "format": "Png"
  },
  "modelVersion": "2021-05-01"
}