{
  "categories": [
    {
      "name": "people_portrait",
      "score": 0.390625,
      "detail": {
        "celebrities": [
          {
            "name": "Billy Corgan",
            "confidence": 0.9968583583831787,
            "faceRectangle": {
              "left": 288,
              "top": 115,
              "width": 467,
              "height": 467
            }
          }
        ]
      }
    }
  ],
  "adult": {
    "isAdultContent": false,
    "isRacyContent": false,
    "isGoryContent": false,
    "adultScore": 0.010285724885761738,
    "racyScore": 0.011448775418102741,
    "goreScore": 0.0007617605733685195
  },
  "color": {
    "dominantColorForeground": "Black",
    "dominantColorBackground": "Black",
    "dominantColors": [
      "Black",
      "White"
    ],
    "accentColor": "020003",
    "isBWImg": false
  },
  "imageType": {
    "clipArtType": 1,
    "lineDrawingType": 0
  },
  "tags": [
    {
      "name": "person",
      "confidence": 0.9915640950202942
    },
    {
      "name": "human face",
      "confidence": 0.9914106726646423
    },
    {
      "name": "jaw",
      "confidence": 0.9351571798324585
    },
    {
      "name": "eyebrow",
      "confidence": 0.9267609715461731
    },
    {
      "name": "forehead",
      "confidence": 0.9247174263000488
    },
    {
      "name": "chin",
      "confidence": 0.9245144128799438
    },
    {
      "name": "cheek",
      "confidence": 0.9153159260749817
    },
    {
      "name": "lip",
      "confidence": 0.9075201749801636
    },
    {
      "name": "screenshot",
      "confidence": 0.8983808755874634
    },
    {
      "name": "man",
      "confidence": 0.8716416358947754
    },
    {
      "name": "boy",
      "confidence": 0.8582086563110352
    },
    {
      "name": "portrait",
      "confidence": 0.8547792434692383
    }
  ],
  "description": {
    "tags": [
      "person",
      "monitor",
      "screen",
      "dark"
    ],
    "captions": [
      {
        "text": "Billy Corgan with his eyes closed",
        "confidence": 0.4791244566440582
      }
    ]
  },
  "faces": [
    {
      "age": 22,
      "gender": "Male",
      "faceRectangle": {
        "left": 289,
        "top": 116,
        "width": 468,
        "height": 468
      }
    }
  ],
  "objects": [
    {
      "rectangle": {
        "x": 151,
        "y": 4,
        "w": 883,
        "h": 701
      },
      "object": "person",
      "confidence": 0.82
    }
  ],
  "brands": [],
  "requestId": "96f00a0c-5b79-40ab-bfde-c90e60704c11",
  "metadata": {
    "width": 1280,
    "height": 720,
    "format": "Png"
  },
  "modelVersion": "2021-05-01"
}