{
  "categories": [],
  "adult": {
    "isAdultContent": false,
    "isRacyContent": false,
    "isGoryContent": false,
    "adultScore": 0.008642612025141716,
    "racyScore": 0.08296700567007065,
    "goreScore": 0.0022870490793138742
  },
  "color": {
    "dominantColorForeground": "Black",
    "dominantColorBackground": "Black",
    "dominantColors": [
      "Black"
    ],
    "accentColor": "B00002",
    "isBWImg": false
  },
  "imageType": {
    "clipArtType": 1,
    "lineDrawingType": 0
  },
  "tags": [
    {
      "name": "darkness",
      "confidence": 0.9336264133453369
    },
    {
      "name": "person",
      "confidence": 0.8822469711303711
    },
    {
      "name": "dark",
      "confidence": 0.5845000147819519
    }
  ],
  "description": {
    "tags": [
      "person",
      "nature",
      "fire",
      "dark",
      "fireplace"
    ],
    "captions": [
      {
        "text": "a person standing in a dark room",
        "confidence": 0.43229299783706665
      }
    ]
  },
  "faces": [],
  "objects": [
    {
      "rectangle": {
        "x": 858,
        "y": 177,
        "w": 212,
        "h": 537
      },
      "object": "person",
      "confidence": 0.562
    }
  ],
  "brands": [],
  "requestId": "e0b2be5c-2058-4d98-a509-4e57bcbe0d1f",
  "metadata": {
    "width": 1280,
    "height": 720,
    "format": "Png"
  },
  "modelVersion": "2021-05-01"
}