{
  "categories": [
    {
      "name": "dark_light",
      "score": 0.44140625
    },
    {
      "name": "outdoor_",
      "score": 0.00390625,
      "detail": {
        "landmarks": []
      }
    }
  ],
  "adult": {
    "isAdultContent": false,
    "isRacyContent": false,
    "isGoryContent": false,
    "adultScore": 0.0024429236073046923,
    "racyScore": 0.0045590586960315704,
    "goreScore": 0.00034496033913455904
  },
  "color": {
    "dominantColorForeground": "Black",
    "dominantColorBackground": "Black",
    "dominantColors": [
      "Black",
      "Brown"
    ],
    "accentColor": "0E0300",
    "isBWImg": false
  },
  "imageType": {
    "clipArtType": 1,
    "lineDrawingType": 0
  },
  "tags": [
    {
      "name": "outdoor",
      "confidence": 0.996489942073822
    },
    {
      "name": "street light",
      "confidence": 0.9882544279098511
    },
    {
      "name": "night",
      "confidence": 0.9761724472045898
    },
    {
      "name": "sky",
      "confidence": 0.9686329960823059
    },
    {
      "name": "darkness",
      "confidence": 0.9251447916030884
    },
    {
      "name": "light",
      "confidence": 0.9228451251983643
    },
    {
      "name": "road",
      "confidence": 0.9164166450500488
    },
    {
      "name": "security lighting",
      "confidence": 0.9103041887283325
    },
    {
      "name": "lighting",
      "confidence": 0.8602217435836792
    },
    {
      "name": "street",
      "confidence": 0.8473494648933411
    },
    {
      "name": "dark",
      "confidence": 0.5644580125808716
    }
  ],
  "description": {
    "tags": [
      "outdoor",
      "sky",
      "night",
      "light",
      "empty",
      "dark",
      "highway"
    ],
    "captions": [
      {
        "text": "a road with street lights at night",
        "confidence": 0.4985952377319336
      }
    ]
  },
  "faces": [],
  "objects": [
    {
      "rectangle": {
        "x": 812,
        "y": 304,
        "w": 32,
        "h": 208
      },
      "object": "Street light",
      "confidence": 0.509
    }
  ],
  "brands": [],
  "requestId": "a4b4953f-0192-4956-9fc9-2d06d4cca4b9",
  "metadata": {
    "width": 1280,
    "height": 720,
    "format": "Png"
  },
  "modelVersion": "2021-05-01"
}