{
  "categories": [
    {
      "name": "abstract_",
      "score": 0.0078125
    },
    {
      "name": "others_",
      "score": 0.0078125
    },
    {
      "name": "outdoor_",
      "score": 0.00390625,
      "detail": {
        "landmarks": []
      }
    }
  ],
  "adult": {
    "isAdultContent": false,
    "isRacyContent": false,
    "isGoryContent": false,
    "adultScore": 0.018487082794308662,
    "racyScore": 0.024365652352571487,
    "goreScore": 0.007759816944599152
  },
  "color": {
    "dominantColorForeground": "Orange",
    "dominantColorBackground": "Black",
    "dominantColors": [
      "Black",
      "Brown",
      "Orange"
    ],
    "accentColor": "120500",
    "isBWImg": false
  },
  "imageType": {
    "clipArtType": 1,
    "lineDrawingType": 0
  },
  "tags": [
    {
      "name": "lamp",
      "confidence": 0.8495321273803711
    },
    {
      "name": "person",
      "confidence": 0.7549343705177307
    },
    {
      "name": "light",
      "confidence": 0.6506584882736206
    },
    {
      "name": "indoor",
      "confidence": 0.6277976632118225
    },
    {
      "name": "shadow",
      "confidence": 0.5016710162162781
    }
  ],
  "description": {
    "tags": [],
    "captions": [
      {
        "text": "a person sitting in a chair",
        "confidence": 0.23133046925067902
      }
    ]
  },
  "faces": [],
  "objects": [],
  "brands": [],
  "requestId": "843384cc-e395-4703-8348-521309e59f8f",
  "metadata": {
    "width": 1280,
    "height": 720,
    "format": "Png"
  },
  "modelVersion": "2021-05-01"
}