{
  "categories": [
    {
      "name": "outdoor_",
      "score": 0.00390625,
      "detail": {
        "landmarks": []
      }
    },
    {
      "name": "people_show",
      "score": 0.39453125
    }
  ],
  "adult": {
    "isAdultContent": false,
    "isRacyContent": false,
    "isGoryContent": false,
    "adultScore": 0.00027705138199962676,
    "racyScore": 0.0004945577820762992,
    "goreScore": 0.0002570510550867766
  },
  "color": {
    "dominantColorForeground": "Black",
    "dominantColorBackground": "Black",
    "dominantColors": [
      "Black"
    ],
    "accentColor": "642F18",
    "isBWImg": false
  },
  "imageType": {
    "clipArtType": 0,
    "lineDrawingType": 0
  },
  "tags": [
    {
      "name": "darkness",
      "confidence": 0.9233738780021667
    },
    {
      "name": "concert",
      "confidence": 0.884018063545227
    },
    {
      "name": "outdoor",
      "confidence": 0.6015849709510803
    },
    {
      "name": "music",
      "confidence": 0.5626658201217651
    }
  ],
  "description": {
    "tags": [
      "indoor",
      "television",
      "night sky"
    ],
    "captions": [
      {
        "text": "a stage with a group of people on it",
        "confidence": 0.39017927646636963
      }
    ]
  },
  "faces": [],
  "objects": [],
  "brands": [],
  "requestId": "ad4cea40-2ab2-4d08-bae9-9d1c5727a9ae",
  "metadata": {
    "width": 1280,
    "height": 720,
    "format": "Png"
  },
  "modelVersion": "2021-05-01"
}