{
  "categories": [
    {
      "name": "people_",
      "score": 0.7890625
    }
  ],
  "adult": {
    "isAdultContent": false,
    "isRacyContent": false,
    "isGoryContent": false,
    "adultScore": 0.007691368460655212,
    "racyScore": 0.009527266025543213,
    "goreScore": 0.0011842729290947318
  },
  "color": {
    "dominantColorForeground": "Black",
    "dominantColorBackground": "Black",
    "dominantColors": [
      "Black"
    ],
    "accentColor": "693014",
    "isBWImg": false
  },
  "imageType": {
    "clipArtType": 0,
    "lineDrawingType": 0
  },
  "tags": [
    {
      "name": "sport",
      "confidence": 0.9770431518554688
    },
    {
      "name": "clothing",
      "confidence": 0.9389119148254395
    },
    {
      "name": "person",
      "confidence": 0.9371387362480164
    },
    {
      "name": "dance",
      "confidence": 0.933198094367981
    },
    {
      "name": "footwear",
      "confidence": 0.9179593920707703
    },
    {
      "name": "gymnastics",
      "confidence": 0.7999200820922852
    },
    {
      "name": "outdoor",
      "confidence": 0.7375964522361755
    },
    {
      "name": "woman",
      "confidence": 0.6235091686248779
    }
  ],
  "description": {
    "tags": [
      "person",
      "indoor"
    ],
    "captions": [
      {
        "text": "a man and woman dancing",
        "confidence": 0.3608490526676178
      }
    ]
  },
  "faces": [],
  "objects": [
    {
      "rectangle": {
        "x": 265,
        "y": 206,
        "w": 223,
        "h": 468
      },
      "object": "person",
      "confidence": 0.808
    },
    {
      "rectangle": {
        "x": 572,
        "y": 122,
        "w": 303,
        "h": 574
      },
      "object": "person",
      "confidence": 0.747
    }
  ],
  "brands": [],
  "requestId": "3abaed85-cbf6-46a0-b6bf-b5d2ed47adb6",
  "metadata": {
    "width": 1280,
    "height": 720,
    "format": "Png"
  },
  "modelVersion": "2021-05-01"
}