{
  "categories": [
    {
      "name": "people_young",
      "score": 0.4296875,
      "detail": {
        "celebrities": [
          {
            "name": "Billy Corgan",
            "confidence": 0.9955743551254272,
            "faceRectangle": {
              "left": 288,
              "top": 190,
              "width": 458,
              "height": 458
            }
          }
        ]
      }
    }
  ],
  "adult": {
    "isAdultContent": false,
    "isRacyContent": false,
    "isGoryContent": false,
    "adultScore": 0.004394124262034893,
    "racyScore": 0.005125508178025484,
    "goreScore": 0.00030573896947316825
  },
  "color": {
    "dominantColorForeground": "White",
    "dominantColorBackground": "Black",
    "dominantColors": [
      "Black",
      "Brown",
      "White"
    ],
    "accentColor": "28338A",
    "isBWImg": false
  },
  "imageType": {
    "clipArtType": 1,
    "lineDrawingType": 0
  },
  "tags": [
    {
      "name": "person",
      "confidence": 0.983040452003479
    },
    {
      "name": "human face",
      "confidence": 0.9729188680648804
    },
    {
      "name": "forehead",
      "confidence": 0.9395469427108765
    },
    {
      "name": "screenshot",
      "confidence": 0.9301474690437317
    },
    {
      "name": "jaw",
      "confidence": 0.927075982093811
    },
    {
      "name": "eyebrow",
      "confidence": 0.9255697727203369
    },
    {
      "name": "lip",
      "confidence": 0.9244857430458069
    },
    {
      "name": "chin",
      "confidence": 0.9228441715240479
    },
    {
      "name": "cheek",
      "confidence": 0.9192719459533691
    },
    {
      "name": "skin",
      "confidence": 0.8763900995254517
    }
  ],
  "description": {
    "tags": [
      "person"
    ],
    "captions": [
      {
        "text": "Billy Corgan with the eyes closed",
        "confidence": 0.5374758839607239
      }
    ]
  },
  "faces": [
    {
      "age": 19,
      "gender": "Male",
      "faceRectangle": {
        "left": 288,
        "top": 191,
        "width": 459,
        "height": 459
      }
    }
  ],
  "objects": [
    {
      "rectangle": {
        "x": 172,
        "y": 7,
        "w": 862,
        "h": 695
      },
      "object": "person",
      "confidence": 0.782
    }
  ],
  "brands": [],
  "requestId": "122b055f-ca22-408f-8afc-ee5380634f01",
  "metadata": {
    "width": 1280,
    "height": 720,
    "format": "Png"
  },
  "modelVersion": "2021-05-01"
}