{
  "categories": [
    {
      "name": "people_portrait",
      "score": 0.3515625,
      "detail": {
        "celebrities": [
          {
            "name": "Billy Corgan",
            "confidence": 0.9985752105712891,
            "faceRectangle": {
              "left": 368,
              "top": 112,
              "width": 473,
              "height": 473
            }
          }
        ]
      }
    },
    {
      "name": "people_young",
      "score": 0.49609375,
      "detail": {
        "celebrities": [
          {
            "name": "Billy Corgan",
            "confidence": 0.9985752105712891,
            "faceRectangle": {
              "left": 368,
              "top": 112,
              "width": 473,
              "height": 473
            }
          }
        ]
      }
    }
  ],
  "adult": {
    "isAdultContent": false,
    "isRacyContent": false,
    "isGoryContent": false,
    "adultScore": 0.0012367441086098552,
    "racyScore": 0.0019626785069704056,
    "goreScore": 0.0001727738417685032
  },
  "color": {
    "dominantColorForeground": "Black",
    "dominantColorBackground": "Black",
    "dominantColors": [
      "Black",
      "White"
    ],
    "accentColor": "020004",
    "isBWImg": false
  },
  "imageType": {
    "clipArtType": 1,
    "lineDrawingType": 0
  },
  "tags": [
    {
      "name": "person",
      "confidence": 0.9920628070831299
    },
    {
      "name": "human face",
      "confidence": 0.9919648170471191
    },
    {
      "name": "jaw",
      "confidence": 0.9641097784042358
    },
    {
      "name": "eyebrow",
      "confidence": 0.9574796557426453
    },
    {
      "name": "chin",
      "confidence": 0.9535385370254517
    },
    {
      "name": "forehead",
      "confidence": 0.9527140855789185
    },
    {
      "name": "lip",
      "confidence": 0.9480048418045044
    },
    {
      "name": "cheek",
      "confidence": 0.9269769191741943
    },
    {
      "name": "tooth",
      "confidence": 0.9235783815383911
    },
    {
      "name": "screenshot",
      "confidence": 0.9116365909576416
    },
    {
      "name": "portrait",
      "confidence": 0.9005368947982788
    },
    {
      "name": "smile",
      "confidence": 0.8902397751808167
    },
    {
      "name": "man",
      "confidence": 0.8853824138641357
    },
    {
      "name": "skin",
      "confidence": 0.8680664300918579
    },
    {
      "name": "boy",
      "confidence": 0.854631245136261
    },
    {
      "name": "eyelash",
      "confidence": 0.8478330373764038
    },
    {
      "name": "neck",
      "confidence": 0.8440685272216797
    },
    {
      "name": "indoor",
      "confidence": 0.7285241484642029
    }
  ],
  "description": {
    "tags": [
      "person",
      "indoor",
      "wearing",
      "smiling",
      "posing"
    ],
    "captions": [
      {
        "text": "Billy Corgan with a surprised expression",
        "confidence": 0.3747369349002838
      }
    ]
  },
  "faces": [
    {
      "age": 21,
      "gender": "Male",
      "faceRectangle": {
        "left": 369,
        "top": 112,
        "width": 474,
        "height": 474
      }
    }
  ],
  "objects": [
    {
      "rectangle": {
        "x": 162,
        "y": 2,
        "w": 874,
        "h": 697
      },
      "object": "person",
      "confidence": 0.83
    }
  ],
  "brands": [],
  "requestId": "ed0b5a57-1ae9-4760-b442-38236a8ee45e",
  "metadata": {
    "width": 1280,
    "height": 720,
    "format": "Png"
  },
  "modelVersion": "2021-05-01"
}