{
  "categories": [
    {
      "name": "others_",
      "score": 0.00390625
    },
    {
      "name": "outdoor_",
      "score": 0.00390625,
      "detail": {
        "landmarks": []
      }
    },
    {
      "name": "people_show",
      "score": 0.5703125
    }
  ],
  "adult": {
    "isAdultContent": false,
    "isRacyContent": false,
    "isGoryContent": false,
    "adultScore": 0.009154451079666615,
    "racyScore": 0.01231437548995018,
    "goreScore": 0.0015582159394398332
  },
  "color": {
    "dominantColorForeground": "Black",
    "dominantColorBackground": "Black",
    "dominantColors": [
      "Black"
    ],
    "accentColor": "712E20",
    "isBWImg": false
  },
  "imageType": {
    "clipArtType": 0,
    "lineDrawingType": 0
  },
  "tags": [
    {
      "name": "person",
      "confidence": 0.9453423023223877
    },
    {
      "name": "clothing",
      "confidence": 0.9447631239891052
    },
    {
      "name": "man",
      "confidence": 0.901283860206604
    },
    {
      "name": "human face",
      "confidence": 0.8973348140716553
    },
    {
      "name": "woman",
      "confidence": 0.854300856590271
    },
    {
      "name": "screenshot",
      "confidence": 0.8438241481781006
    },
    {
      "name": "people",
      "confidence": 0.7494406700134277
    },
    {
      "name": "indoor",
      "confidence": 0.7165655493736267
    }
  ],
  "description": {
    "tags": [
      "person",
      "indoor",
      "window",
      "dark"
    ],
    "captions": [
      {
        "text": "a group of people sitting in a room",
        "confidence": 0.5881624817848206
      }
    ]
  },
  "faces": [],
  "objects": [
    {
      "rectangle": {
        "x": 885,
        "y": 91,
        "w": 145,
        "h": 235
      },
      "object": "person",
      "confidence": 0.527
    },
    {
      "rectangle": {
        "x": 181,
        "y": 56,
        "w": 434,
        "h": 640
      },
      "object": "person",
      "confidence": 0.622
    },
    {
      "rectangle": {
        "x": 515,
        "y": 67,
        "w": 326,
        "h": 626
      },
      "object": "person",
      "confidence": 0.712
    }
  ],
  "brands": [],
  "requestId": "b3d06e46-3fdc-4615-92dd-ef6687250008",
  "metadata": {
    "width": 1280,
    "height": 720,
    "format": "Png"
  },
  "modelVersion": "2021-05-01"
}