{
  "categories": [
    {
      "name": "others_",
      "score": 0.16796875
    }
  ],
  "adult": {
    "isAdultContent": false,
    "isRacyContent": false,
    "isGoryContent": false,
    "adultScore": 0.18414369225502014,
    "racyScore": 0.5365928411483765,
    "goreScore": 0.004121033009141684
  },
  "color": {
    "dominantColorForeground": "Black",
    "dominantColorBackground": "Black",
    "dominantColors": [
      "Black",
      "White"
    ],
    "accentColor": "938238",
    "isBWImg": false
  },
  "imageType": {
    "clipArtType": 0,
    "lineDrawingType": 0
  },
  "tags": [
    {
      "name": "person",
      "confidence": 0.9659299254417419
    },
    {
      "name": "mirror",
      "confidence": 0.949807345867157
    },
    {
      "name": "vehicle",
      "confidence": 0.9456005096435547
    },
    {
      "name": "driving",
      "confidence": 0.9226647019386292
    },
    {
      "name": "car",
      "confidence": 0.9131820201873779
    },
    {
      "name": "land vehicle",
      "confidence": 0.893348753452301
    },
    {
      "name": "head restraint",
      "confidence": 0.8612244129180908
    },
    {
      "name": "automotive mirror",
      "confidence": 0.8609581589698792
    },
    {
      "name": "rear-view mirror",
      "confidence": 0.8505017161369324
    },
    {
      "name": "windshield",
      "confidence": 0.8500508069992065
    },
    {
      "name": "outdoor",
      "confidence": 0.6664133667945862
    },
    {
      "name": "woman",
      "confidence": 0.6028673648834229
    },
    {
      "name": "indoor",
      "confidence": 0.5279169082641602
    }
  ],
  "description": {
    "tags": [
      "person",
      "image"
    ],
    "captions": [
      {
        "text": "a person driving a car",
        "confidence": 0.6283740401268005
      }
    ]
  },
  "faces": [],
  "objects": [
    {
      "rectangle": {
        "x": 403,
        "y": 195,
        "w": 671,
        "h": 525
      },
      "object": "person",
      "confidence": 0.619
    }
  ],
  "brands": [],
  "requestId": "c9734093-08fe-4789-a85f-e5812263d087",
  "metadata": {
    "width": 1280,
    "height": 720,
    "format": "Png"
  },
  "modelVersion": "2021-05-01"
}