{
  "categories": [
    {
      "name": "people_",
      "score": 0.6328125,
      "detail": {
        "celebrities": []
      }
    }
  ],
  "adult": {
    "isAdultContent": false,
    "isRacyContent": false,
    "isGoryContent": false,
    "adultScore": 0.005954009480774403,
    "racyScore": 0.009162419475615025,
    "goreScore": 0.0005578967975452542
  },
  "color": {
    "dominantColorForeground": "Blue",
    "dominantColorBackground": "Black",
    "dominantColors": [
      "Black",
      "Blue"
    ],
    "accentColor": "0457C7",
    "isBWImg": false
  },
  "imageType": {
    "clipArtType": 1,
    "lineDrawingType": 0
  },
  "tags": [
    {
      "name": "clothing",
      "confidence": 0.9988041520118713
    },
    {
      "name": "human face",
      "confidence": 0.9967675805091858
    },
    {
      "name": "person",
      "confidence": 0.9962659478187561
    },
    {
      "name": "sky",
      "confidence": 0.995701789855957
    },
    {
      "name": "smile",
      "confidence": 0.9094637036323547
    },
    {
      "name": "man",
      "confidence": 0.9078823328018188
    },
    {
      "name": "microphone",
      "confidence": 0.8432230949401855
    },
    {
      "name": "outdoor",
      "confidence": 0.8397922515869141
    },
    {
      "name": "people",
      "confidence": 0.6734999418258667
    },
    {
      "name": "woman",
      "confidence": 0.6441203951835632
    }
  ],
  "description": {
    "tags": [
      "person",
      "sky",
      "crowd"
    ],
    "captions": [
      {
        "text": "a group of people laughing",
        "confidence": 0.49149033427238464
      }
    ]
  },
  "faces": [
    {
      "age": 23,
      "gender": "Male",
      "faceRectangle": {
        "left": 994,
        "top": 71,
        "width": 63,
        "height": 63
      }
    }
  ],
  "objects": [
    {
      "rectangle": {
        "x": 161,
        "y": 149,
        "w": 264,
        "h": 544
      },
      "object": "person",
      "confidence": 0.735
    },
    {
      "rectangle": {
        "x": 847,
        "y": 43,
        "w": 276,
        "h": 668
      },
      "object": "person",
      "confidence": 0.858
    },
    {
      "rectangle": {
        "x": 377,
        "y": 280,
        "w": 583,
        "h": 436
      },
      "object": "person",
      "confidence": 0.72
    }
  ],
  "brands": [],
  "requestId": "8dd87056-34da-4368-ae8b-5de945c02423",
  "metadata": {
    "width": 1280,
    "height": 720,
    "format": "Png"
  },
  "modelVersion": "2021-05-01"
}