{
  "categories": [
    {
      "name": "abstract_",
      "score": 0.0078125
    },
    {
      "name": "others_",
      "score": 0.01953125
    },
    {
      "name": "outdoor_",
      "score": 0.00390625,
      "detail": {
        "landmarks": []
      }
    }
  ],
  "adult": {
    "isAdultContent": false,
    "isRacyContent": false,
    "isGoryContent": false,
    "adultScore": 0.01665685325860977,
    "racyScore": 0.07379758358001709,
    "goreScore": 0.0013086569961160421
  },
  "color": {
    "dominantColorForeground": "Black",
    "dominantColorBackground": "Black",
    "dominantColors": [
      "Black"
    ],
    "accentColor": "613817",
    "isBWImg": false
  },
  "imageType": {
    "clipArtType": 0,
    "lineDrawingType": 0
  },
  "tags": [
    {
      "name": "clothing",
      "confidence": 0.9530180096626282
    },
    {
      "name": "person",
      "confidence": 0.9355915784835815
    },
    {
      "name": "darkness",
      "confidence": 0.9282214641571045
    },
    {
      "name": "outdoor",
      "confidence": 0.9250198602676392
    },
    {
      "name": "light",
      "confidence": 0.7725873589515686
    },
    {
      "name": "people",
      "confidence": 0.718238890171051
    },
    {
      "name": "night",
      "confidence": 0.6570557355880737
    },
    {
      "name": "street",
      "confidence": 0.41902607679367065
    }
  ],
  "description": {
    "tags": [
      "person",
      "crowd"
    ],
    "captions": [
      {
        "text": "two people standing next to each other",
        "confidence": 0.4259220063686371
      }
    ]
  },
  "faces": [],
  "objects": [
    {
      "rectangle": {
        "x": 574,
        "y": 387,
        "w": 257,
        "h": 330
      },
      "object": "person",
      "confidence": 0.773
    },
    {
      "rectangle": {
        "x": 796,
        "y": 435,
        "w": 206,
        "h": 275
      },
      "object": "person",
      "confidence": 0.737
    }
  ],
  "brands": [],
  "requestId": "40e39271-e367-4619-aad3-938ef2ac6205",
  "metadata": {
    "width": 1280,
    "height": 720,
    "format": "Png"
  },
  "modelVersion": "2021-05-01"
}