{
  "categories": [
    {
      "name": "abstract_",
      "score": 0.00390625
    },
    {
      "name": "others_",
      "score": 0.015625
    },
    {
      "name": "outdoor_",
      "score": 0.01953125,
      "detail": {
        "landmarks": []
      }
    }
  ],
  "adult": {
    "isAdultContent": false,
    "isRacyContent": false,
    "isGoryContent": false,
    "adultScore": 0.011309433728456497,
    "racyScore": 0.04071737825870514,
    "goreScore": 0.0007144615519791842
  },
  "color": {
    "dominantColorForeground": "White",
    "dominantColorBackground": "Black",
    "dominantColors": [
      "Black",
      "White",
      "Blue"
    ],
    "accentColor": "02050F",
    "isBWImg": false
  },
  "imageType": {
    "clipArtType": 0,
    "lineDrawingType": 0
  },
  "tags": [
    {
      "name": "screenshot",
      "confidence": 0.9414878487586975
    },
    {
      "name": "darkness",
      "confidence": 0.8460714817047119
    },
    {
      "name": "light",
      "confidence": 0.4970366060733795
    }
  ],
  "description": {
    "tags": [
      "text"
    ],
    "captions": [
      {
        "text": "a group of people playing instruments",
        "confidence": 0.4154221713542938
      }
    ]
  },
  "faces": [],
  "objects": [],
  "brands": [],
  "requestId": "c1a07c1b-d72c-4941-a67e-b73f2b315b73",
  "metadata": {
    "width": 1280,
    "height": 720,
    "format": "Png"
  },
  "modelVersion": "2021-05-01"
}