{
  "categories": [
    {
      "name": "others_",
      "score": 0.01953125
    },
    {
      "name": "people_",
      "score": 0.609375
    }
  ],
  "adult": {
    "isAdultContent": false,
    "isRacyContent": false,
    "isGoryContent": false,
    "adultScore": 0.01278748270124197,
    "racyScore": 0.015705376863479614,
    "goreScore": 0.0010947282426059246
  },
  "color": {
    "dominantColorForeground": "Black",
    "dominantColorBackground": "Black",
    "dominantColors": [
      "Black",
      "White"
    ],
    "accentColor": "BF3200",
    "isBWImg": false
  },
  "imageType": {
    "clipArtType": 1,
    "lineDrawingType": 0
  },
  "tags": [
    {
      "name": "person",
      "confidence": 0.9911396503448486
    },
    {
      "name": "clothing",
      "confidence": 0.9809057712554932
    },
    {
      "name": "human face",
      "confidence": 0.9424628019332886
    },
    {
      "name": "phone",
      "confidence": 0.8560457229614258
    },
    {
      "name": "wall",
      "confidence": 0.8513352274894714
    },
    {
      "name": "indoor",
      "confidence": 0.8145484924316406
    },
    {
      "name": "cellphone",
      "confidence": 0.6899505853652954
    },
    {
      "name": "ear",
      "confidence": 0.5639892816543579
    }
  ],
  "description": {
    "tags": [
      "text",
      "person",
      "indoor",
      "young",
      "preparing"
    ],
    "captions": [
      {
        "text": "a person talking on a phone",
        "confidence": 0.41736575961112976
      }
    ]
  },
  "faces": [],
  "objects": [
    {
      "rectangle": {
        "x": 398,
        "y": 123,
        "w": 541,
        "h": 580
      },
      "object": "person",
      "confidence": 0.771
    }
  ],
  "brands": [],
  "requestId": "1fdaba76-f566-4838-ac40-16c947566e79",
  "metadata": {
    "width": 1280,
    "height": 720,
    "format": "Png"
  },
  "modelVersion": "2021-05-01"
}