{
  "categories": [
    {
      "name": "sky_cloud",
      "score": 0.76171875
    }
  ],
  "adult": {
    "isAdultContent": false,
    "isRacyContent": false,
    "isGoryContent": false,
    "adultScore": 0.03461334481835365,
    "racyScore": 0.136031374335289,
    "goreScore": 0.0016810896340757608
  },
  "color": {
    "dominantColorForeground": "White",
    "dominantColorBackground": "Black",
    "dominantColors": [
      "Black"
    ],
    "accentColor": "070B24",
    "isBWImg": false
  },
  "imageType": {
    "clipArtType": 0,
    "lineDrawingType": 0
  },
  "tags": [
    {
      "name": "aquarium",
      "confidence": 0.8758633136749268
    }
  ],
  "description": {
    "tags": [],
    "captions": [
      {
        "text": "a person with a mask",
        "confidence": 0.2521781921386719
      }
    ]
  },
  "faces": [],
  "objects": [],
  "brands": [],
  "requestId": "c27602e3-bce9-47e4-989a-783dc0a8012e",
  "metadata": {
    "width": 1280,
    "height": 720,
    "format": "Png"
  },
  "modelVersion": "2021-05-01"
}