{
  "categories": [
    {
      "name": "outdoor_",
      "score": 0.00390625,
      "detail": {
        "landmarks": []
      }
    },
    {
      "name": "people_many",
      "score": 0.5390625
    }
  ],
  "adult": {
    "isAdultContent": false,
    "isRacyContent": false,
    "isGoryContent": false,
    "adultScore": 0.006088648922741413,
    "racyScore": 0.007042279466986656,
    "goreScore": 0.008806999772787094
  },
  "color": {
    "dominantColorForeground": "Black",
    "dominantColorBackground": "Black",
    "dominantColors": [
      "Black"
    ],
    "accentColor": "35376D",
    "isBWImg": false
  },
  "imageType": {
    "clipArtType": 0,
    "lineDrawingType": 0
  },
  "tags": [
    {
      "name": "man",
      "confidence": 0.9874407052993774
    },
    {
      "name": "person",
      "confidence": 0.9858684539794922
    },
    {
      "name": "clothing",
      "confidence": 0.9759351015090942
    },
    {
      "name": "snack",
      "confidence": 0.9645576477050781
    },
    {
      "name": "food",
      "confidence": 0.9426602721214294
    },
    {
      "name": "fast food",
      "confidence": 0.9270830154418945
    },
    {
      "name": "shop",
      "confidence": 0.8282884359359741
    },
    {
      "name": "doughnut",
      "confidence": 0.7540500164031982
    },
    {
      "name": "donut",
      "confidence": 0.7161366939544678
    },
    {
      "name": "indoor",
      "confidence": 0.6834259629249573
    }
  ],
  "description": {
    "tags": [
      "text",
      "person",
      "indoor"
    ],
    "captions": [
      {
        "text": "a couple of men in police uniforms standing next to a table of donuts",
        "confidence": 0.4171329736709595
      }
    ]
  },
  "faces": [],
  "objects": [
    {
      "rectangle": {
        "x": 650,
        "y": 194,
        "w": 300,
        "h": 474
      },
      "object": "person",
      "confidence": 0.824
    },
    {
      "rectangle": {
        "x": 212,
        "y": 131,
        "w": 520,
        "h": 428
      },
      "object": "person",
      "confidence": 0.708
    },
    {
      "rectangle": {
        "x": 181,
        "y": 470,
        "w": 521,
        "h": 244
      },
      "object": "Food",
      "confidence": 0.52
    }
  ],
  "brands": [],
  "requestId": "3ee6c899-0f6d-4d80-b6d6-6e54917a66e9",
  "metadata": {
    "width": 1280,
    "height": 720,
    "format": "Png"
  },
  "modelVersion": "2021-05-01"
}