{
  "categories": [
    {
      "name": "others_",
      "score": 0.0625
    }
  ],
  "adult": {
    "isAdultContent": false,
    "isRacyContent": false,
    "isGoryContent": false,
    "adultScore": 0.07582013309001923,
    "racyScore": 0.11353252828121185,
    "goreScore": 0.006831961218267679
  },
  "color": {
    "dominantColorForeground": "Orange",
    "dominantColorBackground": "Black",
    "dominantColors": [
      "Orange",
      "Black"
    ],
    "accentColor": "080100",
    "isBWImg": false
  },
  "imageType": {
    "clipArtType": 1,
    "lineDrawingType": 0
  },
  "tags": [
    {
      "name": "wall",
      "confidence": 0.9615099430084229
    },
    {
      "name": "clothing",
      "confidence": 0.9312796592712402
    },
    {
      "name": "person",
      "confidence": 0.9143364429473877
    },
    {
      "name": "footwear",
      "confidence": 0.8963369131088257
    },
    {
      "name": "indoor",
      "confidence": 0.8713672161102295
    },
    {
      "name": "mirror",
      "confidence": 0.7485914826393127
    },
    {
      "name": "bathroom",
      "confidence": 0.7175704836845398
    },
    {
      "name": "light",
      "confidence": 0.6467609405517578
    },
    {
      "name": "standing",
      "confidence": 0.6302834749221802
    },
    {
      "name": "woman",
      "confidence": 0.6104146242141724
    },
    {
      "name": "floor",
      "confidence": 0.564385712146759
    }
  ],
  "description": {
    "tags": [
      "indoor"
    ],
    "captions": [
      {
        "text": "a man and woman kissing",
        "confidence": 0.37225207686424255
      }
    ]
  },
  "faces": [],
  "objects": [
    {
      "rectangle": {
        "x": 473,
        "y": 51,
        "w": 254,
        "h": 485
      },
      "object": "person",
      "confidence": 0.755
    }
  ],
  "brands": [],
  "requestId": "72fa9f99-520e-4511-94a4-e3d9d67fbc89",
  "metadata": {
    "width": 1280,
    "height": 720,
    "format": "Png"
  },
  "modelVersion": "2021-05-01"
}