{
  "categories": [
    {
      "name": "others_",
      "score": 0.265625
    },
    {
      "name": "outdoor_",
      "score": 0.0078125,
      "detail": {
        "landmarks": []
      }
    }
  ],
  "adult": {
    "isAdultContent": false,
    "isRacyContent": false,
    "isGoryContent": false,
    "adultScore": 0.0225309357047081,
    "racyScore": 0.025076106190681458,
    "goreScore": 0.0014450364978983998
  },
  "color": {
    "dominantColorForeground": "White",
    "dominantColorBackground": "Black",
    "dominantColors": [
      "Black",
      "White"
    ],
    "accentColor": "1598B6",
    "isBWImg": false
  },
  "imageType": {
    "clipArtType": 0,
    "lineDrawingType": 0
  },
  "tags": [
    {
      "name": "vehicle",
      "confidence": 0.9648381471633911
    },
    {
      "name": "person",
      "confidence": 0.9509822130203247
    },
    {
      "name": "car",
      "confidence": 0.9409189224243164
    },
    {
      "name": "vehicle door",
      "confidence": 0.9177447557449341
    },
    {
      "name": "land vehicle",
      "confidence": 0.8501505851745605
    },
    {
      "name": "outdoor",
      "confidence": 0.8237426280975342
    },
    {
      "name": "car mirror",
      "confidence": 0.7837765216827393
    },
    {
      "name": "mirror",
      "confidence": 0.5857821106910706
    }
  ],
  "description": {
    "tags": [
      "indoor",
      "transport",
      "car"
    ],
    "captions": [
      {
        "text": "a person in a car",
        "confidence": 0.5334404110908508
      }
    ]
  },
  "faces": [],
  "objects": [
    {
      "rectangle": {
        "x": 428,
        "y": 15,
        "w": 683,
        "h": 700
      },
      "object": "car",
      "confidence": 0.802,
      "parent": {
        "object": "Land vehicle",
        "confidence": 0.82,
        "parent": {
          "object": "Vehicle",
          "confidence": 0.864
        }
      }
    }
  ],
  "brands": [],
  "requestId": "3ec192db-1f1c-4b2c-a02b-ac881983d9bf",
  "metadata": {
    "width": 1280,
    "height": 720,
    "format": "Png"
  },
  "modelVersion": "2021-05-01"
}