{
  "categories": [
    {
      "name": "outdoor_",
      "score": 0.00390625,
      "detail": {
        "landmarks": []
      }
    },
    {
      "name": "outdoor_mountain",
      "score": 0.83203125,
      "detail": {
        "landmarks": []
      }
    }
  ],
  "adult": {
    "isAdultContent": false,
    "isRacyContent": false,
    "isGoryContent": false,
    "adultScore": 0.0008106781751848757,
    "racyScore": 0.0014468287117779255,
    "goreScore": 0.000773213745560497
  },
  "color": {
    "dominantColorForeground": "Black",
    "dominantColorBackground": "Black",
    "dominantColors": [
      "Black"
    ],
    "accentColor": "463695",
    "isBWImg": false
  },
  "imageType": {
    "clipArtType": 0,
    "lineDrawingType": 0
  },
  "tags": [
    {
      "name": "outdoor",
      "confidence": 0.994043231010437
    },
    {
      "name": "tree",
      "confidence": 0.9831632971763611
    },
    {
      "name": "car",
      "confidence": 0.9633139371871948
    },
    {
      "name": "vehicle",
      "confidence": 0.9558953046798706
    },
    {
      "name": "house",
      "confidence": 0.9290842413902283
    },
    {
      "name": "landscape",
      "confidence": 0.9164512157440186
    },
    {
      "name": "suburb",
      "confidence": 0.9111496806144714
    },
    {
      "name": "land vehicle",
      "confidence": 0.8964011669158936
    },
    {
      "name": "residential area",
      "confidence": 0.8732461929321289
    },
    {
      "name": "sky",
      "confidence": 0.8422099351882935
    },
    {
      "name": "mountain",
      "confidence": 0.8064528107643127
    },
    {
      "name": "nature",
      "confidence": 0.7456457018852234
    },
    {
      "name": "city",
      "confidence": 0.6482967138290405
    },
    {
      "name": "travel",
      "confidence": 0.5656388998031616
    }
  ],
  "description": {
    "tags": [
      "text",
      "outdoor",
      "mountain",
      "city",
      "crowd"
    ],
    "captions": [
      {
        "text": "a group of houses in a neighborhood",
        "confidence": 0.38072893023490906
      }
    ]
  },
  "faces": [],
  "objects": [
    {
      "rectangle": {
        "x": 497,
        "y": 664,
        "w": 276,
        "h": 50
      },
      "object": "car",
      "confidence": 0.554,
      "parent": {
        "object": "Land vehicle",
        "confidence": 0.562,
        "parent": {
          "object": "Vehicle",
          "confidence": 0.563
        }
      }
    },
    {
      "rectangle": {
        "x": 157,
        "y": 335,
        "w": 190,
        "h": 356
      },
      "object": "tree",
      "confidence": 0.562,
      "parent": {
        "object": "plant",
        "confidence": 0.562
      }
    }
  ],
  "brands": [],
  "requestId": "402dc89f-03aa-4bfe-aca0-7eea64b85515",
  "metadata": {
    "width": 1280,
    "height": 720,
    "format": "Png"
  },
  "modelVersion": "2021-05-01"
}