{
  "categories": [
    {
      "name": "abstract_",
      "score": 0.00390625
    },
    {
      "name": "others_",
      "score": 0.015625
    }
  ],
  "adult": {
    "isAdultContent": false,
    "isRacyContent": false,
    "isGoryContent": false,
    "adultScore": 0.02044476754963398,
    "racyScore": 0.02556798607110977,
    "goreScore": 0.044743165373802185
  },
  "color": {
    "dominantColorForeground": "White",
    "dominantColorBackground": "Black",
    "dominantColors": [
      "Black"
    ],
    "accentColor": "976234",
    "isBWImg": false
  },
  "imageType": {
    "clipArtType": 0,
    "lineDrawingType": 0
  },
  "tags": [
    {
      "name": "human face",
      "confidence": 0.9864208698272705
    },
    {
      "name": "person",
      "confidence": 0.9612958431243896
    },
    {
      "name": "boy",
      "confidence": 0.8989087343215942
    },
    {
      "name": "lip",
      "confidence": 0.886164665222168
    },
    {
      "name": "screenshot",
      "confidence": 0.8590350151062012
    },
    {
      "name": "jaw",
      "confidence": 0.8500701785087585
    }
  ],
  "description": {
    "tags": [
      "person",
      "indoor"
    ],
    "captions": [
      {
        "text": "a person making a face",
        "confidence": 0.44114798307418823
      }
    ]
  },
  "faces": [],
  "objects": [
    {
      "rectangle": {
        "x": 339,
        "y": 0,
        "w": 815,
        "h": 720
      },
      "object": "person",
      "confidence": 0.827
    }
  ],
  "brands": [],
  "requestId": "b9641dd1-68c9-4e23-903b-b4f4e470dd20",
  "metadata": {
    "width": 1280,
    "height": 720,
    "format": "Png"
  },
  "modelVersion": "2021-05-01"
}