{
  "categories": [
    {
      "name": "abstract_",
      "score": 0.01953125
    },
    {
      "name": "others_",
      "score": 0.01953125
    },
    {
      "name": "outdoor_",
      "score": 0.01171875,
      "detail": {
        "landmarks": []
      }
    }
  ],
  "adult": {
    "isAdultContent": false,
    "isRacyContent": false,
    "isGoryContent": false,
    "adultScore": 0.0055293007753789425,
    "racyScore": 0.014099985361099243,
    "goreScore": 0.0014572067884728312
  },
  "color": {
    "dominantColorForeground": "Black",
    "dominantColorBackground": "Black",
    "dominantColors": [
      "Black",
      "Brown",
      "Orange"
    ],
    "accentColor": "0F0600",
    "isBWImg": false
  },
  "imageType": {
    "clipArtType": 1,
    "lineDrawingType": 0
  },
  "tags": [
    {
      "name": "person",
      "confidence": 0.9565646648406982
    },
    {
      "name": "dance",
      "confidence": 0.8724876642227173
    },
    {
      "name": "night",
      "confidence": 0.4378250241279602
    }
  ],
  "description": {
    "tags": [
      "person",
      "indoor",
      "dark",
      "nature",
      "fireplace"
    ],
    "captions": [
      {
        "text": "a person holding a white box",
        "confidence": 0.3121880888938904
      }
    ]
  },
  "faces": [],
  "objects": [
    {
      "rectangle": {
        "x": 841,
        "y": 428,
        "w": 270,
        "h": 291
      },
      "object": "person",
      "confidence": 0.533
    }
  ],
  "brands": [],
  "requestId": "c10db113-284e-4034-98fc-85be79733c65",
  "metadata": {
    "width": 1280,
    "height": 720,
    "format": "Png"
  },
  "modelVersion": "2021-05-01"
}