{
  "categories": [
    {
      "name": "others_",
      "score": 0.01953125
    },
    {
      "name": "people_",
      "score": 0.4296875
    }
  ],
  "adult": {
    "isAdultContent": false,
    "isRacyContent": false,
    "isGoryContent": false,
    "adultScore": 0.12523038685321808,
    "racyScore": 0.4663255214691162,
    "goreScore": 0.003130190772935748
  },
  "color": {
    "dominantColorForeground": "Black",
    "dominantColorBackground": "Black",
    "dominantColors": [
      "Black",
      "White"
    ],
    "accentColor": "A58C26",
    "isBWImg": false
  },
  "imageType": {
    "clipArtType": 0,
    "lineDrawingType": 0
  },
  "tags": [
    {
      "name": "person",
      "confidence": 0.9841777086257935
    },
    {
      "name": "clothing",
      "confidence": 0.9691576361656189
    },
    {
      "name": "human face",
      "confidence": 0.9131682515144348
    },
    {
      "name": "car",
      "confidence": 0.9072047472000122
    },
    {
      "name": "mirror",
      "confidence": 0.902880072593689
    },
    {
      "name": "vehicle",
      "confidence": 0.8916900157928467
    },
    {
      "name": "woman",
      "confidence": 0.7229859232902527
    },
    {
      "name": "girl",
      "confidence": 0.5514091849327087
    }
  ],
  "description": {
    "tags": [
      "person"
    ],
    "captions": [
      {
        "text": "a person in a car",
        "confidence": 0.46323975920677185
      }
    ]
  },
  "faces": [],
  "objects": [
    {
      "rectangle": {
        "x": 253,
        "y": 272,
        "w": 708,
        "h": 442
      },
      "object": "person",
      "confidence": 0.758
    }
  ],
  "brands": [],
  "requestId": "eb5585fe-5cca-4e71-9175-5336bf52247a",
  "metadata": {
    "width": 1280,
    "height": 720,
    "format": "Png"
  },
  "modelVersion": "2021-05-01"
}