{
  "categories": [
    {
      "name": "others_",
      "score": 0.02734375
    },
    {
      "name": "outdoor_",
      "score": 0.00390625,
      "detail": {
        "landmarks": []
      }
    }
  ],
  "adult": {
    "isAdultContent": false,
    "isRacyContent": false,
    "isGoryContent": false,
    "adultScore": 0.017190102487802505,
    "racyScore": 0.023055916652083397,
    "goreScore": 0.0010827919468283653
  },
  "color": {
    "dominantColorForeground": "Black",
    "dominantColorBackground": "Black",
    "dominantColors": [
      "Black"
    ],
    "accentColor": "060817",
    "isBWImg": false
  },
  "imageType": {
    "clipArtType": 0,
    "lineDrawingType": 0
  },
  "tags": [
    {
      "name": "sport",
      "confidence": 0.9199000597000122
    },
    {
      "name": "dance",
      "confidence": 0.8550134897232056
    },
    {
      "name": "underwater",
      "confidence": 0.8178427219390869
    },
    {
      "name": "swimming",
      "confidence": 0.7376552820205688
    },
    {
      "name": "person",
      "confidence": 0.730396032333374
    }
  ],
  "description": {
    "tags": [
      "swimming"
    ],
    "captions": [
      {
        "text": "a skeleton with a sword",
        "confidence": 0.2776065170764923
      }
    ]
  },
  "faces": [],
  "objects": [
    {
      "rectangle": {
        "x": 569,
        "y": 35,
        "w": 362,
        "h": 681
      },
      "object": "animal",
      "confidence": 0.655
    }
  ],
  "brands": [],
  "requestId": "82128c8a-e02b-4a43-a0e9-5dbf8d8ba3b7",
  "metadata": {
    "width": 1280,
    "height": 720,
    "format": "Png"
  },
  "modelVersion": "2021-05-01"
}