{
  "categories": [],
  "adult": {
    "isAdultContent": false,
    "isRacyContent": false,
    "isGoryContent": false,
    "adultScore": 0.013622225262224674,
    "racyScore": 0.01979179121553898,
    "goreScore": 0.0011196646373718977
  },
  "color": {
    "dominantColorForeground": "Black",
    "dominantColorBackground": "Black",
    "dominantColors": [
      "Black",
      "Brown",
      "Yellow"
    ],
    "accentColor": "B74307",
    "isBWImg": false
  },
  "imageType": {
    "clipArtType": 1,
    "lineDrawingType": 0
  },
  "tags": [
    {
      "name": "concert",
      "confidence": 0.9797052145004272
    },
    {
      "name": "microphone",
      "confidence": 0.942182183265686
    },
    {
      "name": "musical instrument",
      "confidence": 0.9412795901298523
    },
    {
      "name": "music artist",
      "confidence": 0.8930258750915527
    },
    {
      "name": "person",
      "confidence": 0.887594997882843
    },
    {
      "name": "musician",
      "confidence": 0.8823864459991455
    },
    {
      "name": "string instrument",
      "confidence": 0.8799704313278198
    },
    {
      "name": "music",
      "confidence": 0.8674094676971436
    },
    {
      "name": "song",
      "confidence": 0.8543928861618042
    },
    {
      "name": "artist",
      "confidence": 0.8539029359817505
    },
    {
      "name": "guitar",
      "confidence": 0.5140758752822876
    },
    {
      "name": "gig",
      "confidence": 0.47724151611328125
    }
  ],
  "description": {
    "tags": [
      "person",
      "indoor",
      "dark"
    ],
    "captions": [
      {
        "text": "a man playing guitar",
        "confidence": 0.38694244623184204
      }
    ]
  },
  "faces": [],
  "objects": [
    {
      "rectangle": {
        "x": 322,
        "y": 233,
        "w": 177,
        "h": 67
      },
      "object": "Microphone",
      "confidence": 0.649
    },
    {
      "rectangle": {
        "x": 155,
        "y": 141,
        "w": 330,
        "h": 579
      },
      "object": "Musical instrument",
      "confidence": 0.602
    }
  ],
  "brands": [],
  "requestId": "62faf5b8-d1e1-4331-9740-f17c60221456",
  "metadata": {
    "width": 1280,
    "height": 720,
    "format": "Png"
  },
  "modelVersion": "2021-05-01"
}