{
  "categories": [
    {
      "name": "people_",
      "score": 0.875
    }
  ],
  "adult": {
    "isAdultContent": false,
    "isRacyContent": false,
    "isGoryContent": false,
    "adultScore": 0.004330843687057495,
    "racyScore": 0.010249936953186989,
    "goreScore": 0.0004819518362637609
  },
  "color": {
    "dominantColorForeground": "Blue",
    "dominantColorBackground": "Blue",
    "dominantColors": [
      "Blue",
      "Black"
    ],
    "accentColor": "035DC8",
    "isBWImg": false
  },
  "imageType": {
    "clipArtType": 1,
    "lineDrawingType": 0
  },
  "tags": [
    {
      "name": "clothing",
      "confidence": 0.9984229207038879
    },
    {
      "name": "sky",
      "confidence": 0.9977050423622131
    },
    {
      "name": "person",
      "confidence": 0.990077018737793
    },
    {
      "name": "outdoor",
      "confidence": 0.9506413340568542
    },
    {
      "name": "man",
      "confidence": 0.9422788619995117
    },
    {
      "name": "standing",
      "confidence": 0.8431354761123657
    }
  ],
  "description": {
    "tags": [
      "sky",
      "person",
      "outdoor",
      "man"
    ],
    "captions": [
      {
        "text": "a man wearing a green vest",
        "confidence": 0.41214677691459656
      }
    ]
  },
  "faces": [],
  "objects": [
    {
      "rectangle": {
        "x": 450,
        "y": 181,
        "w": 353,
        "h": 538
      },
      "object": "person",
      "confidence": 0.752
    }
  ],
  "brands": [],
  "requestId": "c919f882-1f53-4a05-8d56-e2076f027733",
  "metadata": {
    "width": 1280,
    "height": 720,
    "format": "Png"
  },
  "modelVersion": "2021-05-01"
}