{
  "categories": [
    {
      "name": "outdoor_",
      "score": 0.0078125,
      "detail": {
        "landmarks": []
      }
    },
    {
      "name": "people_show",
      "score": 0.57421875
    }
  ],
  "adult": {
    "isAdultContent": false,
    "isRacyContent": false,
    "isGoryContent": false,
    "adultScore": 0.001918874797411263,
    "racyScore": 0.0026642053853720427,
    "goreScore": 0.000476098561193794
  },
  "color": {
    "dominantColorForeground": "Black",
    "dominantColorBackground": "Black",
    "dominantColors": [
      "Black"
    ],
    "accentColor": "2677A5",
    "isBWImg": false
  },
  "imageType": {
    "clipArtType": 0,
    "lineDrawingType": 0
  },
  "tags": [
    {
      "name": "darkness",
      "confidence": 0.9138445854187012
    },
    {
      "name": "display device",
      "confidence": 0.895676851272583
    },
    {
      "name": "night",
      "confidence": 0.8652966022491455
    },
    {
      "name": "screen",
      "confidence": 0.7015273571014404
    },
    {
      "name": "light",
      "confidence": 0.5586990714073181
    }
  ],
  "description": {
    "tags": [
      "dark",
      "night sky"
    ],
    "captions": [
      {
        "text": "a person walking on a street at night",
        "confidence": 0.43192169070243835
      }
    ]
  },
  "faces": [],
  "objects": [],
  "brands": [],
  "requestId": "9912cc76-577e-447f-b5ab-98b3db2a6f31",
  "metadata": {
    "width": 1280,
    "height": 720,
    "format": "Png"
  },
  "modelVersion": "2021-05-01"
}