{
  "categories": [
    {
      "name": "outdoor_",
      "score": 0.00390625,
      "detail": {
        "landmarks": []
      }
    },
    {
      "name": "people_show",
      "score": 0.703125
    }
  ],
  "adult": {
    "isAdultContent": false,
    "isRacyContent": false,
    "isGoryContent": false,
    "adultScore": 0.0012529196683317423,
    "racyScore": 0.001679012319073081,
    "goreScore": 0.0002375475160079077
  },
  "color": {
    "dominantColorForeground": "Black",
    "dominantColorBackground": "Black",
    "dominantColors": [
      "Black"
    ],
    "accentColor": "2B6CA0",
    "isBWImg": false
  },
  "imageType": {
    "clipArtType": 0,
    "lineDrawingType": 0
  },
  "tags": [
    {
      "name": "darkness",
      "confidence": 0.9347754716873169
    },
    {
      "name": "concert",
      "confidence": 0.8826318979263306
    },
    {
      "name": "night",
      "confidence": 0.851404070854187
    },
    {
      "name": "light",
      "confidence": 0.678218424320221
    },
    {
      "name": "dark",
      "confidence": 0.6134571433067322
    },
    {
      "name": "outdoor",
      "confidence": 0.5467736124992371
    },
    {
      "name": "music",
      "confidence": 0.5060853362083435
    }
  ],
  "description": {
    "tags": [
      "dark"
    ],
    "captions": [
      {
        "text": "a stage with lights and a crowd of people",
        "confidence": 0.42196226119995117
      }
    ]
  },
  "faces": [],
  "objects": [],
  "brands": [],
  "requestId": "181932a8-c4a0-4400-a623-2da93e4ced56",
  "metadata": {
    "width": 1280,
    "height": 720,
    "format": "Png"
  },
  "modelVersion": "2021-05-01"
}