{
  "categories": [
    {
      "name": "people_young",
      "score": 0.3984375,
      "detail": {
        "celebrities": [
          {
            "name": "Billy Corgan",
            "confidence": 0.9051163196563721,
            "faceRectangle": {
              "left": 126,
              "top": 57,
              "width": 500,
              "height": 500
            }
          }
        ]
      }
    }
  ],
  "adult": {
    "isAdultContent": false,
    "isRacyContent": false,
    "isGoryContent": false,
    "adultScore": 0.006518376991152763,
    "racyScore": 0.008697649464011192,
    "goreScore": 0.0006163281504996121
  },
  "color": {
    "dominantColorForeground": "Black",
    "dominantColorBackground": "Black",
    "dominantColors": [
      "Black",
      "White"
    ],
    "accentColor": "010002",
    "isBWImg": false
  },
  "imageType": {
    "clipArtType": 1,
    "lineDrawingType": 0
  },
  "tags": [
    {
      "name": "human face",
      "confidence": 0.9945088028907776
    },
    {
      "name": "person",
      "confidence": 0.989675760269165
    },
    {
      "name": "forehead",
      "confidence": 0.9556213617324829
    },
    {
      "name": "jaw",
      "confidence": 0.9489097595214844
    },
    {
      "name": "chin",
      "confidence": 0.9461084008216858
    },
    {
      "name": "eyebrow",
      "confidence": 0.9459341168403625
    },
    {
      "name": "screenshot",
      "confidence": 0.9286110401153564
    },
    {
      "name": "cheek",
      "confidence": 0.9220781922340393
    },
    {
      "name": "lip",
      "confidence": 0.9119948148727417
    },
    {
      "name": "man",
      "confidence": 0.9107527732849121
    },
    {
      "name": "portrait",
      "confidence": 0.8806473016738892
    },
    {
      "name": "skin",
      "confidence": 0.8766353726387024
    },
    {
      "name": "indoor",
      "confidence": 0.5334661602973938
    }
  ],
  "description": {
    "tags": [
      "person",
      "indoor"
    ],
    "captions": [
      {
        "text": "Billy Corgan with a blue shirt",
        "confidence": 0.33016571402549744
      }
    ]
  },
  "faces": [
    {
      "age": 30,
      "gender": "Male",
      "faceRectangle": {
        "left": 127,
        "top": 58,
        "width": 501,
        "height": 501
      }
    }
  ],
  "objects": [
    {
      "rectangle": {
        "x": 160,
        "y": 15,
        "w": 873,
        "h": 671
      },
      "object": "person",
      "confidence": 0.567
    }
  ],
  "brands": [],
  "requestId": "fc8a3264-275e-4e7a-9128-8cc76504af5c",
  "metadata": {
    "width": 1280,
    "height": 720,
    "format": "Png"
  },
  "modelVersion": "2021-05-01"
}