{
  "categories": [
    {
      "name": "abstract_",
      "score": 0.0078125
    },
    {
      "name": "others_",
      "score": 0.00390625
    }
  ],
  "adult": {
    "isAdultContent": false,
    "isRacyContent": false,
    "isGoryContent": false,
    "adultScore": 0.0074877007864415646,
    "racyScore": 0.012791726738214493,
    "goreScore": 0.005559010896831751
  },
  "color": {
    "dominantColorForeground": "Brown",
    "dominantColorBackground": "Black",
    "dominantColors": [
      "Black",
      "Brown",
      "Orange"
    ],
    "accentColor": "BA1185",
    "isBWImg": false
  },
  "imageType": {
    "clipArtType": 1,
    "lineDrawingType": 0
  },
  "tags": [
    {
      "name": "clothing",
      "confidence": 0.9957541227340698
    },
    {
      "name": "person",
      "confidence": 0.9945415258407593
    },
    {
      "name": "man",
      "confidence": 0.9746958017349243
    },
    {
      "name": "human face",
      "confidence": 0.9631587862968445
    },
    {
      "name": "indoor",
      "confidence": 0.9303721189498901
    },
    {
      "name": "interaction",
      "confidence": 0.8936110734939575
    },
    {
      "name": "woman",
      "confidence": 0.8929137587547302
    },
    {
      "name": "wall",
      "confidence": 0.8636568784713745
    },
    {
      "name": "event",
      "confidence": 0.8437525033950806
    },
    {
      "name": "dance",
      "confidence": 0.8437294363975525
    },
    {
      "name": "people",
      "confidence": 0.8113638162612915
    },
    {
      "name": "standing",
      "confidence": 0.724598228931427
    },
    {
      "name": "group",
      "confidence": 0.681195855140686
    }
  ],
  "description": {
    "tags": [
      "person",
      "indoor",
      "man",
      "crowd"
    ],
    "captions": [
      {
        "text": "a group of people in a room",
        "confidence": 0.5545242428779602
      }
    ]
  },
  "faces": [
    {
      "age": 29,
      "gender": "Male",
      "faceRectangle": {
        "left": 593,
        "top": 162,
        "width": 96,
        "height": 96
      }
    }
  ],
  "objects": [
    {
      "rectangle": {
        "x": 597,
        "y": 583,
        "w": 277,
        "h": 137
      },
      "object": "Tableware",
      "confidence": 0.535
    },
    {
      "rectangle": {
        "x": 665,
        "y": 11,
        "w": 445,
        "h": 689
      },
      "object": "person",
      "confidence": 0.834
    },
    {
      "rectangle": {
        "x": 157,
        "y": 90,
        "w": 479,
        "h": 630
      },
      "object": "person",
      "confidence": 0.773
    }
  ],
  "brands": [],
  "requestId": "b31c56cd-872a-4c67-9d08-9ef5c861ea32",
  "metadata": {
    "width": 1280,
    "height": 720,
    "format": "Png"
  },
  "modelVersion": "2021-05-01"
}