{
  "categories": [
    {
      "name": "others_",
      "score": 0.00390625
    }
  ],
  "adult": {
    "isAdultContent": false,
    "isRacyContent": false,
    "isGoryContent": false,
    "adultScore": 0.0014679309679195285,
    "racyScore": 0.008867240510880947,
    "goreScore": 0.0004988904693163931
  },
  "color": {
    "dominantColorForeground": "White",
    "dominantColorBackground": "Black",
    "dominantColors": [
      "Black",
      "White"
    ],
    "accentColor": "604B10",
    "isBWImg": false
  },
  "imageType": {
    "clipArtType": 0,
    "lineDrawingType": 0
  },
  "tags": [
    {
      "name": "text",
      "confidence": 0.9989701509475708
    },
    {
      "name": "soft drink",
      "confidence": 0.9936048984527588
    },
    {
      "name": "screenshot",
      "confidence": 0.9655891060829163
    },
    {
      "name": "vending machine",
      "confidence": 0.919093132019043
    },
    {
      "name": "indoor",
      "confidence": 0.7897759675979614
    },
    {
      "name": "slot machine",
      "confidence": 0.7514173984527588
    },
    {
      "name": "food",
      "confidence": 0.5483137965202332
    }
  ],
  "description": {
    "tags": [
      "text"
    ],
    "captions": [
      {
        "text": "a hallway with a sign on the wall",
        "confidence": 0.3662834167480469
      }
    ]
  },
  "faces": [],
  "objects": [],
  "brands": [],
  "requestId": "65f46ebd-9b27-4e18-a3e5-5ec36ce9f691",
  "metadata": {
    "width": 1280,
    "height": 720,
    "format": "Png"
  },
  "modelVersion": "2021-05-01"
}