{
  "categories": [
    {
      "name": "others_",
      "score": 0.00390625
    }
  ],
  "adult": {
    "isAdultContent": false,
    "isRacyContent": false,
    "isGoryContent": false,
    "adultScore": 0.00519537040963769,
    "racyScore": 0.005825613625347614,
    "goreScore": 0.0015839667757973075
  },
  "color": {
    "dominantColorForeground": "White",
    "dominantColorBackground": "Black",
    "dominantColors": [
      "Black"
    ],
    "accentColor": "BC690F",
    "isBWImg": false
  },
  "imageType": {
    "clipArtType": 0,
    "lineDrawingType": 0
  },
  "tags": [
    {
      "name": "human face",
      "confidence": 0.9959256052970886
    },
    {
      "name": "person",
      "confidence": 0.9907792806625366
    },
    {
      "name": "screenshot",
      "confidence": 0.8664450645446777
    },
    {
      "name": "darkness",
      "confidence": 0.8655760288238525
    },
    {
      "name": "indoor",
      "confidence": 0.6631098389625549
    },
    {
      "name": "dark",
      "confidence": 0.6510273218154907
    }
  ],
  "description": {
    "tags": [
      "person"
    ],
    "captions": [
      {
        "text": "a man in a dark room",
        "confidence": 0.430040180683136
      }
    ]
  },
  "faces": [],
  "objects": [
    {
      "rectangle": {
        "x": 556,
        "y": 15,
        "w": 649,
        "h": 670
      },
      "object": "person",
      "confidence": 0.792
    }
  ],
  "brands": [],
  "requestId": "3834ba6c-5715-4079-b2b9-52fe16adb9f8",
  "metadata": {
    "width": 1280,
    "height": 720,
    "format": "Png"
  },
  "modelVersion": "2021-05-01"
}