{
  "categories": [
    {
      "name": "abstract_",
      "score": 0.00390625
    },
    {
      "name": "others_",
      "score": 0.01171875
    }
  ],
  "adult": {
    "isAdultContent": false,
    "isRacyContent": false,
    "isGoryContent": false,
    "adultScore": 0.04700877144932747,
    "racyScore": 0.11350423097610474,
    "goreScore": 0.04665831848978996
  },
  "color": {
    "dominantColorForeground": "Black",
    "dominantColorBackground": "Black",
    "dominantColors": [
      "Black"
    ],
    "accentColor": "C4AC07",
    "isBWImg": false
  },
  "imageType": {
    "clipArtType": 0,
    "lineDrawingType": 0
  },
  "tags": [
    {
      "name": "smile",
      "confidence": 0.9956867694854736
    },
    {
      "name": "human face",
      "confidence": 0.9951607584953308
    },
    {
      "name": "person",
      "confidence": 0.9813384413719177
    },
    {
      "name": "tooth",
      "confidence": 0.9398683309555054
    },
    {
      "name": "lip",
      "confidence": 0.9326689839363098
    },
    {
      "name": "darkness",
      "confidence": 0.8675748109817505
    },
    {
      "name": "jaw",
      "confidence": 0.8633788824081421
    },
    {
      "name": "laugh",
      "confidence": 0.8469960689544678
    },
    {
      "name": "black",
      "confidence": 0.8401260375976562
    },
    {
      "name": "smiling",
      "confidence": 0.7432144284248352
    },
    {
      "name": "woman",
      "confidence": 0.7419966459274292
    },
    {
      "name": "girl",
      "confidence": 0.5533202886581421
    }
  ],
  "description": {
    "tags": [
      "person"
    ],
    "captions": [
      {
        "text": "a person smiling at the camera",
        "confidence": 0.38159817457199097
      }
    ]
  },
  "faces": [],
  "objects": [],
  "brands": [],
  "requestId": "12c6bd40-6299-4a2f-9147-f6328b122791",
  "metadata": {
    "width": 1280,
    "height": 720,
    "format": "Png"
  },
  "modelVersion": "2021-05-01"
}