{
  "categories": [
    {
      "name": "abstract_",
      "score": 0.00390625
    },
    {
      "name": "dark_light",
      "score": 0.46484375
    },
    {
      "name": "others_",
      "score": 0.0078125
    }
  ],
  "adult": {
    "isAdultContent": false,
    "isRacyContent": false,
    "isGoryContent": false,
    "adultScore": 0.003773460630327463,
    "racyScore": 0.00417265435680747,
    "goreScore": 0.001009841449558735
  },
  "color": {
    "dominantColorForeground": "Black",
    "dominantColorBackground": "Black",
    "dominantColors": [
      "Black"
    ],
    "accentColor": "B97912",
    "isBWImg": false
  },
  "imageType": {
    "clipArtType": 0,
    "lineDrawingType": 0
  },
  "tags": [
    {
      "name": "human face",
      "confidence": 0.9909891486167908
    },
    {
      "name": "person",
      "confidence": 0.9768613576889038
    },
    {
      "name": "screenshot",
      "confidence": 0.9088692665100098
    },
    {
      "name": "black",
      "confidence": 0.8915663957595825
    },
    {
      "name": "darkness",
      "confidence": 0.8843791484832764
    },
    {
      "name": "chin",
      "confidence": 0.8734409809112549
    },
    {
      "name": "forehead",
      "confidence": 0.8650079965591431
    },
    {
      "name": "human",
      "confidence": 0.8575150966644287
    }
  ],
  "description": {
    "tags": [
      "person",
      "indoor",
      "dark"
    ],
    "captions": [
      {
        "text": "a person making a face",
        "confidence": 0.4606792628765106
      }
    ]
  },
  "faces": [],
  "objects": [
    {
      "rectangle": {
        "x": 172,
        "y": 15,
        "w": 856,
        "h": 677
      },
      "object": "person",
      "confidence": 0.65
    }
  ],
  "brands": [],
  "requestId": "6fc9076f-2364-4861-b961-b722353ddd24",
  "metadata": {
    "width": 1280,
    "height": 720,
    "format": "Png"
  },
  "modelVersion": "2021-05-01"
}