{
  "categories": [
    {
      "name": "others_",
      "score": 0.015625
    }
  ],
  "adult": {
    "isAdultContent": false,
    "isRacyContent": false,
    "isGoryContent": false,
    "adultScore": 0.01061428152024746,
    "racyScore": 0.016834868118166924,
    "goreScore": 0.0017750613624230027
  },
  "color": {
    "dominantColorForeground": "Brown",
    "dominantColorBackground": "Black",
    "dominantColors": [
      "Black"
    ],
    "accentColor": "B79F14",
    "isBWImg": false
  },
  "imageType": {
    "clipArtType": 0,
    "lineDrawingType": 0
  },
  "tags": [
    {
      "name": "person",
      "confidence": 0.9960650205612183
    },
    {
      "name": "human face",
      "confidence": 0.9853594899177551
    },
    {
      "name": "soft drink",
      "confidence": 0.9221575856208801
    },
    {
      "name": "clothing",
      "confidence": 0.9165674448013306
    },
    {
      "name": "indoor",
      "confidence": 0.8552050590515137
    },
    {
      "name": "food",
      "confidence": 0.6276487708091736
    },
    {
      "name": "young",
      "confidence": 0.6091917753219604
    }
  ],
  "description": {
    "tags": [
      "person",
      "indoor"
    ],
    "captions": [
      {
        "text": "a person with a drink in a store",
        "confidence": 0.35739123821258545
      }
    ]
  },
  "faces": [
    {
      "age": 20,
      "gender": "Male",
      "faceRectangle": {
        "left": 382,
        "top": 297,
        "width": 304,
        "height": 304
      }
    }
  ],
  "objects": [
    {
      "rectangle": {
        "x": 269,
        "y": 89,
        "w": 640,
        "h": 626
      },
      "object": "person",
      "confidence": 0.836
    }
  ],
  "brands": [],
  "requestId": "03ce5c57-ec81-4737-a55c-8c15a56d7d7b",
  "metadata": {
    "width": 1280,
    "height": 720,
    "format": "Png"
  },
  "modelVersion": "2021-05-01"
}