{
  "categories": [
    {
      "name": "abstract_",
      "score": 0.0078125
    },
    {
      "name": "others_",
      "score": 0.05859375
    },
    {
      "name": "outdoor_",
      "score": 0.02734375,
      "detail": {
        "landmarks": []
      }
    }
  ],
  "adult": {
    "isAdultContent": false,
    "isRacyContent": false,
    "isGoryContent": false,
    "adultScore": 0.008606798946857452,
    "racyScore": 0.00991049688309431,
    "goreScore": 0.0012222909135743976
  },
  "color": {
    "dominantColorForeground": "Black",
    "dominantColorBackground": "Black",
    "dominantColors": [
      "Black"
    ],
    "accentColor": "B96D12",
    "isBWImg": false
  },
  "imageType": {
    "clipArtType": 0,
    "lineDrawingType": 0
  },
  "tags": [
    {
      "name": "outdoor",
      "confidence": 0.9179052710533142
    },
    {
      "name": "car",
      "confidence": 0.8685227632522583
    },
    {
      "name": "vehicle",
      "confidence": 0.8540067672729492
    },
    {
      "name": "screenshot",
      "confidence": 0.8525142669677734
    },
    {
      "name": "light",
      "confidence": 0.6664472818374634
    },
    {
      "name": "street",
      "confidence": 0.6576644778251648
    },
    {
      "name": "fisheye",
      "confidence": 0.5798245072364807
    }
  ],
  "description": {
    "tags": [
      "light",
      "image"
    ],
    "captions": [
      {
        "text": "a car driving on a road",
        "confidence": 0.4345472455024719
      }
    ]
  },
  "faces": [],
  "objects": [
    {
      "rectangle": {
        "x": 258,
        "y": 17,
        "w": 856,
        "h": 685
      },
      "object": "car",
      "confidence": 0.584,
      "parent": {
        "object": "Land vehicle",
        "confidence": 0.807,
        "parent": {
          "object": "Vehicle",
          "confidence": 0.855
        }
      }
    }
  ],
  "brands": [],
  "requestId": "ecd11e68-aaa8-47a7-a314-13e2d37c6734",
  "metadata": {
    "width": 1280,
    "height": 720,
    "format": "Png"
  },
  "modelVersion": "2021-05-01"
}