{
  "categories": [
    {
      "name": "others_",
      "score": 0.01953125
    },
    {
      "name": "outdoor_",
      "score": 0.00390625,
      "detail": {
        "landmarks": []
      }
    },
    {
      "name": "text_sign",
      "score": 0.484375
    }
  ],
  "adult": {
    "isAdultContent": false,
    "isRacyContent": false,
    "isGoryContent": false,
    "adultScore": 0.0007507317350246012,
    "racyScore": 0.0014154943637549877,
    "goreScore": 0.00040136720053851604
  },
  "color": {
    "dominantColorForeground": "Black",
    "dominantColorBackground": "Black",
    "dominantColors": [
      "Black"
    ],
    "accentColor": "C61105",
    "isBWImg": false
  },
  "imageType": {
    "clipArtType": 0,
    "lineDrawingType": 0
  },
  "tags": [
    {
      "name": "text",
      "confidence": 0.9950746893882751
    },
    {
      "name": "vehicle",
      "confidence": 0.9940606355667114
    },
    {
      "name": "land vehicle",
      "confidence": 0.9930035471916199
    },
    {
      "name": "wheel",
      "confidence": 0.9772253632545471
    },
    {
      "name": "automotive tail & brake light",
      "confidence": 0.9141385555267334
    },
    {
      "name": "automotive lighting",
      "confidence": 0.9043251276016235
    },
    {
      "name": "tire",
      "confidence": 0.9033341407775879
    },
    {
      "name": "vehicle registration plate",
      "confidence": 0.8807320594787598
    },
    {
      "name": "auto part",
      "confidence": 0.8773632049560547
    },
    {
      "name": "building",
      "confidence": 0.8769104480743408
    },
    {
      "name": "outdoor",
      "confidence": 0.8596760034561157
    },
    {
      "name": "car",
      "confidence": 0.8489377498626709
    },
    {
      "name": "sign",
      "confidence": 0.7610176205635071
    },
    {
      "name": "light",
      "confidence": 0.6248229742050171
    },
    {
      "name": "ceiling",
      "confidence": 0.6236332058906555
    },
    {
      "name": "night",
      "confidence": 0.6125320196151733
    },
    {
      "name": "street",
      "confidence": 0.5712165236473083
    },
    {
      "name": "parked",
      "confidence": 0.5487575531005859
    }
  ],
  "description": {
    "tags": [
      "text"
    ],
    "captions": [
      {
        "text": "a car parked in front of a store",
        "confidence": 0.46035051345825195
      }
    ]
  },
  "faces": [],
  "objects": [
    {
      "rectangle": {
        "x": 162,
        "y": 261,
        "w": 472,
        "h": 307
      },
      "object": "car",
      "confidence": 0.871,
      "parent": {
        "object": "Land vehicle",
        "confidence": 0.903,
        "parent": {
          "object": "Vehicle",
          "confidence": 0.903
        }
      }
    }
  ],
  "brands": [],
  "requestId": "a7e47eba-7aba-4f50-993d-205115fa197f",
  "metadata": {
    "width": 1280,
    "height": 720,
    "format": "Png"
  },
  "modelVersion": "2021-05-01"
}