{
  "categories": [
    {
      "name": "abstract_",
      "score": 0.00390625
    },
    {
      "name": "others_",
      "score": 0.00390625
    },
    {
      "name": "people_",
      "score": 0.39453125
    }
  ],
  "adult": {
    "isAdultContent": false,
    "isRacyContent": false,
    "isGoryContent": false,
    "adultScore": 0.044975802302360535,
    "racyScore": 0.05958511680364609,
    "goreScore": 0.007972597144544125
  },
  "color": {
    "dominantColorForeground": "Black",
    "dominantColorBackground": "Black",
    "dominantColors": [
      "Black",
      "Brown"
    ],
    "accentColor": "CC0200",
    "isBWImg": false
  },
  "imageType": {
    "clipArtType": 0,
    "lineDrawingType": 0
  },
  "tags": [
    {
      "name": "screenshot",
      "confidence": 0.9384661912918091
    },
    {
      "name": "outdoor",
      "confidence": 0.9035338163375854
    },
    {
      "name": "blurry",
      "confidence": 0.821724534034729
    },
    {
      "name": "person",
      "confidence": 0.7782497406005859
    },
    {
      "name": "grass",
      "confidence": 0.716362476348877
    }
  ],
  "description": {
    "tags": [
      "person"
    ],
    "captions": [
      {
        "text": "a person walking on a path",
        "confidence": 0.4113130569458008
      }
    ]
  },
  "faces": [],
  "objects": [],
  "brands": [],
  "requestId": "f28afbd3-f0c0-4b3f-9623-490d37308b81",
  "metadata": {
    "width": 1280,
    "height": 720,
    "format": "Png"
  },
  "modelVersion": "2021-05-01"
}