{
  "categories": [
    {
      "name": "text_",
      "score": 0.3125
    }
  ],
  "adult": {
    "isAdultContent": false,
    "isRacyContent": false,
    "isGoryContent": false,
    "adultScore": 0.0034426108468323946,
    "racyScore": 0.0057847024872899055,
    "goreScore": 0.00039276108145713806
  },
  "color": {
    "dominantColorForeground": "Black",
    "dominantColorBackground": "Black",
    "dominantColors": [
      "Black",
      "White"
    ],
    "accentColor": "0D2C6D",
    "isBWImg": false
  },
  "imageType": {
    "clipArtType": 0,
    "lineDrawingType": 0
  },
  "tags": [
    {
      "name": "clothing",
      "confidence": 0.997974693775177
    },
    {
      "name": "person",
      "confidence": 0.9648115634918213
    },
    {
      "name": "footwear",
      "confidence": 0.9204868674278259
    },
    {
      "name": "indoor",
      "confidence": 0.9182427525520325
    },
    {
      "name": "standing",
      "confidence": 0.8365901112556458
    },
    {
      "name": "vending machine",
      "confidence": 0.6166443824768066
    },
    {
      "name": "woman",
      "confidence": 0.5931437015533447
    },
    {
      "name": "art",
      "confidence": 0.46519920229911804
    }
  ],
  "description": {
    "tags": [
      "person",
      "standing",
      "indoor",
      "suit",
      "dressed"
    ],
    "captions": [
      {
        "text": "a couple of boys in a hallway",
        "confidence": 0.38616904616355896
      }
    ]
  },
  "faces": [
    {
      "age": 24,
      "gender": "Female",
      "faceRectangle": {
        "left": 596,
        "top": 174,
        "width": 41,
        "height": 41
      }
    }
  ],
  "objects": [
    {
      "rectangle": {
        "x": 432,
        "y": 124,
        "w": 151,
        "h": 573
      },
      "object": "person",
      "confidence": 0.693
    },
    {
      "rectangle": {
        "x": 571,
        "y": 144,
        "w": 105,
        "h": 532
      },
      "object": "person",
      "confidence": 0.788
    }
  ],
  "brands": [],
  "requestId": "60408091-bc3b-43cc-bcc6-200bf386e00b",
  "metadata": {
    "width": 1280,
    "height": 720,
    "format": "Png"
  },
  "modelVersion": "2021-05-01"
}