{
  "categories": [
    {
      "name": "abstract_",
      "score": 0.0078125
    },
    {
      "name": "others_",
      "score": 0.0078125
    }
  ],
  "adult": {
    "isAdultContent": false,
    "isRacyContent": false,
    "isGoryContent": false,
    "adultScore": 0.062176961451768875,
    "racyScore": 0.08481845259666443,
    "goreScore": 0.004633367992937565
  },
  "color": {
    "dominantColorForeground": "Black",
    "dominantColorBackground": "Black",
    "dominantColors": [
      "Black",
      "Green"
    ],
    "accentColor": "031501",
    "isBWImg": false
  },
  "imageType": {
    "clipArtType": 1,
    "lineDrawingType": 0
  },
  "tags": [
    {
      "name": "person",
      "confidence": 0.8196831345558167
    },
    {
      "name": "green",
      "confidence": 0.6962681412696838
    },
    {
      "name": "indoor",
      "confidence": 0.6359342336654663
    },
    {
      "name": "music",
      "confidence": 0.5561941862106323
    },
    {
      "name": "light",
      "confidence": 0.49260133504867554
    },
    {
      "name": "band",
      "confidence": 0.4193916916847229
    }
  ],
  "description": {
    "tags": [
      "person",
      "laser"
    ],
    "captions": [
      {
        "text": "a man and woman in a room",
        "confidence": 0.3365871012210846
      }
    ]
  },
  "faces": [],
  "objects": [
    {
      "rectangle": {
        "x": 204,
        "y": 163,
        "w": 215,
        "h": 206
      },
      "object": "person",
      "confidence": 0.629
    },
    {
      "rectangle": {
        "x": 156,
        "y": 541,
        "w": 198,
        "h": 179
      },
      "object": "steel drum",
      "confidence": 0.659,
      "parent": {
        "object": "drum",
        "confidence": 0.711,
        "parent": {
          "object": "Musical instrument",
          "confidence": 0.717
        }
      }
    }
  ],
  "brands": [],
  "requestId": "234998fa-f199-4d09-93b6-0482ad7e3984",
  "metadata": {
    "width": 1280,
    "height": 720,
    "format": "Png"
  },
  "modelVersion": "2021-05-01"
}