{
  "categories": [
    {
      "name": "others_",
      "score": 0.12890625
    },
    {
      "name": "people_show",
      "score": 0.27734375
    }
  ],
  "adult": {
    "isAdultContent": false,
    "isRacyContent": false,
    "isGoryContent": false,
    "adultScore": 0.018864911049604416,
    "racyScore": 0.042300958186388016,
    "goreScore": 0.003923607524484396
  },
  "color": {
    "dominantColorForeground": "Black",
    "dominantColorBackground": "Black",
    "dominantColors": [
      "Black",
      "White"
    ],
    "accentColor": "BB9710",
    "isBWImg": false
  },
  "imageType": {
    "clipArtType": 0,
    "lineDrawingType": 0
  },
  "tags": [
    {
      "name": "vehicle",
      "confidence": 0.9825160503387451
    },
    {
      "name": "land vehicle",
      "confidence": 0.9729077816009521
    },
    {
      "name": "transport",
      "confidence": 0.9719040393829346
    },
    {
      "name": "person",
      "confidence": 0.9516055583953857
    },
    {
      "name": "car",
      "confidence": 0.9497613906860352
    },
    {
      "name": "steering wheel",
      "confidence": 0.9316533803939819
    },
    {
      "name": "mirror",
      "confidence": 0.9291696548461914
    },
    {
      "name": "car seat",
      "confidence": 0.911109983921051
    },
    {
      "name": "vehicle door",
      "confidence": 0.9035724401473999
    },
    {
      "name": "clothing",
      "confidence": 0.8991942405700684
    },
    {
      "name": "car seat cover",
      "confidence": 0.8903459310531616
    },
    {
      "name": "driving",
      "confidence": 0.8788553476333618
    },
    {
      "name": "woman",
      "confidence": 0.8665133714675903
    },
    {
      "name": "center console",
      "confidence": 0.863715648651123
    },
    {
      "name": "head restraint",
      "confidence": 0.8566493988037109
    },
    {
      "name": "outdoor",
      "confidence": 0.6701138019561768
    },
    {
      "name": "girl",
      "confidence": 0.6036742329597473
    },
    {
      "name": "wheel",
      "confidence": 0.535246729850769
    }
  ],
  "description": {
    "tags": [
      "person"
    ],
    "captions": [
      {
        "text": "a person eating a hot dog",
        "confidence": 0.4045010209083557
      }
    ]
  },
  "faces": [],
  "objects": [
    {
      "rectangle": {
        "x": 171,
        "y": 245,
        "w": 590,
        "h": 475
      },
      "object": "person",
      "confidence": 0.701
    }
  ],
  "brands": [],
  "requestId": "7ab15f7d-d965-4407-afc5-e0f8285e2aa2",
  "metadata": {
    "width": 1280,
    "height": 720,
    "format": "Png"
  },
  "modelVersion": "2021-05-01"
}