{
  "categories": [
    {
      "name": "others_",
      "score": 0.16796875
    }
  ],
  "adult": {
    "isAdultContent": false,
    "isRacyContent": false,
    "isGoryContent": false,
    "adultScore": 0.018912114202976227,
    "racyScore": 0.024122899398207664,
    "goreScore": 0.0018271362641826272
  },
  "color": {
    "dominantColorForeground": "Pink",
    "dominantColorBackground": "Black",
    "dominantColors": [
      "Black"
    ],
    "accentColor": "5A14B7",
    "isBWImg": false
  },
  "imageType": {
    "clipArtType": 0,
    "lineDrawingType": 0
  },
  "tags": [
    {
      "name": "person",
      "confidence": 0.9933900833129883
    },
    {
      "name": "human face",
      "confidence": 0.9883434772491455
    },
    {
      "name": "clothing",
      "confidence": 0.9876086115837097
    },
    {
      "name": "man",
      "confidence": 0.9590728282928467
    },
    {
      "name": "screenshot",
      "confidence": 0.8705581426620483
    },
    {
      "name": "indoor",
      "confidence": 0.7533961534500122
    },
    {
      "name": "sign",
      "confidence": 0.6285588145256042
    }
  ],
  "description": {
    "tags": [
      "text",
      "person",
      "man",
      "indoor"
    ],
    "captions": [
      {
        "text": "a man in a blue shirt",
        "confidence": 0.48168498277664185
      }
    ]
  },
  "faces": [
    {
      "age": 22,
      "gender": "Male",
      "faceRectangle": {
        "left": 260,
        "top": 276,
        "width": 238,
        "height": 238
      }
    }
  ],
  "objects": [
    {
      "rectangle": {
        "x": 293,
        "y": 93,
        "w": 623,
        "h": 622
      },
      "object": "person",
      "confidence": 0.815
    }
  ],
  "brands": [],
  "requestId": "8b12c7b3-d477-4184-bb39-0060f2b4b01a",
  "metadata": {
    "width": 1280,
    "height": 720,
    "format": "Png"
  },
  "modelVersion": "2021-05-01"
}