{
  "categories": [
    {
      "name": "others_",
      "score": 0.0390625
    },
    {
      "name": "outdoor_",
      "score": 0.00390625,
      "detail": {
        "landmarks": []
      }
    }
  ],
  "adult": {
    "isAdultContent": false,
    "isRacyContent": false,
    "isGoryContent": false,
    "adultScore": 0.01720629632472992,
    "racyScore": 0.055651791393756866,
    "goreScore": 0.0008506637532263994
  },
  "color": {
    "dominantColorForeground": "Black",
    "dominantColorBackground": "Black",
    "dominantColors": [
      "Black",
      "Blue"
    ],
    "accentColor": "0348C8",
    "isBWImg": false
  },
  "imageType": {
    "clipArtType": 2,
    "lineDrawingType": 0
  },
  "tags": [
    {
      "name": "sky",
      "confidence": 0.9681098461151123
    },
    {
      "name": "screenshot",
      "confidence": 0.8967466950416565
    },
    {
      "name": "person",
      "confidence": 0.8693939447402954
    },
    {
      "name": "backlighting",
      "confidence": 0.8434556722640991
    },
    {
      "name": "outdoor",
      "confidence": 0.647916316986084
    }
  ],
  "description": {
    "tags": [
      "sky",
      "person",
      "dark"
    ],
    "captions": [
      {
        "text": "a person holding a gun",
        "confidence": 0.24970105290412903
      }
    ]
  },
  "faces": [],
  "objects": [],
  "brands": [],
  "requestId": "e7b86495-5d68-43b0-aace-a1905132e9fb",
  "metadata": {
    "width": 1280,
    "height": 720,
    "format": "Png"
  },
  "modelVersion": "2021-05-01"
}