{
  "categories": [
    {
      "name": "others_",
      "score": 0.00390625
    },
    {
      "name": "people_",
      "score": 0.30078125
    },
    {
      "name": "people_show",
      "score": 0.27734375
    }
  ],
  "adult": {
    "isAdultContent": false,
    "isRacyContent": false,
    "isGoryContent": false,
    "adultScore": 0.011100338771939278,
    "racyScore": 0.01665681228041649,
    "goreScore": 0.5076631903648376
  },
  "color": {
    "dominantColorForeground": "Black",
    "dominantColorBackground": "Black",
    "dominantColors": [
      "Black"
    ],
    "accentColor": "651A1D",
    "isBWImg": false
  },
  "imageType": {
    "clipArtType": 0,
    "lineDrawingType": 0
  },
  "tags": [
    {
      "name": "cartoon",
      "confidence": 0.9409744143486023
    },
    {
      "name": "fictional character",
      "confidence": 0.9287374019622803
    },
    {
      "name": "mask",
      "confidence": 0.9120863676071167
    },
    {
      "name": "horror",
      "confidence": 0.8702214956283569
    },
    {
      "name": "masque",
      "confidence": 0.8550798892974854
    },
    {
      "name": "clothing",
      "confidence": 0.4387945830821991
    },
    {
      "name": "art",
      "confidence": 0.41268110275268555
    }
  ],
  "description": {
    "tags": [
      "indoor",
      "dark",
      "lit"
    ],
    "captions": [
      {
        "text": "a person wearing a garment",
        "confidence": 0.5496512055397034
      }
    ]
  },
  "faces": [],
  "objects": [],
  "brands": [],
  "requestId": "108c8f80-0b69-4d5c-b8b2-46e80cacae15",
  "metadata": {
    "width": 1280,
    "height": 720,
    "format": "Png"
  },
  "modelVersion": "2021-05-01"
}