{
  "categories": [
    {
      "name": "abstract_",
      "score": 0.00390625
    },
    {
      "name": "dark_",
      "score": 0.6875
    }
  ],
  "adult": {
    "isAdultContent": false,
    "isRacyContent": false,
    "isGoryContent": false,
    "adultScore": 0.04144805669784546,
    "racyScore": 0.06632080674171448,
    "goreScore": 0.012664424255490303
  },
  "color": {
    "dominantColorForeground": "Black",
    "dominantColorBackground": "Black",
    "dominantColors": [
      "Black"
    ],
    "accentColor": "000000",
    "isBWImg": true
  },
  "imageType": {
    "clipArtType": 0,
    "lineDrawingType": 0
  },
  "tags": [
    {
      "name": "black",
      "confidence": 0.9529293775558472
    },
    {
      "name": "darkness",
      "confidence": 0.902301549911499
    }
  ],
  "description": {
    "tags": [],
    "captions": [
      {
        "text": "a black rectangle with a white line across the center",
        "confidence": 0.40763846039772034
      }
    ]
  },
  "faces": [],
  "objects": [],
  "brands": [],
  "requestId": "13b0c4a3-31f2-4179-a032-4f3d98b20b32",
  "metadata": {
    "width": 1280,
    "height": 720,
    "format": "Png"
  },
  "modelVersion": "2021-05-01"
}