{
  "categories": [
    {
      "name": "others_",
      "score": 0.00390625
    },
    {
      "name": "outdoor_",
      "score": 0.0390625,
      "detail": {
        "landmarks": []
      }
    }
  ],
  "adult": {
    "isAdultContent": false,
    "isRacyContent": false,
    "isGoryContent": false,
    "adultScore": 0.0008075670339167118,
    "racyScore": 0.0014405730180442333,
    "goreScore": 0.0010842313058674335
  },
  "color": {
    "dominantColorForeground": "Black",
    "dominantColorBackground": "Black",
    "dominantColors": [
      "Black"
    ],
    "accentColor": "443498",
    "isBWImg": false
  },
  "imageType": {
    "clipArtType": 0,
    "lineDrawingType": 0
  },
  "tags": [
    {
      "name": "vehicle",
      "confidence": 0.9950729608535767
    },
    {
      "name": "outdoor",
      "confidence": 0.9899547100067139
    },
    {
      "name": "land vehicle",
      "confidence": 0.9866036176681519
    },
    {
      "name": "mountain",
      "confidence": 0.9534550905227661
    },
    {
      "name": "car",
      "confidence": 0.909816324710846
    },
    {
      "name": "landscape",
      "confidence": 0.5726150870323181
    },
    {
      "name": "city",
      "confidence": 0.5650012493133545
    }
  ],
  "description": {
    "tags": [
      "text",
      "mountain",
      "city",
      "car"
    ],
    "captions": [
      {
        "text": "a car parked on a street",
        "confidence": 0.3371516764163971
      }
    ]
  },
  "faces": [],
  "objects": [
    {
      "rectangle": {
        "x": 163,
        "y": 364,
        "w": 437,
        "h": 323
      },
      "object": "car",
      "confidence": 0.856,
      "parent": {
        "object": "Land vehicle",
        "confidence": 0.866,
        "parent": {
          "object": "Vehicle",
          "confidence": 0.867
        }
      }
    }
  ],
  "brands": [],
  "requestId": "a418a39a-403c-4a26-84b6-bdbe204f7088",
  "metadata": {
    "width": 1280,
    "height": 720,
    "format": "Png"
  },
  "modelVersion": "2021-05-01"
}