{
  "categories": [
    {
      "name": "others_",
      "score": 0.02734375
    },
    {
      "name": "outdoor_",
      "score": 0.03515625,
      "detail": {
        "landmarks": []
      }
    }
  ],
  "adult": {
    "isAdultContent": false,
    "isRacyContent": false,
    "isGoryContent": false,
    "adultScore": 0.0010186729487031698,
    "racyScore": 0.0017396926414221525,
    "goreScore": 0.00041133351624011993
  },
  "color": {
    "dominantColorForeground": "White",
    "dominantColorBackground": "Black",
    "dominantColors": [
      "Black"
    ],
    "accentColor": "C21C09",
    "isBWImg": false
  },
  "imageType": {
    "clipArtType": 1,
    "lineDrawingType": 0
  },
  "tags": [
    {
      "name": "vehicle",
      "confidence": 0.9977617263793945
    },
    {
      "name": "land vehicle",
      "confidence": 0.9971209764480591
    },
    {
      "name": "sky",
      "confidence": 0.9931299090385437
    },
    {
      "name": "outdoor",
      "confidence": 0.980263352394104
    },
    {
      "name": "automotive lighting",
      "confidence": 0.9322559833526611
    },
    {
      "name": "wheel",
      "confidence": 0.9085327386856079
    },
    {
      "name": "automotive design",
      "confidence": 0.8834176063537598
    },
    {
      "name": "automotive tail & brake light",
      "confidence": 0.8782057762145996
    },
    {
      "name": "transport",
      "confidence": 0.8575009107589722
    },
    {
      "name": "automotive exterior",
      "confidence": 0.8545510768890381
    },
    {
      "name": "automotive parking light",
      "confidence": 0.8445466756820679
    },
    {
      "name": "auto part",
      "confidence": 0.8435385227203369
    },
    {
      "name": "light",
      "confidence": 0.7514814138412476
    },
    {
      "name": "car",
      "confidence": 0.73689866065979
    },
    {
      "name": "sunset",
      "confidence": 0.42862468957901
    }
  ],
  "description": {
    "tags": [
      "text",
      "sky",
      "outdoor",
      "way",
      "light",
      "road",
      "sunset",
      "highway"
    ],
    "captions": [
      {
        "text": "a car on a road",
        "confidence": 0.44263583421707153
      }
    ]
  },
  "faces": [],
  "objects": [
    {
      "rectangle": {
        "x": 389,
        "y": 492,
        "w": 149,
        "h": 61
      },
      "object": "Vehicle registration plate",
      "confidence": 0.706
    },
    {
      "rectangle": {
        "x": 178,
        "y": 287,
        "w": 659,
        "h": 401
      },
      "object": "car",
      "confidence": 0.655,
      "parent": {
        "object": "Land vehicle",
        "confidence": 0.667,
        "parent": {
          "object": "Vehicle",
          "confidence": 0.669
        }
      }
    }
  ],
  "brands": [],
  "requestId": "b7f880ca-615d-493e-9c96-0ba97ef4ced7",
  "metadata": {
    "width": 1280,
    "height": 720,
    "format": "Png"
  },
  "modelVersion": "2021-05-01"
}