{
  "categories": [
    {
      "name": "others_",
      "score": 0.00390625
    },
    {
      "name": "outdoor_",
      "score": 0.00390625,
      "detail": {
        "landmarks": []
      }
    }
  ],
  "adult": {
    "isAdultContent": false,
    "isRacyContent": false,
    "isGoryContent": false,
    "adultScore": 0.013223695568740368,
    "racyScore": 0.025996314361691475,
    "goreScore": 0.0015250411815941334
  },
  "color": {
    "dominantColorForeground": "Black",
    "dominantColorBackground": "Black",
    "dominantColors": [
      "Black"
    ],
    "accentColor": "000103",
    "isBWImg": false
  },
  "imageType": {
    "clipArtType": 0,
    "lineDrawingType": 0
  },
  "tags": [
    {
      "name": "water",
      "confidence": 0.9488660097122192
    },
    {
      "name": "blue",
      "confidence": 0.8771721124649048
    },
    {
      "name": "fluid",
      "confidence": 0.8734996318817139
    },
    {
      "name": "nature",
      "confidence": 0.8442507982254028
    }
  ],
  "description": {
    "tags": [],
    "captions": [
      {
        "text": "a shark swimming underwater",
        "confidence": 0.4112641215324402
      }
    ]
  },
  "faces": [],
  "objects": [],
  "brands": [],
  "requestId": "eac86055-fed5-42a3-b652-49025d7284d1",
  "metadata": {
    "width": 1280,
    "height": 720,
    "format": "Png"
  },
  "modelVersion": "2021-05-01"
}