{
  "categories": [
    {
      "name": "others_",
      "score": 0.0078125
    },
    {
      "name": "outdoor_",
      "score": 0.00390625,
      "detail": {
        "landmarks": []
      }
    },
    {
      "name": "people_show",
      "score": 0.8046875
    }
  ],
  "adult": {
    "isAdultContent": false,
    "isRacyContent": false,
    "isGoryContent": false,
    "adultScore": 0.021260594949126244,
    "racyScore": 0.025484563782811165,
    "goreScore": 0.0024155883584171534
  },
  "color": {
    "dominantColorForeground": "White",
    "dominantColorBackground": "Black",
    "dominantColors": [
      "Black",
      "White"
    ],
    "accentColor": "8E3D65",
    "isBWImg": false
  },
  "imageType": {
    "clipArtType": 0,
    "lineDrawingType": 0
  },
  "tags": [
    {
      "name": "human face",
      "confidence": 0.9901385307312012
    },
    {
      "name": "person",
      "confidence": 0.9704673290252686
    },
    {
      "name": "screenshot",
      "confidence": 0.9391971826553345
    },
    {
      "name": "darkness",
      "confidence": 0.8446701765060425
    },
    {
      "name": "light",
      "confidence": 0.6480266451835632
    }
  ],
  "description": {
    "tags": [
      "glass"
    ],
    "captions": [
      {
        "text": "a person with a glowing face",
        "confidence": 0.34067824482917786
      }
    ]
  },
  "faces": [],
  "objects": [],
  "brands": [],
  "requestId": "93e7c91a-fc4a-4dbf-85c8-c9566f28b244",
  "metadata": {
    "width": 1280,
    "height": 720,
    "format": "Png"
  },
  "modelVersion": "2021-05-01"
}