{
  "categories": [
    {
      "name": "abstract_",
      "score": 0.0078125
    },
    {
      "name": "others_",
      "score": 0.00390625
    },
    {
      "name": "outdoor_",
      "score": 0.00390625,
      "detail": {
        "landmarks": []
      }
    }
  ],
  "adult": {
    "isAdultContent": false,
    "isRacyContent": false,
    "isGoryContent": false,
    "adultScore": 0.01545720361173153,
    "racyScore": 0.017939921468496323,
    "goreScore": 0.005469473544508219
  },
  "color": {
    "dominantColorForeground": "White",
    "dominantColorBackground": "Black",
    "dominantColors": [
      "Black"
    ],
    "accentColor": "C30821",
    "isBWImg": false
  },
  "imageType": {
    "clipArtType": 0,
    "lineDrawingType": 0
  },
  "tags": [
    {
      "name": "human face",
      "confidence": 0.9927108287811279
    },
    {
      "name": "person",
      "confidence": 0.9725682735443115
    },
    {
      "name": "screenshot",
      "confidence": 0.8846032619476318
    },
    {
      "name": "darkness",
      "confidence": 0.87462317943573
    },
    {
      "name": "smile",
      "confidence": 0.8683910369873047
    },
    {
      "name": "lip",
      "confidence": 0.8590492010116577
    }
  ],
  "description": {
    "tags": [
      "person",
      "dark",
      "blurry"
    ],
    "captions": [
      {
        "text": "a person making a face",
        "confidence": 0.3651810586452484
      }
    ]
  },
  "faces": [],
  "objects": [
    {
      "rectangle": {
        "x": 151,
        "y": 19,
        "w": 630,
        "h": 674
      },
      "object": "person",
      "confidence": 0.813
    }
  ],
  "brands": [],
  "requestId": "fb97fddd-1d18-4d6d-a703-748d27c4da23",
  "metadata": {
    "width": 1280,
    "height": 720,
    "format": "Png"
  },
  "modelVersion": "2021-05-01"
}