{
  "categories": [
    {
      "name": "others_",
      "score": 0.00390625
    }
  ],
  "adult": {
    "isAdultContent": false,
    "isRacyContent": false,
    "isGoryContent": false,
    "adultScore": 0.010546647012233734,
    "racyScore": 0.024564102292060852,
    "goreScore": 0.001547402236610651
  },
  "color": {
    "dominantColorForeground": "Black",
    "dominantColorBackground": "Black",
    "dominantColors": [
      "Black"
    ],
    "accentColor": "9A313D",
    "isBWImg": false
  },
  "imageType": {
    "clipArtType": 0,
    "lineDrawingType": 0
  },
  "tags": [
    {
      "name": "vehicle",
      "confidence": 0.9869734048843384
    },
    {
      "name": "human face",
      "confidence": 0.9750407934188843
    },
    {
      "name": "land vehicle",
      "confidence": 0.9703075885772705
    },
    {
      "name": "outdoor",
      "confidence": 0.8951103091239929
    },
    {
      "name": "person",
      "confidence": 0.8770999908447266
    },
    {
      "name": "transport",
      "confidence": 0.8665453195571899
    },
    {
      "name": "vehicle door",
      "confidence": 0.8425559401512146
    },
    {
      "name": "light",
      "confidence": 0.759833574295044
    },
    {
      "name": "night",
      "confidence": 0.6762086153030396
    },
    {
      "name": "car",
      "confidence": 0.6447515487670898
    }
  ],
  "description": {
    "tags": [
      "car"
    ],
    "captions": [
      {
        "text": "two people in a car",
        "confidence": 0.46479034423828125
      }
    ]
  },
  "faces": [
    {
      "age": 24,
      "gender": "Female",
      "faceRectangle": {
        "left": 340,
        "top": 351,
        "width": 95,
        "height": 95
      }
    },
    {
      "age": 11,
      "gender": "Female",
      "faceRectangle": {
        "left": 708,
        "top": 388,
        "width": 84,
        "height": 84
      }
    }
  ],
  "objects": [
    {
      "rectangle": {
        "x": 265,
        "y": 320,
        "w": 221,
        "h": 178
      },
      "object": "person",
      "confidence": 0.624
    },
    {
      "rectangle": {
        "x": 691,
        "y": 339,
        "w": 220,
        "h": 173
      },
      "object": "person",
      "confidence": 0.656
    }
  ],
  "brands": [],
  "requestId": "f6bc00df-7b68-4d00-8998-cc9d49bc4a53",
  "metadata": {
    "width": 1280,
    "height": 720,
    "format": "Png"
  },
  "modelVersion": "2021-05-01"
}