{
  "categories": [
    {
      "name": "others_",
      "score": 0.00390625
    },
    {
      "name": "people_show",
      "score": 0.4375,
      "detail": {
        "celebrities": []
      }
    }
  ],
  "adult": {
    "isAdultContent": false,
    "isRacyContent": false,
    "isGoryContent": false,
    "adultScore": 0.009237479418516159,
    "racyScore": 0.010023429058492184,
    "goreScore": 0.002583524212241173
  },
  "color": {
    "dominantColorForeground": "Black",
    "dominantColorBackground": "Black",
    "dominantColors": [
      "Black"
    ],
    "accentColor": "CC5E00",
    "isBWImg": false
  },
  "imageType": {
    "clipArtType": 0,
    "lineDrawingType": 0
  },
  "tags": [
    {
      "name": "human face",
      "confidence": 0.9973246455192566
    },
    {
      "name": "person",
      "confidence": 0.9887304306030273
    },
    {
      "name": "clothing",
      "confidence": 0.9439996480941772
    },
    {
      "name": "boy",
      "confidence": 0.9132579565048218
    },
    {
      "name": "girl",
      "confidence": 0.8814936876296997
    },
    {
      "name": "indoor",
      "confidence": 0.8529262542724609
    },
    {
      "name": "wall",
      "confidence": 0.780072808265686
    }
  ],
  "description": {
    "tags": [
      "person",
      "man",
      "indoor",
      "dark"
    ],
    "captions": [
      {
        "text": "a group of people",
        "confidence": 0.43424317240715027
      }
    ]
  },
  "faces": [
    {
      "age": 8,
      "gender": "Male",
      "faceRectangle": {
        "left": 610,
        "top": 279,
        "width": 339,
        "height": 339
      }
    },
    {
      "age": 24,
      "gender": "Female",
      "faceRectangle": {
        "left": 845,
        "top": 373,
        "width": 155,
        "height": 155
      }
    }
  ],
  "objects": [
    {
      "rectangle": {
        "x": 154,
        "y": 64,
        "w": 238,
        "h": 617
      },
      "object": "person",
      "confidence": 0.748
    },
    {
      "rectangle": {
        "x": 324,
        "y": 52,
        "w": 579,
        "h": 668
      },
      "object": "person",
      "confidence": 0.816
    },
    {
      "rectangle": {
        "x": 837,
        "y": 122,
        "w": 387,
        "h": 588
      },
      "object": "person",
      "confidence": 0.644
    }
  ],
  "brands": [],
  "requestId": "9caea404-a120-4b95-bbfc-3d4e8c91fe7a",
  "metadata": {
    "width": 1280,
    "height": 720,
    "format": "Png"
  },
  "modelVersion": "2021-05-01"
}