{
  "categories": [
    {
      "name": "people_portrait",
      "score": 0.5,
      "detail": {
        "celebrities": [
          {
            "name": "Billy Corgan",
            "confidence": 0.9978972673416138,
            "faceRectangle": {
              "left": 414,
              "top": 90,
              "width": 478,
              "height": 478
            }
          }
        ]
      }
    }
  ],
  "adult": {
    "isAdultContent": false,
    "isRacyContent": false,
    "isGoryContent": false,
    "adultScore": 0.0014869316946715117,
    "racyScore": 0.002689155749976635,
    "goreScore": 0.0002503245777916163
  },
  "color": {
    "dominantColorForeground": "Black",
    "dominantColorBackground": "Black",
    "dominantColors": [
      "Black",
      "Brown"
    ],
    "accentColor": "020103",
    "isBWImg": false
  },
  "imageType": {
    "clipArtType": 1,
    "lineDrawingType": 0
  },
  "tags": [
    {
      "name": "person",
      "confidence": 0.9910727143287659
    },
    {
      "name": "human face",
      "confidence": 0.9889063835144043
    },
    {
      "name": "smile",
      "confidence": 0.966560959815979
    },
    {
      "name": "tooth",
      "confidence": 0.9631562232971191
    },
    {
      "name": "jaw",
      "confidence": 0.9622598886489868
    },
    {
      "name": "lip",
      "confidence": 0.9464685916900635
    },
    {
      "name": "forehead",
      "confidence": 0.9449970126152039
    },
    {
      "name": "chin",
      "confidence": 0.9415700435638428
    },
    {
      "name": "eyebrow",
      "confidence": 0.9343591332435608
    },
    {
      "name": "cheek",
      "confidence": 0.9222574234008789
    },
    {
      "name": "screenshot",
      "confidence": 0.8954193592071533
    },
    {
      "name": "shout",
      "confidence": 0.8641163110733032
    },
    {
      "name": "skin",
      "confidence": 0.859350860118866
    },
    {
      "name": "man",
      "confidence": 0.851132869720459
    },
    {
      "name": "portrait",
      "confidence": 0.8473806381225586
    },
    {
      "name": "boy",
      "confidence": 0.8463770151138306
    }
  ],
  "description": {
    "tags": [
      "person",
      "indoor",
      "smiling"
    ],
    "captions": [
      {
        "text": "Billy Corgan with the mouth open",
        "confidence": 0.49488121271133423
      }
    ]
  },
  "faces": [
    {
      "age": 19,
      "gender": "Male",
      "faceRectangle": {
        "left": 415,
        "top": 91,
        "width": 479,
        "height": 479
      }
    }
  ],
  "objects": [
    {
      "rectangle": {
        "x": 174,
        "y": 0,
        "w": 864,
        "h": 708
      },
      "object": "person",
      "confidence": 0.708
    }
  ],
  "brands": [],
  "requestId": "1f51b043-897c-4d9d-983e-60b7d4921c11",
  "metadata": {
    "width": 1280,
    "height": 720,
    "format": "Png"
  },
  "modelVersion": "2021-05-01"
}