{
  "categories": [
    {
      "name": "others_",
      "score": 0.0078125
    },
    {
      "name": "outdoor_",
      "score": 0.00390625,
      "detail": {
        "landmarks": []
      }
    }
  ],
  "adult": {
    "isAdultContent": false,
    "isRacyContent": false,
    "isGoryContent": false,
    "adultScore": 0.005935313180088997,
    "racyScore": 0.013067476451396942,
    "goreScore": 0.000997303519397974
  },
  "color": {
    "dominantColorForeground": "Black",
    "dominantColorBackground": "Black",
    "dominantColors": [
      "Black",
      "Yellow"
    ],
    "accentColor": "AC9420",
    "isBWImg": false
  },
  "imageType": {
    "clipArtType": 0,
    "lineDrawingType": 0
  },
  "tags": [
    {
      "name": "bottle",
      "confidence": 0.9827463626861572
    },
    {
      "name": "drink",
      "confidence": 0.974676251411438
    },
    {
      "name": "beverage",
      "confidence": 0.9691787958145142
    },
    {
      "name": "food",
      "confidence": 0.9511378407478333
    },
    {
      "name": "glass bottle",
      "confidence": 0.9440428614616394
    },
    {
      "name": "alcohol",
      "confidence": 0.9414999485015869
    },
    {
      "name": "person",
      "confidence": 0.9260985851287842
    },
    {
      "name": "alcoholic beverage",
      "confidence": 0.8506596684455872
    },
    {
      "name": "indoor",
      "confidence": 0.7093999981880188
    },
    {
      "name": "wine",
      "confidence": 0.4580325186252594
    }
  ],
  "description": {
    "tags": [
      "text",
      "bottle",
      "person"
    ],
    "captions": [
      {
        "text": "a person holding a bottle of alcohol",
        "confidence": 0.3695586621761322
      }
    ]
  },
  "faces": [],
  "objects": [
    {
      "rectangle": {
        "x": 178,
        "y": 123,
        "w": 198,
        "h": 579
      },
      "object": "Bottle",
      "confidence": 0.613,
      "parent": {
        "object": "Tableware",
        "confidence": 0.614
      }
    },
    {
      "rectangle": {
        "x": 501,
        "y": 135,
        "w": 186,
        "h": 585
      },
      "object": "Bottle",
      "confidence": 0.609,
      "parent": {
        "object": "Tableware",
        "confidence": 0.609
      }
    },
    {
      "rectangle": {
        "x": 801,
        "y": 163,
        "w": 174,
        "h": 557
      },
      "object": "Bottle",
      "confidence": 0.66,
      "parent": {
        "object": "Tableware",
        "confidence": 0.66
      }
    },
    {
      "rectangle": {
        "x": 991,
        "y": 166,
        "w": 126,
        "h": 544
      },
      "object": "Bottle",
      "confidence": 0.676,
      "parent": {
        "object": "Tableware",
        "confidence": 0.677
      }
    },
    {
      "rectangle": {
        "x": 321,
        "y": 1,
        "w": 530,
        "h": 399
      },
      "object": "person",
      "confidence": 0.863
    }
  ],
  "brands": [],
  "requestId": "5902b972-8774-49f8-b468-8b9466b7eebe",
  "metadata": {
    "width": 1280,
    "height": 720,
    "format": "Png"
  },
  "modelVersion": "2021-05-01"
}