{
  "categories": [
    {
      "name": "others_",
      "score": 0.16015625
    }
  ],
  "adult": {
    "isAdultContent": false,
    "isRacyContent": false,
    "isGoryContent": false,
    "adultScore": 0.002922308398410678,
    "racyScore": 0.003911132924258709,
    "goreScore": 0.0020808165427297354
  },
  "color": {
    "dominantColorForeground": "Blue",
    "dominantColorBackground": "Black",
    "dominantColors": [
      "Blue",
      "Black"
    ],
    "accentColor": "000103",
    "isBWImg": false
  },
  "imageType": {
    "clipArtType": 1,
    "lineDrawingType": 0
  },
  "tags": [
    {
      "name": "majorelle blue",
      "confidence": 0.893558144569397
    },
    {
      "name": "blue",
      "confidence": 0.882070004940033
    },
    {
      "name": "sphere",
      "confidence": 0.8816063404083252
    },
    {
      "name": "world",
      "confidence": 0.8800090551376343
    },
    {
      "name": "electric blue",
      "confidence": 0.8722455501556396
    },
    {
      "name": "art",
      "confidence": 0.43677300214767456
    }
  ],
  "description": {
    "tags": [
      "dark",
      "helmet"
    ],
    "captions": [
      {
        "text": "a close-up of a cell phone",
        "confidence": 0.4295554757118225
      }
    ]
  },
  "faces": [],
  "objects": [],
  "brands": [],
  "requestId": "2aa988ea-cd76-4cfc-80ff-3b89d0c908f6",
  "metadata": {
    "width": 1280,
    "height": 720,
    "format": "Png"
  },
  "modelVersion": "2021-05-01"
}