{
  "categories": [
    {
      "name": "people_many",
      "score": 0.3046875,
      "detail": {
        "celebrities": []
      }
    }
  ],
  "adult": {
    "isAdultContent": false,
    "isRacyContent": false,
    "isGoryContent": false,
    "adultScore": 0.10608486086130142,
    "racyScore": 0.1730537712574005,
    "goreScore": 0.20024412870407104
  },
  "color": {
    "dominantColorForeground": "Black",
    "dominantColorBackground": "Black",
    "dominantColors": [
      "Black",
      "Brown",
      "Orange"
    ],
    "accentColor": "C75C04",
    "isBWImg": false
  },
  "imageType": {
    "clipArtType": 0,
    "lineDrawingType": 0
  },
  "tags": [
    {
      "name": "clothing",
      "confidence": 0.9933786988258362
    },
    {
      "name": "person",
      "confidence": 0.9931386709213257
    },
    {
      "name": "human face",
      "confidence": 0.9803028106689453
    },
    {
      "name": "indoor",
      "confidence": 0.9346026182174683
    },
    {
      "name": "interaction",
      "confidence": 0.9073053598403931
    },
    {
      "name": "man",
      "confidence": 0.9023604393005371
    },
    {
      "name": "woman",
      "confidence": 0.882785439491272
    },
    {
      "name": "mammal",
      "confidence": 0.8740013241767883
    },
    {
      "name": "wall",
      "confidence": 0.8164440989494324
    },
    {
      "name": "people",
      "confidence": 0.7603386044502258
    }
  ],
  "description": {
    "tags": [
      "person",
      "indoor",
      "crowd"
    ],
    "captions": [
      {
        "text": "a group of people around a table",
        "confidence": 0.5197455286979675
      }
    ]
  },
  "faces": [
    {
      "age": 21,
      "gender": "Female",
      "faceRectangle": {
        "left": 517,
        "top": 107,
        "width": 64,
        "height": 64
      }
    }
  ],
  "objects": [
    {
      "rectangle": {
        "x": 162,
        "y": 0,
        "w": 193,
        "h": 391
      },
      "object": "person",
      "confidence": 0.545
    },
    {
      "rectangle": {
        "x": 315,
        "y": 60,
        "w": 247,
        "h": 295
      },
      "object": "person",
      "confidence": 0.633
    },
    {
      "rectangle": {
        "x": 505,
        "y": 79,
        "w": 231,
        "h": 569
      },
      "object": "person",
      "confidence": 0.636
    },
    {
      "rectangle": {
        "x": 617,
        "y": 46,
        "w": 507,
        "h": 668
      },
      "object": "person",
      "confidence": 0.762
    }
  ],
  "brands": [],
  "requestId": "e1e070db-5073-4391-8cc9-000f52798234",
  "metadata": {
    "width": 1280,
    "height": 720,
    "format": "Png"
  },
  "modelVersion": "2021-05-01"
}