{
  "categories": [
    {
      "name": "abstract_",
      "score": 0.00390625
    },
    {
      "name": "indoor_marketstore",
      "score": 0.47265625
    },
    {
      "name": "outdoor_",
      "score": 0.00390625,
      "detail": {
        "landmarks": []
      }
    }
  ],
  "adult": {
    "isAdultContent": false,
    "isRacyContent": false,
    "isGoryContent": false,
    "adultScore": 0.03803492337465286,
    "racyScore": 0.052839573472738266,
    "goreScore": 0.0021229232661426067
  },
  "color": {
    "dominantColorForeground": "Black",
    "dominantColorBackground": "Black",
    "dominantColors": [
      "Black"
    ],
    "accentColor": "886E29",
    "isBWImg": false
  },
  "imageType": {
    "clipArtType": 0,
    "lineDrawingType": 0
  },
  "tags": [
    {
      "name": "shop",
      "confidence": 0.9890387058258057
    },
    {
      "name": "person",
      "confidence": 0.9672783613204956
    },
    {
      "name": "retail",
      "confidence": 0.9519756436347961
    },
    {
      "name": "convenience store",
      "confidence": 0.948869526386261
    },
    {
      "name": "human face",
      "confidence": 0.9047194123268127
    },
    {
      "name": "indoor",
      "confidence": 0.8963886499404907
    },
    {
      "name": "supermarket",
      "confidence": 0.8771077394485474
    },
    {
      "name": "store",
      "confidence": 0.7421841621398926
    },
    {
      "name": "shelf",
      "confidence": 0.7098069190979004
    },
    {
      "name": "woman",
      "confidence": 0.5816421508789062
    }
  ],
  "description": {
    "tags": [
      "text",
      "indoor"
    ],
    "captions": [
      {
        "text": "a person looking at a display of products",
        "confidence": 0.2937614619731903
      }
    ]
  },
  "faces": [
    {
      "age": 30,
      "gender": "Female",
      "faceRectangle": {
        "left": 472,
        "top": 155,
        "width": 38,
        "height": 38
      }
    }
  ],
  "objects": [
    {
      "rectangle": {
        "x": 778,
        "y": 4,
        "w": 349,
        "h": 703
      },
      "object": "person",
      "confidence": 0.738
    },
    {
      "rectangle": {
        "x": 140,
        "y": 4,
        "w": 798,
        "h": 716
      },
      "object": "convenience store",
      "confidence": 0.552,
      "parent": {
        "object": "shop",
        "confidence": 0.634,
        "parent": {
          "object": "room",
          "confidence": 0.646
        }
      }
    }
  ],
  "brands": [],
  "requestId": "fb1fdd65-6b14-4da5-b22d-5d7764367051",
  "metadata": {
    "width": 1280,
    "height": 720,
    "format": "Png"
  },
  "modelVersion": "2021-05-01"
}