{
  "categories": [
    {
      "name": "dark_fire",
      "score": 0.90234375
    }
  ],
  "adult": {
    "isAdultContent": false,
    "isRacyContent": false,
    "isGoryContent": false,
    "adultScore": 0.020469428971409798,
    "racyScore": 0.03180144727230072,
    "goreScore": 0.004859961569309235
  },
  "color": {
    "dominantColorForeground": "Orange",
    "dominantColorBackground": "Black",
    "dominantColors": [
      "Black",
      "Brown"
    ],
    "accentColor": "C47A07",
    "isBWImg": false
  },
  "imageType": {
    "clipArtType": 1,
    "lineDrawingType": 0
  },
  "tags": [
    {
      "name": "outdoor",
      "confidence": 0.9717549085617065
    },
    {
      "name": "tree",
      "confidence": 0.8997978568077087
    },
    {
      "name": "light",
      "confidence": 0.5591925978660583
    },
    {
      "name": "ground",
      "confidence": 0.5475348234176636
    },
    {
      "name": "night",
      "confidence": 0.531309187412262
    },
    {
      "name": "winter",
      "confidence": 0.42709001898765564
    }
  ],
  "description": {
    "tags": [
      "text",
      "outdoor",
      "night"
    ],
    "captions": [
      {
        "text": "a group of people standing next to a fire",
        "confidence": 0.30970099568367004
      }
    ]
  },
  "faces": [],
  "objects": [],
  "brands": [],
  "requestId": "a7664aac-5c4d-4459-a2e5-33aaa51a66aa",
  "metadata": {
    "width": 1280,
    "height": 720,
    "format": "Png"
  },
  "modelVersion": "2021-05-01"
}