{
  "categories": [
    {
      "name": "dark_light",
      "score": 0.859375
    }
  ],
  "adult": {
    "isAdultContent": false,
    "isRacyContent": false,
    "isGoryContent": false,
    "adultScore": 0.8208224177360535,
    "racyScore": 0.9176493883132935,
    "goreScore": 0.002896825550124049
  },
  "color": {
    "dominantColorForeground": "Black",
    "dominantColorBackground": "Black",
    "dominantColors": [
      "Black",
      "Brown"
    ],
    "accentColor": "773103",
    "isBWImg": false
  },
  "imageType": {
    "clipArtType": 1,
    "lineDrawingType": 0
  },
  "tags": [
    {
      "name": "bathroom",
      "confidence": 0.9636244177818298
    },
    {
      "name": "blurry",
      "confidence": 0.8618805408477783
    },
    {
      "name": "black",
      "confidence": 0.8543609380722046
    },
    {
      "name": "person",
      "confidence": 0.8430113792419434
    },
    {
      "name": "toilet",
      "confidence": 0.7172240018844604
    },
    {
      "name": "indoor",
      "confidence": 0.7132858037948608
    }
  ],
  "description": {
    "tags": [
      "dark"
    ],
    "captions": [
      {
        "text": "a man looking at a computer screen",
        "confidence": 0.3133033812046051
      }
    ]
  },
  "faces": [],
  "objects": [
    {
      "rectangle": {
        "x": 518,
        "y": 51,
        "w": 607,
        "h": 669
      },
      "object": "person",
      "confidence": 0.75
    }
  ],
  "brands": [],
  "requestId": "c14bacec-1dcd-4366-bcc5-42ac689e3458",
  "metadata": {
    "width": 1280,
    "height": 720,
    "format": "Png"
  },
  "modelVersion": "2021-05-01"
}