{
  "categories": [
    {
      "name": "abstract_",
      "score": 0.00390625
    },
    {
      "name": "others_",
      "score": 0.0859375
    },
    {
      "name": "outdoor_",
      "score": 0.01171875,
      "detail": {
        "landmarks": []
      }
    }
  ],
  "adult": {
    "isAdultContent": false,
    "isRacyContent": false,
    "isGoryContent": false,
    "adultScore": 0.025610528886318207,
    "racyScore": 0.06506319344043732,
    "goreScore": 0.0020986164454370737
  },
  "color": {
    "dominantColorForeground": "White",
    "dominantColorBackground": "Black",
    "dominantColors": [
      "Black"
    ],
    "accentColor": "070A1D",
    "isBWImg": false
  },
  "imageType": {
    "clipArtType": 0,
    "lineDrawingType": 0
  },
  "tags": [
    {
      "name": "black",
      "confidence": 0.8864601850509644
    },
    {
      "name": "person",
      "confidence": 0.8802458643913269
    },
    {
      "name": "screenshot",
      "confidence": 0.8788954019546509
    },
    {
      "name": "darkness",
      "confidence": 0.8635305166244507
    },
    {
      "name": "blurry",
      "confidence": 0.8434548377990723
    },
    {
      "name": "light",
      "confidence": 0.6855112314224243
    },
    {
      "name": "indoor",
      "confidence": 0.5804861187934875
    },
    {
      "name": "black and white",
      "confidence": 0.45481881499290466
    }
  ],
  "description": {
    "tags": [
      "dark"
    ],
    "captions": [
      {
        "text": "a blurry image of a person",
        "confidence": 0.35020723938941956
      }
    ]
  },
  "faces": [],
  "objects": [
    {
      "rectangle": {
        "x": 232,
        "y": 72,
        "w": 568,
        "h": 609
      },
      "object": "person",
      "confidence": 0.678
    }
  ],
  "brands": [],
  "requestId": "59596da6-6c68-4f22-ac1c-0a2f5243b203",
  "metadata": {
    "width": 1280,
    "height": 720,
    "format": "Png"
  },
  "modelVersion": "2021-05-01"
}