{
  "categories": [
    {
      "name": "others_",
      "score": 0.01171875
    },
    {
      "name": "outdoor_",
      "score": 0.00390625,
      "detail": {
        "landmarks": []
      }
    },
    {
      "name": "people_swimming",
      "score": 0.67578125
    }
  ],
  "adult": {
    "isAdultContent": false,
    "isRacyContent": false,
    "isGoryContent": false,
    "adultScore": 0.04725320264697075,
    "racyScore": 0.2779410481452942,
    "goreScore": 0.0023982066195458174
  },
  "color": {
    "dominantColorForeground": "Black",
    "dominantColorBackground": "Black",
    "dominantColors": [
      "Black"
    ],
    "accentColor": "0DBABE",
    "isBWImg": false
  },
  "imageType": {
    "clipArtType": 0,
    "lineDrawingType": 0
  },
  "tags": [
    {
      "name": "sport",
      "confidence": 0.9568392038345337
    },
    {
      "name": "underwater",
      "confidence": 0.9196754693984985
    },
    {
      "name": "swimming",
      "confidence": 0.8987999558448792
    },
    {
      "name": "underwater diving",
      "confidence": 0.8624003529548645
    },
    {
      "name": "diving equipment",
      "confidence": 0.841494083404541
    },
    {
      "name": "water",
      "confidence": 0.8215457201004028
    },
    {
      "name": "person",
      "confidence": 0.7745521068572998
    },
    {
      "name": "diving",
      "confidence": 0.5965522527694702
    }
  ],
  "description": {
    "tags": [
      "water sport",
      "sport",
      "swimming",
      "dark"
    ],
    "captions": [
      {
        "text": "a person underwater with a light behind them",
        "confidence": 0.33673131465911865
      }
    ]
  },
  "faces": [],
  "objects": [
    {
      "rectangle": {
        "x": 294,
        "y": 144,
        "w": 458,
        "h": 574
      },
      "object": "person",
      "confidence": 0.661
    }
  ],
  "brands": [],
  "requestId": "042ba99f-faf5-41c9-9bf6-e1d5e1cce56b",
  "metadata": {
    "width": 1280,
    "height": 720,
    "format": "Png"
  },
  "modelVersion": "2021-05-01"
}