{
  "categories": [
    {
      "name": "abstract_",
      "score": 0.00390625
    },
    {
      "name": "others_",
      "score": 0.03125
    }
  ],
  "adult": {
    "isAdultContent": false,
    "isRacyContent": false,
    "isGoryContent": false,
    "adultScore": 0.02104620821774006,
    "racyScore": 0.03131593391299248,
    "goreScore": 0.002628999063745141
  },
  "color": {
    "dominantColorForeground": "Orange",
    "dominantColorBackground": "Black",
    "dominantColors": [
      "Orange",
      "Black"
    ],
    "accentColor": "090200",
    "isBWImg": false
  },
  "imageType": {
    "clipArtType": 1,
    "lineDrawingType": 0
  },
  "tags": [
    {
      "name": "wall",
      "confidence": 0.9435734748840332
    },
    {
      "name": "indoor",
      "confidence": 0.7512115240097046
    },
    {
      "name": "mirror",
      "confidence": 0.6427112817764282
    },
    {
      "name": "light",
      "confidence": 0.5688119530677795
    },
    {
      "name": "floor",
      "confidence": 0.5680840611457825
    },
    {
      "name": "art",
      "confidence": 0.4749465882778168
    }
  ],
  "description": {
    "tags": [
      "indoor"
    ],
    "captions": [
      {
        "text": "a person sitting in a room",
        "confidence": 0.31790903210639954
      }
    ]
  },
  "faces": [],
  "objects": [],
  "brands": [],
  "requestId": "416dce63-9277-4982-a6f4-ec5d3fa14739",
  "metadata": {
    "width": 1280,
    "height": 720,
    "format": "Png"
  },
  "modelVersion": "2021-05-01"
}