{
  "categories": [
    {
      "name": "people_",
      "score": 0.5,
      "detail": {
        "celebrities": []
      }
    },
    {
      "name": "people_group",
      "score": 0.27734375,
      "detail": {
        "celebrities": []
      }
    }
  ],
  "adult": {
    "isAdultContent": false,
    "isRacyContent": false,
    "isGoryContent": false,
    "adultScore": 0.0026034836191684008,
    "racyScore": 0.0038062664680182934,
    "goreScore": 0.00023101898841559887
  },
  "color": {
    "dominantColorForeground": "Black",
    "dominantColorBackground": "Black",
    "dominantColors": [
      "Black"
    ],
    "accentColor": "712C36",
    "isBWImg": false
  },
  "imageType": {
    "clipArtType": 0,
    "lineDrawingType": 0
  },
  "tags": [
    {
      "name": "man",
      "confidence": 0.9885691404342651
    },
    {
      "name": "person",
      "confidence": 0.9804799556732178
    },
    {
      "name": "clothing",
      "confidence": 0.959976315498352
    },
    {
      "name": "officer",
      "confidence": 0.9451885223388672
    },
    {
      "name": "human face",
      "confidence": 0.939867377281189
    },
    {
      "name": "official",
      "confidence": 0.934082567691803
    },
    {
      "name": "security",
      "confidence": 0.9340677261352539
    },
    {
      "name": "police officer",
      "confidence": 0.9227847456932068
    },
    {
      "name": "law enforcement",
      "confidence": 0.9121533632278442
    },
    {
      "name": "police",
      "confidence": 0.8857697248458862
    },
    {
      "name": "peaked cap",
      "confidence": 0.8712688684463501
    },
    {
      "name": "government agency",
      "confidence": 0.860892653465271
    },
    {
      "name": "military uniform",
      "confidence": 0.8489373326301575
    },
    {
      "name": "uniform",
      "confidence": 0.6488925814628601
    }
  ],
  "description": {
    "tags": [
      "text",
      "person",
      "military uniform",
      "dressed",
      "helmet"
    ],
    "captions": [
      {
        "text": "a couple of police officers",
        "confidence": 0.5104648470878601
      }
    ]
  },
  "faces": [
    {
      "age": 33,
      "gender": "Male",
      "faceRectangle": {
        "left": 425,
        "top": 69,
        "width": 137,
        "height": 137
      }
    }
  ],
  "objects": [
    {
      "rectangle": {
        "x": 745,
        "y": 37,
        "w": 310,
        "h": 234
      },
      "object": "headwear",
      "confidence": 0.532
    },
    {
      "rectangle": {
        "x": 296,
        "y": 7,
        "w": 448,
        "h": 708
      },
      "object": "person",
      "confidence": 0.85
    },
    {
      "rectangle": {
        "x": 573,
        "y": 31,
        "w": 512,
        "h": 689
      },
      "object": "person",
      "confidence": 0.842
    }
  ],
  "brands": [],
  "requestId": "92d5430c-b167-4e06-a0e1-7285cae4eb4d",
  "metadata": {
    "width": 1280,
    "height": 720,
    "format": "Png"
  },
  "modelVersion": "2021-05-01"
}