{
  "categories": [
    {
      "name": "people_portrait",
      "score": 0.47265625,
      "detail": {
        "celebrities": [
          {
            "name": "Billy Corgan",
            "confidence": 0.9922698736190796,
            "faceRectangle": {
              "left": 352,
              "top": 157,
              "width": 461,
              "height": 461
            }
          }
        ]
      }
    }
  ],
  "adult": {
    "isAdultContent": false,
    "isRacyContent": false,
    "isGoryContent": false,
    "adultScore": 0.002883527660742402,
    "racyScore": 0.004190387204289436,
    "goreScore": 0.00025120540522038937
  },
  "color": {
    "dominantColorForeground": "Brown",
    "dominantColorBackground": "Black",
    "dominantColors": [
      "Black",
      "Brown"
    ],
    "accentColor": "334098",
    "isBWImg": false
  },
  "imageType": {
    "clipArtType": 0,
    "lineDrawingType": 0
  },
  "tags": [
    {
      "name": "person",
      "confidence": 0.9743412733078003
    },
    {
      "name": "human face",
      "confidence": 0.9725682735443115
    },
    {
      "name": "jaw",
      "confidence": 0.9479868412017822
    },
    {
      "name": "lip",
      "confidence": 0.9445983171463013
    },
    {
      "name": "forehead",
      "confidence": 0.9433791041374207
    },
    {
      "name": "cheek",
      "confidence": 0.9324650764465332
    },
    {
      "name": "chin",
      "confidence": 0.9280003309249878
    },
    {
      "name": "eyebrow",
      "confidence": 0.9257888793945312
    },
    {
      "name": "screenshot",
      "confidence": 0.9025412201881409
    },
    {
      "name": "boy",
      "confidence": 0.9012539386749268
    },
    {
      "name": "skin",
      "confidence": 0.8911243081092834
    },
    {
      "name": "tooth",
      "confidence": 0.8792451620101929
    }
  ],
  "description": {
    "tags": [
      "person",
      "indoor"
    ],
    "captions": [
      {
        "text": "Billy Corgan with the eyes closed",
        "confidence": 0.5015406012535095
      }
    ]
  },
  "faces": [
    {
      "age": 19,
      "gender": "Male",
      "faceRectangle": {
        "left": 352,
        "top": 158,
        "width": 462,
        "height": 462
      }
    }
  ],
  "objects": [
    {
      "rectangle": {
        "x": 181,
        "y": 0,
        "w": 847,
        "h": 699
      },
      "object": "person",
      "confidence": 0.806
    }
  ],
  "brands": [],
  "requestId": "768f5b9b-3921-46dd-aa20-907b3dbf8435",
  "metadata": {
    "width": 1280,
    "height": 720,
    "format": "Png"
  },
  "modelVersion": "2021-05-01"
}