{
  "categories": [
    {
      "name": "indoor_venue",
      "score": 0.3984375
    }
  ],
  "adult": {
    "isAdultContent": false,
    "isRacyContent": false,
    "isGoryContent": false,
    "adultScore": 0.0058290958404541016,
    "racyScore": 0.009700280614197254,
    "goreScore": 0.0015411716885864735
  },
  "color": {
    "dominantColorForeground": "Black",
    "dominantColorBackground": "Black",
    "dominantColors": [
      "Black",
      "Orange",
      "Brown"
    ],
    "accentColor": "0E0300",
    "isBWImg": false
  },
  "imageType": {
    "clipArtType": 1,
    "lineDrawingType": 0
  },
  "tags": [
    {
      "name": "indoor",
      "confidence": 0.98716139793396
    },
    {
      "name": "wall",
      "confidence": 0.9867796897888184
    },
    {
      "name": "person",
      "confidence": 0.9790506362915039
    },
    {
      "name": "clothing",
      "confidence": 0.976620078086853
    },
    {
      "name": "man",
      "confidence": 0.9074172377586365
    },
    {
      "name": "sink",
      "confidence": 0.8765129446983337
    },
    {
      "name": "bathroom",
      "confidence": 0.7791173458099365
    },
    {
      "name": "standing",
      "confidence": 0.7420926094055176
    },
    {
      "name": "toilet",
      "confidence": 0.702351450920105
    }
  ],
  "description": {
    "tags": [
      "text",
      "wall",
      "person",
      "indoor",
      "man"
    ],
    "captions": [
      {
        "text": "a man in a bathroom",
        "confidence": 0.3197077810764313
      }
    ]
  },
  "faces": [],
  "objects": [
    {
      "rectangle": {
        "x": 893,
        "y": 176,
        "w": 188,
        "h": 386
      },
      "object": "person",
      "confidence": 0.786
    },
    {
      "rectangle": {
        "x": 211,
        "y": 147,
        "w": 356,
        "h": 559
      },
      "object": "person",
      "confidence": 0.857
    }
  ],
  "brands": [],
  "requestId": "9285edff-9f71-4c1e-b4ed-8a93777d82c8",
  "metadata": {
    "width": 1280,
    "height": 720,
    "format": "Png"
  },
  "modelVersion": "2021-05-01"
}