{
  "categories": [
    {
      "name": "dark_light",
      "score": 0.69140625
    }
  ],
  "adult": {
    "isAdultContent": false,
    "isRacyContent": false,
    "isGoryContent": false,
    "adultScore": 0.03411040082573891,
    "racyScore": 0.12722350656986237,
    "goreScore": 0.007912518456578255
  },
  "color": {
    "dominantColorForeground": "Black",
    "dominantColorBackground": "Black",
    "dominantColors": [
      "Black"
    ],
    "accentColor": "751702",
    "isBWImg": false
  },
  "imageType": {
    "clipArtType": 0,
    "lineDrawingType": 0
  },
  "tags": [
    {
      "name": "person",
      "confidence": 0.8931007385253906
    },
    {
      "name": "heat",
      "confidence": 0.8871848583221436
    },
    {
      "name": "amber",
      "confidence": 0.8654285669326782
    },
    {
      "name": "darkness",
      "confidence": 0.8538551926612854
    },
    {
      "name": "fire",
      "confidence": 0.6101270914077759
    },
    {
      "name": "indoor",
      "confidence": 0.5728858709335327
    },
    {
      "name": "light",
      "confidence": 0.4021959602832794
    }
  ],
  "description": {
    "tags": [
      "person",
      "nature",
      "fire",
      "fireplace"
    ],
    "captions": [
      {
        "text": "a group of people holding their hands up",
        "confidence": 0.4587095081806183
      }
    ]
  },
  "faces": [],
  "objects": [
    {
      "rectangle": {
        "x": 507,
        "y": 4,
        "w": 604,
        "h": 716
      },
      "object": "person",
      "confidence": 0.532
    }
  ],
  "brands": [],
  "requestId": "5c4e2c88-c2e9-4af6-a844-1e01a4e9386e",
  "metadata": {
    "width": 1280,
    "height": 720,
    "format": "Png"
  },
  "modelVersion": "2021-05-01"
}