{
  "categories": [
    {
      "name": "abstract_",
      "score": 0.0078125
    },
    {
      "name": "dark_",
      "score": 0.22265625
    },
    {
      "name": "others_",
      "score": 0.02734375
    }
  ],
  "adult": {
    "isAdultContent": false,
    "isRacyContent": false,
    "isGoryContent": false,
    "adultScore": 0.00958110112696886,
    "racyScore": 0.01048812735825777,
    "goreScore": 0.0011586120817810297
  },
  "color": {
    "dominantColorForeground": "Black",
    "dominantColorBackground": "Black",
    "dominantColors": [
      "Black"
    ],
    "accentColor": "59503C",
    "isBWImg": false
  },
  "imageType": {
    "clipArtType": 1,
    "lineDrawingType": 0
  },
  "tags": [
    {
      "name": "human face",
      "confidence": 0.9773110151290894
    },
    {
      "name": "black",
      "confidence": 0.945773720741272
    },
    {
      "name": "person",
      "confidence": 0.9315043687820435
    },
    {
      "name": "darkness",
      "confidence": 0.9182581305503845
    },
    {
      "name": "clothing",
      "confidence": 0.8913059830665588
    },
    {
      "name": "man",
      "confidence": 0.8769771456718445
    },
    {
      "name": "photograph",
      "confidence": 0.8656700253486633
    },
    {
      "name": "screenshot",
      "confidence": 0.8600889444351196
    },
    {
      "name": "dark",
      "confidence": 0.5633314847946167
    },
    {
      "name": "black and white",
      "confidence": 0.5104213356971741
    },
    {
      "name": "portrait",
      "confidence": 0.4360247552394867
    }
  ],
  "description": {
    "tags": [
      "text",
      "dark"
    ],
    "captions": [
      {
        "text": "a man and woman in a dark room",
        "confidence": 0.3851146996021271
      }
    ]
  },
  "faces": [],
  "objects": [
    {
      "rectangle": {
        "x": 195,
        "y": 140,
        "w": 526,
        "h": 578
      },
      "object": "person",
      "confidence": 0.634
    }
  ],
  "brands": [],
  "requestId": "3b899b81-39e4-40a4-9b45-6f8e455a9c70",
  "metadata": {
    "width": 1280,
    "height": 720,
    "format": "Png"
  },
  "modelVersion": "2021-05-01"
}