{
  "categories": [
    {
      "name": "others_",
      "score": 0.00390625
    },
    {
      "name": "people_",
      "score": 0.4765625
    }
  ],
  "adult": {
    "isAdultContent": false,
    "isRacyContent": false,
    "isGoryContent": false,
    "adultScore": 0.007906360551714897,
    "racyScore": 0.010353608056902885,
    "goreScore": 0.0007713589584454894
  },
  "color": {
    "dominantColorForeground": "Black",
    "dominantColorBackground": "Black",
    "dominantColors": [
      "Black"
    ],
    "accentColor": "1C5BAF",
    "isBWImg": false
  },
  "imageType": {
    "clipArtType": 0,
    "lineDrawingType": 0
  },
  "tags": [
    {
      "name": "human face",
      "confidence": 0.9905655384063721
    },
    {
      "name": "clothing",
      "confidence": 0.9569362998008728
    },
    {
      "name": "person",
      "confidence": 0.9300155639648438
    },
    {
      "name": "man",
      "confidence": 0.9213536977767944
    },
    {
      "name": "screenshot",
      "confidence": 0.9169943332672119
    },
    {
      "name": "darkness",
      "confidence": 0.8869379758834839
    },
    {
      "name": "gentleman",
      "confidence": 0.8849924802780151
    },
    {
      "name": "black",
      "confidence": 0.8630635738372803
    },
    {
      "name": "dark",
      "confidence": 0.6524629592895508
    },
    {
      "name": "indoor",
      "confidence": 0.5540651082992554
    }
  ],
  "description": {
    "tags": [
      "person",
      "man",
      "indoor",
      "dark",
      "necktie"
    ],
    "captions": [
      {
        "text": "a man in a white shirt",
        "confidence": 0.3422376215457916
      }
    ]
  },
  "faces": [],
  "objects": [
    {
      "rectangle": {
        "x": 177,
        "y": 62,
        "w": 419,
        "h": 557
      },
      "object": "person",
      "confidence": 0.655
    },
    {
      "rectangle": {
        "x": 715,
        "y": 87,
        "w": 391,
        "h": 559
      },
      "object": "person",
      "confidence": 0.851
    }
  ],
  "brands": [],
  "requestId": "08919f71-caed-4058-9ced-b8b6bf6de684",
  "metadata": {
    "width": 1280,
    "height": 720,
    "format": "Png"
  },
  "modelVersion": "2021-05-01"
}