{
  "categories": [
    {
      "name": "abstract_",
      "score": 0.00390625
    },
    {
      "name": "others_",
      "score": 0.02734375
    },
    {
      "name": "outdoor_",
      "score": 0.00390625,
      "detail": {
        "landmarks": []
      }
    }
  ],
  "adult": {
    "isAdultContent": false,
    "isRacyContent": false,
    "isGoryContent": false,
    "adultScore": 0.011975634843111038,
    "racyScore": 0.015638655051589012,
    "goreScore": 0.06106848642230034
  },
  "color": {
    "dominantColorForeground": "White",
    "dominantColorBackground": "Black",
    "dominantColors": [
      "Black",
      "Blue"
    ],
    "accentColor": "0C59BF",
    "isBWImg": false
  },
  "imageType": {
    "clipArtType": 0,
    "lineDrawingType": 0
  },
  "tags": [
    {
      "name": "person",
      "confidence": 0.9935555458068848
    },
    {
      "name": "human face",
      "confidence": 0.9871306419372559
    },
    {
      "name": "fashion accessory",
      "confidence": 0.8719065189361572
    },
    {
      "name": "man",
      "confidence": 0.8718684911727905
    },
    {
      "name": "smile",
      "confidence": 0.8446224927902222
    },
    {
      "name": "hat",
      "confidence": 0.8383644223213196
    },
    {
      "name": "wearing",
      "confidence": 0.5643849968910217
    },
    {
      "name": "indoor",
      "confidence": 0.5541430115699768
    }
  ],
  "description": {
    "tags": [
      "headdress",
      "person",
      "hat",
      "helmet",
      "close",
      "staring"
    ],
    "captions": [
      {
        "text": "a person wearing a hat",
        "confidence": 0.5388259291648865
      }
    ]
  },
  "faces": [
    {
      "age": 37,
      "gender": "Male",
      "faceRectangle": {
        "left": 341,
        "top": 139,
        "width": 436,
        "height": 436
      }
    }
  ],
  "objects": [
    {
      "rectangle": {
        "x": 201,
        "y": 17,
        "w": 791,
        "h": 255
      },
      "object": "headwear",
      "confidence": 0.658
    },
    {
      "rectangle": {
        "x": 176,
        "y": 28,
        "w": 852,
        "h": 687
      },
      "object": "person",
      "confidence": 0.767
    }
  ],
  "brands": [],
  "requestId": "da7d4337-5b81-437e-afbf-bd7fcd7b59c5",
  "metadata": {
    "width": 1280,
    "height": 720,
    "format": "Png"
  },
  "modelVersion": "2021-05-01"
}