{
  "categories": [
    {
      "name": "abstract_",
      "score": 0.00390625
    },
    {
      "name": "others_",
      "score": 0.08984375
    }
  ],
  "adult": {
    "isAdultContent": false,
    "isRacyContent": false,
    "isGoryContent": false,
    "adultScore": 0.012037117034196854,
    "racyScore": 0.044404394924640656,
    "goreScore": 0.001069899182766676
  },
  "color": {
    "dominantColorForeground": "White",
    "dominantColorBackground": "Brown",
    "dominantColors": [
      "Brown",
      "White"
    ],
    "accentColor": "324E99",
    "isBWImg": false
  },
  "imageType": {
    "clipArtType": 0,
    "lineDrawingType": 0
  },
  "tags": [
    {
      "name": "person",
      "confidence": 0.949161946773529
    },
    {
      "name": "man",
      "confidence": 0.9130409955978394
    },
    {
      "name": "human face",
      "confidence": 0.9103789925575256
    },
    {
      "name": "window",
      "confidence": 0.8608584403991699
    },
    {
      "name": "indoor",
      "confidence": 0.8145171403884888
    },
    {
      "name": "telephone booth",
      "confidence": 0.7397146821022034
    },
    {
      "name": "telephone",
      "confidence": 0.6242035627365112
    }
  ],
  "description": {
    "tags": [
      "window",
      "indoor",
      "building"
    ],
    "captions": [
      {
        "text": "a person talking on a phone",
        "confidence": 0.45934903621673584
      }
    ]
  },
  "faces": [],
  "objects": [
    {
      "rectangle": {
        "x": 615,
        "y": 50,
        "w": 165,
        "h": 494
      },
      "object": "window",
      "confidence": 0.677
    }
  ],
  "brands": [],
  "requestId": "ebbae31a-01a2-46ad-a396-a7cc6083443b",
  "metadata": {
    "width": 1280,
    "height": 720,
    "format": "Png"
  },
  "modelVersion": "2021-05-01"
}