{
  "categories": [
    {
      "name": "others_",
      "score": 0.00390625
    },
    {
      "name": "people_",
      "score": 0.51953125,
      "detail": {
        "celebrities": []
      }
    }
  ],
  "adult": {
    "isAdultContent": false,
    "isRacyContent": false,
    "isGoryContent": false,
    "adultScore": 0.0029372763819992542,
    "racyScore": 0.0043548522517085075,
    "goreScore": 0.0005125564057379961
  },
  "color": {
    "dominantColorForeground": "Black",
    "dominantColorBackground": "Black",
    "dominantColors": [
      "Black"
    ],
    "accentColor": "1A2017",
    "isBWImg": false
  },
  "imageType": {
    "clipArtType": 0,
    "lineDrawingType": 0
  },
  "tags": [
    {
      "name": "human face",
      "confidence": 0.9962335824966431
    },
    {
      "name": "clothing",
      "confidence": 0.9860846996307373
    },
    {
      "name": "person",
      "confidence": 0.9797547459602356
    },
    {
      "name": "headgear",
      "confidence": 0.8834913969039917
    },
    {
      "name": "jacket",
      "confidence": 0.8789074420928955
    },
    {
      "name": "man",
      "confidence": 0.8645443916320801
    },
    {
      "name": "wearing",
      "confidence": 0.6666466593742371
    },
    {
      "name": "indoor",
      "confidence": 0.5920833349227905
    },
    {
      "name": "uniform",
      "confidence": 0.5895847082138062
    },
    {
      "name": "hat",
      "confidence": 0.5478467345237732
    }
  ],
  "description": {
    "tags": [
      "person"
    ],
    "captions": [
      {
        "text": "a man in a military uniform",
        "confidence": 0.5255922079086304
      }
    ]
  },
  "faces": [
    {
      "age": 25,
      "gender": "Male",
      "faceRectangle": {
        "left": 409,
        "top": 177,
        "width": 333,
        "height": 333
      }
    }
  ],
  "objects": [
    {
      "rectangle": {
        "x": 265,
        "y": 0,
        "w": 507,
        "h": 275
      },
      "object": "headwear",
      "confidence": 0.708
    },
    {
      "rectangle": {
        "x": 16,
        "y": 16,
        "w": 857,
        "h": 704
      },
      "object": "person",
      "confidence": 0.886
    }
  ],
  "brands": [],
  "requestId": "69f9b512-d5a9-4445-a406-d789326acdae",
  "metadata": {
    "width": 1280,
    "height": 720,
    "format": "Png"
  },
  "modelVersion": "2021-05-01"
}