{
  "categories": [
    {
      "name": "abstract_",
      "score": 0.00390625
    },
    {
      "name": "others_",
      "score": 0.3203125
    },
    {
      "name": "outdoor_",
      "score": 0.0078125,
      "detail": {
        "landmarks": []
      }
    }
  ],
  "adult": {
    "isAdultContent": false,
    "isRacyContent": false,
    "isGoryContent": false,
    "adultScore": 0.007434962783008814,
    "racyScore": 0.0099845165386796,
    "goreScore": 0.0006501646712422371
  },
  "color": {
    "dominantColorForeground": "Black",
    "dominantColorBackground": "Black",
    "dominantColors": [
      "Black",
      "Grey"
    ],
    "accentColor": "9B5C30",
    "isBWImg": false
  },
  "imageType": {
    "clipArtType": 0,
    "lineDrawingType": 0
  },
  "tags": [
    {
      "name": "clothing",
      "confidence": 0.9906914234161377
    },
    {
      "name": "person",
      "confidence": 0.9753438830375671
    },
    {
      "name": "man",
      "confidence": 0.8906538486480713
    },
    {
      "name": "standing",
      "confidence": 0.7305595874786377
    },
    {
      "name": "outdoor",
      "confidence": 0.6901799440383911
    },
    {
      "name": "boy",
      "confidence": 0.6117821335792542
    },
    {
      "name": "people",
      "confidence": 0.587180495262146
    },
    {
      "name": "train",
      "confidence": 0.4197086989879608
    }
  ],
  "description": {
    "tags": [
      "person"
    ],
    "captions": [
      {
        "text": "a couple of men in uniform",
        "confidence": 0.35634392499923706
      }
    ]
  },
  "faces": [],
  "objects": [
    {
      "rectangle": {
        "x": 706,
        "y": 366,
        "w": 237,
        "h": 322
      },
      "object": "person",
      "confidence": 0.666
    },
    {
      "rectangle": {
        "x": 262,
        "y": 409,
        "w": 216,
        "h": 309
      },
      "object": "person",
      "confidence": 0.715
    }
  ],
  "brands": [],
  "requestId": "22d0390a-e143-458f-9793-d012c34788b4",
  "metadata": {
    "width": 1280,
    "height": 720,
    "format": "Png"
  },
  "modelVersion": "2021-05-01"
}