{
  "categories": [
    {
      "name": "abstract_",
      "score": 0.00390625
    },
    {
      "name": "others_",
      "score": 0.00390625
    }
  ],
  "adult": {
    "isAdultContent": false,
    "isRacyContent": false,
    "isGoryContent": false,
    "adultScore": 0.020845824852585793,
    "racyScore": 0.040639787912368774,
    "goreScore": 0.0018784261774271727
  },
  "color": {
    "dominantColorForeground": "Black",
    "dominantColorBackground": "Black",
    "dominantColors": [
      "Black"
    ],
    "accentColor": "A98222",
    "isBWImg": false
  },
  "imageType": {
    "clipArtType": 0,
    "lineDrawingType": 0
  },
  "tags": [
    {
      "name": "clothing",
      "confidence": 0.975227415561676
    },
    {
      "name": "person",
      "confidence": 0.9471524953842163
    },
    {
      "name": "mammal",
      "confidence": 0.8986306190490723
    },
    {
      "name": "playground",
      "confidence": 0.8443461656570435
    },
    {
      "name": "blurry",
      "confidence": 0.823982834815979
    },
    {
      "name": "riding",
      "confidence": 0.7612771987915039
    },
    {
      "name": "carousel",
      "confidence": 0.7190065383911133
    },
    {
      "name": "outdoor",
      "confidence": 0.6994198560714722
    },
    {
      "name": "street",
      "confidence": 0.6613062620162964
    },
    {
      "name": "night",
      "confidence": 0.6463391184806824
    }
  ],
  "description": {
    "tags": [],
    "captions": [
      {
        "text": "a person walking on a street",
        "confidence": 0.38786035776138306
      }
    ]
  },
  "faces": [],
  "objects": [
    {
      "rectangle": {
        "x": 1,
        "y": 6,
        "w": 472,
        "h": 553
      },
      "object": "Land vehicle",
      "confidence": 0.566,
      "parent": {
        "object": "Vehicle",
        "confidence": 0.615
      }
    },
    {
      "rectangle": {
        "x": 365,
        "y": 7,
        "w": 517,
        "h": 696
      },
      "object": "person",
      "confidence": 0.813
    }
  ],
  "brands": [],
  "requestId": "e40a8f2d-b5c3-4a3b-9a86-ce76e687e4b7",
  "metadata": {
    "width": 1280,
    "height": 720,
    "format": "Png"
  },
  "modelVersion": "2021-05-01"
}