{
  "categories": [
    {
      "name": "others_",
      "score": 0.00390625
    }
  ],
  "adult": {
    "isAdultContent": false,
    "isRacyContent": false,
    "isGoryContent": false,
    "adultScore": 0.0035012185107916594,
    "racyScore": 0.008469008840620518,
    "goreScore": 0.0017298501916229725
  },
  "color": {
    "dominantColorForeground": "Grey",
    "dominantColorBackground": "Black",
    "dominantColors": [
      "Black",
      "Grey"
    ],
    "accentColor": "634D3A",
    "isBWImg": false
  },
  "imageType": {
    "clipArtType": 0,
    "lineDrawingType": 0
  },
  "tags": [
    {
      "name": "person",
      "confidence": 0.984103798866272
    },
    {
      "name": "clothing",
      "confidence": 0.9810218811035156
    },
    {
      "name": "human face",
      "confidence": 0.9698349237442017
    },
    {
      "name": "snapshot",
      "confidence": 0.8981018662452698
    },
    {
      "name": "mammal",
      "confidence": 0.8629786372184753
    },
    {
      "name": "indoor",
      "confidence": 0.8496568202972412
    },
    {
      "name": "woman",
      "confidence": 0.6944277286529541
    },
    {
      "name": "hat",
      "confidence": 0.6271673440933228
    },
    {
      "name": "street",
      "confidence": 0.585665225982666
    }
  ],
  "description": {
    "tags": [
      "text",
      "person",
      "indoor"
    ],
    "captions": [
      {
        "text": "a person with the hand on the head",
        "confidence": 0.4438992142677307
      }
    ]
  },
  "faces": [
    {
      "age": 50,
      "gender": "Male",
      "faceRectangle": {
        "left": 746,
        "top": 101,
        "width": 190,
        "height": 190
      }
    }
  ],
  "objects": [
    {
      "rectangle": {
        "x": 343,
        "y": 30,
        "w": 812,
        "h": 682
      },
      "object": "person",
      "confidence": 0.664
    }
  ],
  "brands": [],
  "requestId": "7b79dfec-2519-43d5-af3c-6fc9af9424e9",
  "metadata": {
    "width": 1280,
    "height": 720,
    "format": "Png"
  },
  "modelVersion": "2021-05-01"
}