{
  "categories": [
    {
      "name": "others_",
      "score": 0.0078125
    },
    {
      "name": "people_",
      "score": 0.43359375
    }
  ],
  "adult": {
    "isAdultContent": false,
    "isRacyContent": false,
    "isGoryContent": false,
    "adultScore": 0.0117542939260602,
    "racyScore": 0.013408670201897621,
    "goreScore": 0.0006910951342433691
  },
  "color": {
    "dominantColorForeground": "Black",
    "dominantColorBackground": "Black",
    "dominantColors": [
      "Black"
    ],
    "accentColor": "155DB6",
    "isBWImg": false
  },
  "imageType": {
    "clipArtType": 0,
    "lineDrawingType": 0
  },
  "tags": [
    {
      "name": "human face",
      "confidence": 0.9890635013580322
    },
    {
      "name": "clothing",
      "confidence": 0.9578922390937805
    },
    {
      "name": "person",
      "confidence": 0.946334958076477
    },
    {
      "name": "screenshot",
      "confidence": 0.9230166673660278
    },
    {
      "name": "man",
      "confidence": 0.9213929772377014
    },
    {
      "name": "gentleman",
      "confidence": 0.8558666706085205
    },
    {
      "name": "indoor",
      "confidence": 0.6704351305961609
    },
    {
      "name": "dark",
      "confidence": 0.6084761023521423
    }
  ],
  "description": {
    "tags": [
      "person",
      "indoor"
    ],
    "captions": [
      {
        "text": "a man in a suit",
        "confidence": 0.3058934807777405
      }
    ]
  },
  "faces": [],
  "objects": [
    {
      "rectangle": {
        "x": 210,
        "y": 24,
        "w": 246,
        "h": 382
      },
      "object": "person",
      "confidence": 0.553
    },
    {
      "rectangle": {
        "x": 409,
        "y": 48,
        "w": 386,
        "h": 526
      },
      "object": "person",
      "confidence": 0.759
    },
    {
      "rectangle": {
        "x": 705,
        "y": 85,
        "w": 401,
        "h": 567
      },
      "object": "person",
      "confidence": 0.831
    }
  ],
  "brands": [],
  "requestId": "cc5ed8f6-a674-4748-a450-adc7e178a3ac",
  "metadata": {
    "width": 1280,
    "height": 720,
    "format": "Png"
  },
  "modelVersion": "2021-05-01"
}