{
  "categories": [
    {
      "name": "others_",
      "score": 0.00390625
    },
    {
      "name": "people_",
      "score": 0.52734375
    }
  ],
  "adult": {
    "isAdultContent": false,
    "isRacyContent": false,
    "isGoryContent": false,
    "adultScore": 0.006619028281420469,
    "racyScore": 0.007882491685450077,
    "goreScore": 0.0006172057474032044
  },
  "color": {
    "dominantColorForeground": "Black",
    "dominantColorBackground": "Black",
    "dominantColors": [
      "Black"
    ],
    "accentColor": "1B53B0",
    "isBWImg": false
  },
  "imageType": {
    "clipArtType": 0,
    "lineDrawingType": 0
  },
  "tags": [
    {
      "name": "human face",
      "confidence": 0.9886327981948853
    },
    {
      "name": "clothing",
      "confidence": 0.9732538461685181
    },
    {
      "name": "screenshot",
      "confidence": 0.9363222122192383
    },
    {
      "name": "person",
      "confidence": 0.9295742511749268
    },
    {
      "name": "man",
      "confidence": 0.8920618295669556
    },
    {
      "name": "gentleman",
      "confidence": 0.8904924392700195
    },
    {
      "name": "darkness",
      "confidence": 0.8426809310913086
    },
    {
      "name": "indoor",
      "confidence": 0.6223375201225281
    },
    {
      "name": "dark",
      "confidence": 0.5454597473144531
    },
    {
      "name": "stealth",
      "confidence": 0.40265244245529175
    }
  ],
  "description": {
    "tags": [
      "man",
      "person",
      "indoor",
      "dark"
    ],
    "captions": [
      {
        "text": "a group of men in a dark room",
        "confidence": 0.46133455634117126
      }
    ]
  },
  "faces": [],
  "objects": [
    {
      "rectangle": {
        "x": 191,
        "y": 43,
        "w": 385,
        "h": 537
      },
      "object": "person",
      "confidence": 0.676
    },
    {
      "rectangle": {
        "x": 697,
        "y": 91,
        "w": 413,
        "h": 556
      },
      "object": "person",
      "confidence": 0.853
    }
  ],
  "brands": [],
  "requestId": "125ff7e2-8aa7-43a9-8ed1-9aadaf5c3449",
  "metadata": {
    "width": 1280,
    "height": 720,
    "format": "Png"
  },
  "modelVersion": "2021-05-01"
}