{
  "categories": [
    {
      "name": "others_",
      "score": 0.00390625
    },
    {
      "name": "people_group",
      "score": 0.2109375
    }
  ],
  "adult": {
    "isAdultContent": false,
    "isRacyContent": false,
    "isGoryContent": false,
    "adultScore": 0.003274158574640751,
    "racyScore": 0.005883005913347006,
    "goreScore": 0.0004340418672654778
  },
  "color": {
    "dominantColorForeground": "Black",
    "dominantColorBackground": "Black",
    "dominantColors": [
      "Black",
      "Blue"
    ],
    "accentColor": "1456B7",
    "isBWImg": false
  },
  "imageType": {
    "clipArtType": 0,
    "lineDrawingType": 0
  },
  "tags": [
    {
      "name": "clothing",
      "confidence": 0.9706178903579712
    },
    {
      "name": "person",
      "confidence": 0.9698190689086914
    },
    {
      "name": "human face",
      "confidence": 0.9596798419952393
    },
    {
      "name": "man",
      "confidence": 0.8986301422119141
    },
    {
      "name": "car",
      "confidence": 0.8440792560577393
    },
    {
      "name": "indoor",
      "confidence": 0.7157998085021973
    },
    {
      "name": "band",
      "confidence": 0.6713406443595886
    },
    {
      "name": "wearing",
      "confidence": 0.5932685732841492
    }
  ],
  "description": {
    "tags": [
      "person",
      "man"
    ],
    "captions": [
      {
        "text": "a group of men in a dark room",
        "confidence": 0.39981913566589355
      }
    ]
  },
  "faces": [],
  "objects": [
    {
      "rectangle": {
        "x": 204,
        "y": 29,
        "w": 382,
        "h": 549
      },
      "object": "person",
      "confidence": 0.652
    },
    {
      "rectangle": {
        "x": 699,
        "y": 84,
        "w": 412,
        "h": 549
      },
      "object": "person",
      "confidence": 0.856
    }
  ],
  "brands": [],
  "requestId": "e3e56073-5418-43ee-b549-7f4422e52583",
  "metadata": {
    "width": 1280,
    "height": 720,
    "format": "Png"
  },
  "modelVersion": "2021-05-01"
}