{
  "categories": [
    {
      "name": "others_",
      "score": 0.015625
    }
  ],
  "adult": {
    "isAdultContent": false,
    "isRacyContent": false,
    "isGoryContent": false,
    "adultScore": 0.003771172370761633,
    "racyScore": 0.0043461620807647705,
    "goreScore": 0.018027005717158318
  },
  "color": {
    "dominantColorForeground": "Black",
    "dominantColorBackground": "Black",
    "dominantColors": [
      "Black",
      "Blue"
    ],
    "accentColor": "0558C6",
    "isBWImg": false
  },
  "imageType": {
    "clipArtType": 0,
    "lineDrawingType": 0
  },
  "tags": [
    {
      "name": "human face",
      "confidence": 0.9887121915817261
    },
    {
      "name": "person",
      "confidence": 0.9579688310623169
    },
    {
      "name": "man",
      "confidence": 0.923721432685852
    },
    {
      "name": "screenshot",
      "confidence": 0.861682653427124
    },
    {
      "name": "hat",
      "confidence": 0.8515157103538513
    },
    {
      "name": "wearing",
      "confidence": 0.5644831657409668
    }
  ],
  "description": {
    "tags": [
      "man",
      "person"
    ],
    "captions": [
      {
        "text": "a man wearing a hat",
        "confidence": 0.4904748201370239
      }
    ]
  },
  "faces": [],
  "objects": [
    {
      "rectangle": {
        "x": 277,
        "y": 188,
        "w": 391,
        "h": 158
      },
      "object": "Glasses",
      "confidence": 0.508,
      "parent": {
        "object": "Personal care",
        "confidence": 0.51
      }
    },
    {
      "rectangle": {
        "x": 16,
        "y": 23,
        "w": 888,
        "h": 697
      },
      "object": "person",
      "confidence": 0.658
    }
  ],
  "brands": [],
  "requestId": "2df99f73-8fa8-4f60-ab9e-a4b8b0e9af31",
  "metadata": {
    "width": 1280,
    "height": 720,
    "format": "Png"
  },
  "modelVersion": "2021-05-01"
}