{
  "categories": [
    {
      "name": "abstract_",
      "score": 0.015625
    },
    {
      "name": "abstract_shape",
      "score": 0.1484375
    },
    {
      "name": "others_",
      "score": 0.04296875
    }
  ],
  "adult": {
    "isAdultContent": false,
    "isRacyContent": false,
    "isGoryContent": false,
    "adultScore": 0.14824345707893372,
    "racyScore": 0.3310798406600952,
    "goreScore": 0.007356686517596245
  },
  "color": {
    "dominantColorForeground": "Black",
    "dominantColorBackground": "Black",
    "dominantColors": [
      "Black"
    ],
    "accentColor": "5D4E39",
    "isBWImg": false
  },
  "imageType": {
    "clipArtType": 0,
    "lineDrawingType": 0
  },
  "tags": [
    {
      "name": "person",
      "confidence": 0.9526959657669067
    },
    {
      "name": "man",
      "confidence": 0.9126349687576294
    },
    {
      "name": "mammal",
      "confidence": 0.9124603271484375
    },
    {
      "name": "screenshot",
      "confidence": 0.8756217956542969
    },
    {
      "name": "snapshot",
      "confidence": 0.8658825159072876
    },
    {
      "name": "black",
      "confidence": 0.8613817691802979
    },
    {
      "name": "blurry",
      "confidence": 0.8297418355941772
    },
    {
      "name": "people",
      "confidence": 0.5660979747772217
    },
    {
      "name": "indoor",
      "confidence": 0.5346574783325195
    }
  ],
  "description": {
    "tags": [
      "person",
      "fire",
      "nature"
    ],
    "captions": [
      {
        "text": "a person holding their hands together",
        "confidence": 0.35350164771080017
      }
    ]
  },
  "faces": [],
  "objects": [],
  "brands": [],
  "requestId": "f561fba7-1743-4429-abae-313da256ddcc",
  "metadata": {
    "width": 1280,
    "height": 720,
    "format": "Png"
  },
  "modelVersion": "2021-05-01"
}