{
  "categories": [
    {
      "name": "others_",
      "score": 0.0078125
    }
  ],
  "adult": {
    "isAdultContent": false,
    "isRacyContent": false,
    "isGoryContent": false,
    "adultScore": 0.0075378986075520515,
    "racyScore": 0.009053487330675125,
    "goreScore": 0.0005094111547805369
  },
  "color": {
    "dominantColorForeground": "Black",
    "dominantColorBackground": "Black",
    "dominantColors": [
      "Black"
    ],
    "accentColor": "355D96",
    "isBWImg": false
  },
  "imageType": {
    "clipArtType": 0,
    "lineDrawingType": 0
  },
  "tags": [
    {
      "name": "human face",
      "confidence": 0.9930131435394287
    },
    {
      "name": "person",
      "confidence": 0.9803376793861389
    },
    {
      "name": "clothing",
      "confidence": 0.979816198348999
    },
    {
      "name": "man",
      "confidence": 0.9299819469451904
    },
    {
      "name": "screenshot",
      "confidence": 0.8973696231842041
    },
    {
      "name": "darkness",
      "confidence": 0.8405897617340088
    },
    {
      "name": "indoor",
      "confidence": 0.7683957815170288
    },
    {
      "name": "music",
      "confidence": 0.4297410249710083
    },
    {
      "name": "musician",
      "confidence": 0.4046509265899658
    }
  ],
  "description": {
    "tags": [
      "person",
      "man",
      "indoor"
    ],
    "captions": [
      {
        "text": "a group of men in a dark room",
        "confidence": 0.47552672028541565
      }
    ]
  },
  "faces": [],
  "objects": [
    {
      "rectangle": {
        "x": 445,
        "y": 53,
        "w": 309,
        "h": 506
      },
      "object": "person",
      "confidence": 0.626
    },
    {
      "rectangle": {
        "x": 184,
        "y": 36,
        "w": 401,
        "h": 541
      },
      "object": "person",
      "confidence": 0.651
    },
    {
      "rectangle": {
        "x": 658,
        "y": 66,
        "w": 469,
        "h": 573
      },
      "object": "person",
      "confidence": 0.812
    }
  ],
  "brands": [],
  "requestId": "aeb02815-6e7f-4c7a-96e8-6982aa8a3d10",
  "metadata": {
    "width": 1280,
    "height": 720,
    "format": "Png"
  },
  "modelVersion": "2021-05-01"
}