{
  "categories": [
    {
      "name": "others_",
      "score": 0.01171875
    }
  ],
  "adult": {
    "isAdultContent": false,
    "isRacyContent": false,
    "isGoryContent": false,
    "adultScore": 0.008759340271353722,
    "racyScore": 0.011026871390640736,
    "goreScore": 0.0006866353214718401
  },
  "color": {
    "dominantColorForeground": "Black",
    "dominantColorBackground": "Black",
    "dominantColors": [
      "Black"
    ],
    "accentColor": "2C436B",
    "isBWImg": false
  },
  "imageType": {
    "clipArtType": 0,
    "lineDrawingType": 0
  },
  "tags": [
    {
      "name": "human face",
      "confidence": 0.9914807081222534
    },
    {
      "name": "clothing",
      "confidence": 0.98337721824646
    },
    {
      "name": "person",
      "confidence": 0.9767943620681763
    },
    {
      "name": "screenshot",
      "confidence": 0.9209574460983276
    },
    {
      "name": "man",
      "confidence": 0.910017728805542
    },
    {
      "name": "gentleman",
      "confidence": 0.8852655291557312
    },
    {
      "name": "darkness",
      "confidence": 0.8639670610427856
    },
    {
      "name": "indoor",
      "confidence": 0.676961362361908
    },
    {
      "name": "dark",
      "confidence": 0.584989607334137
    },
    {
      "name": "wearing",
      "confidence": 0.546787679195404
    }
  ],
  "description": {
    "tags": [
      "person",
      "man",
      "dark"
    ],
    "captions": [
      {
        "text": "a man in a suit",
        "confidence": 0.2701963782310486
      }
    ]
  },
  "faces": [],
  "objects": [
    {
      "rectangle": {
        "x": 197,
        "y": 43,
        "w": 388,
        "h": 531
      },
      "object": "person",
      "confidence": 0.595
    },
    {
      "rectangle": {
        "x": 724,
        "y": 89,
        "w": 423,
        "h": 559
      },
      "object": "person",
      "confidence": 0.836
    }
  ],
  "brands": [],
  "requestId": "1d91d8e8-f4ff-457b-96ef-cfc2a42c69df",
  "metadata": {
    "width": 1280,
    "height": 720,
    "format": "Png"
  },
  "modelVersion": "2021-05-01"
}