{
  "categories": [
    {
      "name": "others_",
      "score": 0.0078125
    },
    {
      "name": "people_",
      "score": 0.55078125
    }
  ],
  "adult": {
    "isAdultContent": false,
    "isRacyContent": false,
    "isGoryContent": false,
    "adultScore": 0.00232369895093143,
    "racyScore": 0.0034634899348020554,
    "goreScore": 0.00040782554424367845
  },
  "color": {
    "dominantColorForeground": "Black",
    "dominantColorBackground": "Black",
    "dominantColors": [
      "Black",
      "Blue"
    ],
    "accentColor": "0A56C1",
    "isBWImg": false
  },
  "imageType": {
    "clipArtType": 0,
    "lineDrawingType": 0
  },
  "tags": [
    {
      "name": "human face",
      "confidence": 0.9959672689437866
    },
    {
      "name": "clothing",
      "confidence": 0.9864506721496582
    },
    {
      "name": "person",
      "confidence": 0.9778770804405212
    },
    {
      "name": "man",
      "confidence": 0.8680920004844666
    },
    {
      "name": "screenshot",
      "confidence": 0.8404173254966736
    },
    {
      "name": "indoor",
      "confidence": 0.6935960054397583
    },
    {
      "name": "music",
      "confidence": 0.4996582269668579
    },
    {
      "name": "band",
      "confidence": 0.4631384611129761
    }
  ],
  "description": {
    "tags": [
      "person",
      "man",
      "indoor"
    ],
    "captions": [
      {
        "text": "a group of men",
        "confidence": 0.4246373176574707
      }
    ]
  },
  "faces": [],
  "objects": [
    {
      "rectangle": {
        "x": 208,
        "y": 28,
        "w": 383,
        "h": 558
      },
      "object": "person",
      "confidence": 0.744
    },
    {
      "rectangle": {
        "x": 484,
        "y": 17,
        "w": 342,
        "h": 579
      },
      "object": "person",
      "confidence": 0.618
    },
    {
      "rectangle": {
        "x": 710,
        "y": 31,
        "w": 396,
        "h": 620
      },
      "object": "person",
      "confidence": 0.772
    }
  ],
  "brands": [],
  "requestId": "167aa2fd-c895-493a-8734-85faa7ad451c",
  "metadata": {
    "width": 1280,
    "height": 720,
    "format": "Png"
  },
  "modelVersion": "2021-05-01"
}