{
  "categories": [
    {
      "name": "others_",
      "score": 0.0078125
    },
    {
      "name": "people_portrait",
      "score": 0.4140625
    }
  ],
  "adult": {
    "isAdultContent": false,
    "isRacyContent": false,
    "isGoryContent": false,
    "adultScore": 0.032137684524059296,
    "racyScore": 0.03592664375901222,
    "goreScore": 0.024160457774996758
  },
  "color": {
    "dominantColorForeground": "Black",
    "dominantColorBackground": "Black",
    "dominantColors": [
      "Black"
    ],
    "accentColor": "0C377B",
    "isBWImg": false
  },
  "imageType": {
    "clipArtType": 0,
    "lineDrawingType": 0
  },
  "tags": [
    {
      "name": "human face",
      "confidence": 0.9883590340614319
    },
    {
      "name": "person",
      "confidence": 0.9667890071868896
    },
    {
      "name": "screenshot",
      "confidence": 0.9406404495239258
    },
    {
      "name": "human",
      "confidence": 0.9347494840621948
    },
    {
      "name": "eyebrow",
      "confidence": 0.9302864074707031
    },
    {
      "name": "black",
      "confidence": 0.9210083484649658
    },
    {
      "name": "forehead",
      "confidence": 0.9066914916038513
    },
    {
      "name": "jaw",
      "confidence": 0.8921645879745483
    },
    {
      "name": "darkness",
      "confidence": 0.8699407577514648
    },
    {
      "name": "chin",
      "confidence": 0.8646194934844971
    },
    {
      "name": "cheek",
      "confidence": 0.853201150894165
    },
    {
      "name": "lip",
      "confidence": 0.840056300163269
    },
    {
      "name": "portrait",
      "confidence": 0.7836023569107056
    },
    {
      "name": "dark",
      "confidence": 0.596526563167572
    }
  ],
  "description": {
    "tags": [
      "person",
      "dark",
      "staring"
    ],
    "captions": [
      {
        "text": "a man with his mouth open",
        "confidence": 0.5259217023849487
      }
    ]
  },
  "faces": [],
  "objects": [
    {
      "rectangle": {
        "x": 124,
        "y": 19,
        "w": 826,
        "h": 701
      },
      "object": "person",
      "confidence": 0.783
    }
  ],
  "brands": [],
  "requestId": "afbb97c8-b57e-415e-bc3c-4dc22f70a0d0",
  "metadata": {
    "width": 1280,
    "height": 720,
    "format": "Png"
  },
  "modelVersion": "2021-05-01"
}