{
  "categories": [
    {
      "name": "abstract_",
      "score": 0.00390625
    },
    {
      "name": "others_",
      "score": 0.0078125
    }
  ],
  "adult": {
    "isAdultContent": false,
    "isRacyContent": false,
    "isGoryContent": false,
    "adultScore": 0.09751386195421219,
    "racyScore": 0.1115531250834465,
    "goreScore": 0.020679209381341934
  },
  "color": {
    "dominantColorForeground": "Black",
    "dominantColorBackground": "Black",
    "dominantColors": [
      "Black",
      "Brown"
    ],
    "accentColor": "281F06",
    "isBWImg": false
  },
  "imageType": {
    "clipArtType": 0,
    "lineDrawingType": 0
  },
  "tags": [
    {
      "name": "indoor",
      "confidence": 0.9649382829666138
    },
    {
      "name": "photograph",
      "confidence": 0.9037798643112183
    },
    {
      "name": "person",
      "confidence": 0.8911185264587402
    },
    {
      "name": "wall",
      "confidence": 0.8471313714981079
    },
    {
      "name": "curtain",
      "confidence": 0.6951489448547363
    },
    {
      "name": "room",
      "confidence": 0.6812620759010315
    },
    {
      "name": "woman",
      "confidence": 0.6451402902603149
    }
  ],
  "description": {
    "tags": [
      "indoor",
      "dark",
      "fireplace"
    ],
    "captions": [
      {
        "text": "a man and woman dancing",
        "confidence": 0.3301656246185303
      }
    ]
  },
  "faces": [],
  "objects": [
    {
      "rectangle": {
        "x": 795,
        "y": 297,
        "w": 195,
        "h": 404
      },
      "object": "academic gown",
      "confidence": 0.721,
      "parent": {
        "object": "dress",
        "confidence": 0.721
      }
    }
  ],
  "brands": [],
  "requestId": "67036218-f77c-4cd2-b420-513b8dca52c7",
  "metadata": {
    "width": 1280,
    "height": 720,
    "format": "Png"
  },
  "modelVersion": "2021-05-01"
}