{
  "categories": [
    {
      "name": "people_portrait",
      "score": 0.8984375,
      "detail": {
        "celebrities": [
          {
            "name": "Chris Lowe",
            "confidence": 0.7434337735176086,
            "faceRectangle": {
              "left": 396,
              "top": 24,
              "width": 643,
              "height": 643
            }
          }
        ]
      }
    }
  ],
  "adult": {
    "isAdultContent": false,
    "isRacyContent": false,
    "isGoryContent": false,
    "adultScore": 0.024818357080221176,
    "racyScore": 0.02582813799381256,
    "goreScore": 0.020075486972928047
  },
  "color": {
    "dominantColorForeground": "Black",
    "dominantColorBackground": "Black",
    "dominantColors": [
      "Black"
    ],
    "accentColor": "3E548D",
    "isBWImg": false
  },
  "imageType": {
    "clipArtType": 0,
    "lineDrawingType": 0
  },
  "tags": [
    {
      "name": "human face",
      "confidence": 0.9934110641479492
    },
    {
      "name": "person",
      "confidence": 0.9757902026176453
    },
    {
      "name": "eyebrow",
      "confidence": 0.9381234645843506
    },
    {
      "name": "portrait",
      "confidence": 0.9378695487976074
    },
    {
      "name": "jaw",
      "confidence": 0.9272830486297607
    },
    {
      "name": "man",
      "confidence": 0.9214521050453186
    },
    {
      "name": "chin",
      "confidence": 0.9056506156921387
    },
    {
      "name": "lip",
      "confidence": 0.8986153602600098
    },
    {
      "name": "cheek",
      "confidence": 0.8968027830123901
    },
    {
      "name": "human",
      "confidence": 0.892367422580719
    },
    {
      "name": "forehead",
      "confidence": 0.887755274772644
    },
    {
      "name": "portrait photography",
      "confidence": 0.8476177453994751
    },
    {
      "name": "skin",
      "confidence": 0.8403363227844238
    },
    {
      "name": "dark",
      "confidence": 0.6379270553588867
    },
    {
      "name": "wearing",
      "confidence": 0.5840599536895752
    },
    {
      "name": "hat",
      "confidence": 0.538199245929718
    },
    {
      "name": "face",
      "confidence": 0.5144714117050171
    },
    {
      "name": "eyes",
      "confidence": 0.40254199504852295
    }
  ],
  "description": {
    "tags": [
      "person",
      "indoor",
      "wearing"
    ],
    "captions": [
      {
        "text": "Chris Lowe with a distorted face",
        "confidence": 0.3295280337333679
      }
    ]
  },
  "faces": [
    {
      "age": 35,
      "gender": "Male",
      "faceRectangle": {
        "left": 397,
        "top": 25,
        "width": 644,
        "height": 644
      }
    }
  ],
  "objects": [
    {
      "rectangle": {
        "x": 259,
        "y": 5,
        "w": 833,
        "h": 715
      },
      "object": "person",
      "confidence": 0.851
    }
  ],
  "brands": [],
  "requestId": "45a18f1f-80c7-4e0b-8ea4-36f0777a9e67",
  "metadata": {
    "width": 1280,
    "height": 720,
    "format": "Png"
  },
  "modelVersion": "2021-05-01"
}