{
  "categories": [
    {
      "name": "others_",
      "score": 0.0078125
    },
    {
      "name": "people_",
      "score": 0.4921875
    }
  ],
  "adult": {
    "isAdultContent": false,
    "isRacyContent": false,
    "isGoryContent": false,
    "adultScore": 0.007162472698837519,
    "racyScore": 0.008730268105864525,
    "goreScore": 0.000763523974455893
  },
  "color": {
    "dominantColorForeground": "Black",
    "dominantColorBackground": "Black",
    "dominantColors": [
      "Black"
    ],
    "accentColor": "155FB6",
    "isBWImg": false
  },
  "imageType": {
    "clipArtType": 0,
    "lineDrawingType": 0
  },
  "tags": [
    {
      "name": "human face",
      "confidence": 0.9939990639686584
    },
    {
      "name": "person",
      "confidence": 0.9755522012710571
    },
    {
      "name": "clothing",
      "confidence": 0.9739557504653931
    },
    {
      "name": "man",
      "confidence": 0.9211211204528809
    },
    {
      "name": "indoor",
      "confidence": 0.7352752685546875
    }
  ],
  "description": {
    "tags": [
      "man",
      "person",
      "indoor"
    ],
    "captions": [
      {
        "text": "a man and a woman in a car",
        "confidence": 0.3619152009487152
      }
    ]
  },
  "faces": [],
  "objects": [
    {
      "rectangle": {
        "x": 790,
        "y": 161,
        "w": 177,
        "h": 56
      },
      "object": "Glasses",
      "confidence": 0.517,
      "parent": {
        "object": "Personal care",
        "confidence": 0.518
      }
    },
    {
      "rectangle": {
        "x": 202,
        "y": 41,
        "w": 400,
        "h": 537
      },
      "object": "person",
      "confidence": 0.789
    },
    {
      "rectangle": {
        "x": 698,
        "y": 29,
        "w": 433,
        "h": 624
      },
      "object": "person",
      "confidence": 0.813
    }
  ],
  "brands": [],
  "requestId": "098e3a8f-7506-4cfa-ad96-0cef3038aa26",
  "metadata": {
    "width": 1280,
    "height": 720,
    "format": "Png"
  },
  "modelVersion": "2021-05-01"
}