{
  "categories": [
    {
      "name": "abstract_",
      "score": 0.0078125
    },
    {
      "name": "dark_",
      "score": 0.640625
    },
    {
      "name": "others_",
      "score": 0.00390625
    }
  ],
  "adult": {
    "isAdultContent": false,
    "isRacyContent": false,
    "isGoryContent": false,
    "adultScore": 0.04436061531305313,
    "racyScore": 0.09787567704916,
    "goreScore": 0.0019647113513201475
  },
  "color": {
    "dominantColorForeground": "Black",
    "dominantColorBackground": "Black",
    "dominantColors": [
      "Black"
    ],
    "accentColor": "0B0C01",
    "isBWImg": false
  },
  "imageType": {
    "clipArtType": 0,
    "lineDrawingType": 0
  },
  "tags": [
    {
      "name": "black",
      "confidence": 0.9459171295166016
    },
    {
      "name": "darkness",
      "confidence": 0.9204860925674438
    },
    {
      "name": "screenshot",
      "confidence": 0.9047634601593018
    },
    {
      "name": "photograph",
      "confidence": 0.8504641056060791
    },
    {
      "name": "dark",
      "confidence": 0.6219295859336853
    }
  ],
  "description": {
    "tags": [
      "dark",
      "night sky"
    ],
    "captions": [
      {
        "text": "a person in a dark room",
        "confidence": 0.4039284884929657
      }
    ]
  },
  "faces": [],
  "objects": [],
  "brands": [],
  "requestId": "b5fc675d-12c8-4e33-86bb-69d452f1533d",
  "metadata": {
    "width": 1280,
    "height": 720,
    "format": "Png"
  },
  "modelVersion": "2021-05-01"
}