{
  "categories": [
    {
      "name": "others_",
      "score": 0.0078125
    },
    {
      "name": "people_",
      "score": 0.4609375,
      "detail": {
        "celebrities": []
      }
    }
  ],
  "adult": {
    "isAdultContent": false,
    "isRacyContent": false,
    "isGoryContent": false,
    "adultScore": 0.004735896829515696,
    "racyScore": 0.006069835275411606,
    "goreScore": 0.00033943256130442023
  },
  "color": {
    "dominantColorForeground": "Black",
    "dominantColorBackground": "Black",
    "dominantColors": [
      "Black"
    ],
    "accentColor": "1C5BAF",
    "isBWImg": false
  },
  "imageType": {
    "clipArtType": 0,
    "lineDrawingType": 0
  },
  "tags": [
    {
      "name": "human face",
      "confidence": 0.9925283193588257
    },
    {
      "name": "clothing",
      "confidence": 0.9712806940078735
    },
    {
      "name": "person",
      "confidence": 0.9712487459182739
    },
    {
      "name": "man",
      "confidence": 0.9078049659729004
    },
    {
      "name": "screenshot",
      "confidence": 0.8759324550628662
    },
    {
      "name": "indoor",
      "confidence": 0.7622241377830505
    }
  ],
  "description": {
    "tags": [
      "person",
      "indoor",
      "man"
    ],
    "captions": [
      {
        "text": "a man in a suit",
        "confidence": 0.30305641889572144
      }
    ]
  },
  "faces": [
    {
      "age": 35,
      "gender": "Male",
      "faceRectangle": {
        "left": 848,
        "top": 121,
        "width": 169,
        "height": 169
      }
    }
  ],
  "objects": [
    {
      "rectangle": {
        "x": 210,
        "y": 37,
        "w": 257,
        "h": 356
      },
      "object": "person",
      "confidence": 0.548
    },
    {
      "rectangle": {
        "x": 139,
        "y": 24,
        "w": 390,
        "h": 561
      },
      "object": "person",
      "confidence": 0.64
    },
    {
      "rectangle": {
        "x": 718,
        "y": 26,
        "w": 393,
        "h": 633
      },
      "object": "person",
      "confidence": 0.804
    }
  ],
  "brands": [],
  "requestId": "aa2ef927-cfb5-42ad-b2d6-23190838e327",
  "metadata": {
    "width": 1280,
    "height": 720,
    "format": "Png"
  },
  "modelVersion": "2021-05-01"
}