{
  "categories": [
    {
      "name": "others_",
      "score": 0.0078125
    },
    {
      "name": "people_",
      "score": 0.44921875
    }
  ],
  "adult": {
    "isAdultContent": false,
    "isRacyContent": false,
    "isGoryContent": false,
    "adultScore": 0.5445466637611389,
    "racyScore": 0.6272430419921875,
    "goreScore": 0.019111789762973785
  },
  "color": {
    "dominantColorForeground": "Black",
    "dominantColorBackground": "Black",
    "dominantColors": [
      "Black",
      "Brown"
    ],
    "accentColor": "281F08",
    "isBWImg": false
  },
  "imageType": {
    "clipArtType": 0,
    "lineDrawingType": 0
  },
  "tags": [
    {
      "name": "photograph",
      "confidence": 0.9399046897888184
    },
    {
      "name": "person",
      "confidence": 0.9291490316390991
    },
    {
      "name": "clothing",
      "confidence": 0.8799890875816345
    },
    {
      "name": "black",
      "confidence": 0.8799043297767639
    },
    {
      "name": "human face",
      "confidence": 0.8774721026420593
    },
    {
      "name": "indoor",
      "confidence": 0.8597896099090576
    },
    {
      "name": "snapshot",
      "confidence": 0.8530517816543579
    },
    {
      "name": "darkness",
      "confidence": 0.8426679968833923
    },
    {
      "name": "wall",
      "confidence": 0.7985345125198364
    },
    {
      "name": "woman",
      "confidence": 0.7485238313674927
    }
  ],
  "description": {
    "tags": [
      "indoor",
      "dark",
      "staring"
    ],
    "captions": [
      {
        "text": "a man and woman in a dark room",
        "confidence": 0.4447394013404846
      }
    ]
  },
  "faces": [],
  "objects": [
    {
      "rectangle": {
        "x": 302,
        "y": 177,
        "w": 166,
        "h": 228
      },
      "object": "person",
      "confidence": 0.534
    }
  ],
  "brands": [],
  "requestId": "2b473f7a-ba6a-43b7-bea6-44092f5443ba",
  "metadata": {
    "width": 1280,
    "height": 720,
    "format": "Png"
  },
  "modelVersion": "2021-05-01"
}