{
  "categories": [
    {
      "name": "others_",
      "score": 0.00390625
    },
    {
      "name": "people_",
      "score": 0.39453125
    }
  ],
  "adult": {
    "isAdultContent": false,
    "isRacyContent": false,
    "isGoryContent": false,
    "adultScore": 0.006996893789619207,
    "racyScore": 0.008531913161277771,
    "goreScore": 0.0005746021633967757
  },
  "color": {
    "dominantColorForeground": "Black",
    "dominantColorBackground": "Black",
    "dominantColors": [
      "Black"
    ],
    "accentColor": "1D5CAE",
    "isBWImg": false
  },
  "imageType": {
    "clipArtType": 1,
    "lineDrawingType": 0
  },
  "tags": [
    {
      "name": "human face",
      "confidence": 0.9964303970336914
    },
    {
      "name": "clothing",
      "confidence": 0.9867745637893677
    },
    {
      "name": "person",
      "confidence": 0.975247859954834
    },
    {
      "name": "man",
      "confidence": 0.9166733026504517
    },
    {
      "name": "screenshot",
      "confidence": 0.9157811403274536
    },
    {
      "name": "gentleman",
      "confidence": 0.8809534311294556
    },
    {
      "name": "darkness",
      "confidence": 0.8681720495223999
    },
    {
      "name": "dark",
      "confidence": 0.5722673535346985
    },
    {
      "name": "wearing",
      "confidence": 0.5554946660995483
    },
    {
      "name": "indoor",
      "confidence": 0.5497446060180664
    }
  ],
  "description": {
    "tags": [
      "person",
      "man"
    ],
    "captions": [
      {
        "text": "a man in a suit",
        "confidence": 0.2758415937423706
      }
    ]
  },
  "faces": [],
  "objects": [
    {
      "rectangle": {
        "x": 179,
        "y": 59,
        "w": 429,
        "h": 568
      },
      "object": "person",
      "confidence": 0.72
    },
    {
      "rectangle": {
        "x": 699,
        "y": 81,
        "w": 422,
        "h": 572
      },
      "object": "person",
      "confidence": 0.847
    }
  ],
  "brands": [],
  "requestId": "dce02711-1d7d-4b41-8493-9e9ce699b67f",
  "metadata": {
    "width": 1280,
    "height": 720,
    "format": "Png"
  },
  "modelVersion": "2021-05-01"
}