{
  "categories": [
    {
      "name": "others_",
      "score": 0.0078125
    },
    {
      "name": "people_",
      "score": 0.40234375
    }
  ],
  "adult": {
    "isAdultContent": false,
    "isRacyContent": false,
    "isGoryContent": false,
    "adultScore": 0.012242446653544903,
    "racyScore": 0.014409123919904232,
    "goreScore": 0.000789992802310735
  },
  "color": {
    "dominantColorForeground": "Black",
    "dominantColorBackground": "Black",
    "dominantColors": [
      "Black"
    ],
    "accentColor": "3F5C8C",
    "isBWImg": false
  },
  "imageType": {
    "clipArtType": 0,
    "lineDrawingType": 0
  },
  "tags": [
    {
      "name": "human face",
      "confidence": 0.9954038858413696
    },
    {
      "name": "clothing",
      "confidence": 0.9812953472137451
    },
    {
      "name": "person",
      "confidence": 0.9773730039596558
    },
    {
      "name": "screenshot",
      "confidence": 0.9352750778198242
    },
    {
      "name": "man",
      "confidence": 0.908896803855896
    },
    {
      "name": "darkness",
      "confidence": 0.8916800618171692
    },
    {
      "name": "black",
      "confidence": 0.8828895092010498
    },
    {
      "name": "human",
      "confidence": 0.8594832420349121
    },
    {
      "name": "gentleman",
      "confidence": 0.8488330245018005
    },
    {
      "name": "dark",
      "confidence": 0.6157737374305725
    },
    {
      "name": "indoor",
      "confidence": 0.6071360111236572
    }
  ],
  "description": {
    "tags": [
      "person",
      "man",
      "indoor",
      "dark"
    ],
    "captions": [
      {
        "text": "a group of men in a dark room",
        "confidence": 0.46467557549476624
      }
    ]
  },
  "faces": [],
  "objects": [
    {
      "rectangle": {
        "x": 211,
        "y": 42,
        "w": 239,
        "h": 341
      },
      "object": "person",
      "confidence": 0.535
    },
    {
      "rectangle": {
        "x": 413,
        "y": 42,
        "w": 375,
        "h": 529
      },
      "object": "person",
      "confidence": 0.765
    },
    {
      "rectangle": {
        "x": 700,
        "y": 74,
        "w": 409,
        "h": 572
      },
      "object": "person",
      "confidence": 0.817
    }
  ],
  "brands": [],
  "requestId": "30311580-5ab2-4278-a828-d08b6bb0d6af",
  "metadata": {
    "width": 1280,
    "height": 720,
    "format": "Png"
  },
  "modelVersion": "2021-05-01"
}