{
  "categories": [
    {
      "name": "others_",
      "score": 0.00390625
    },
    {
      "name": "people_",
      "score": 0.515625
    }
  ],
  "adult": {
    "isAdultContent": false,
    "isRacyContent": false,
    "isGoryContent": false,
    "adultScore": 0.003916694782674313,
    "racyScore": 0.00584853021427989,
    "goreScore": 0.00039608002407476306
  },
  "color": {
    "dominantColorForeground": "Black",
    "dominantColorBackground": "Black",
    "dominantColors": [
      "Black"
    ],
    "accentColor": "365D95",
    "isBWImg": false
  },
  "imageType": {
    "clipArtType": 0,
    "lineDrawingType": 0
  },
  "tags": [
    {
      "name": "human face",
      "confidence": 0.9884817600250244
    },
    {
      "name": "clothing",
      "confidence": 0.9635310769081116
    },
    {
      "name": "person",
      "confidence": 0.9352698922157288
    },
    {
      "name": "man",
      "confidence": 0.8827559947967529
    },
    {
      "name": "gentleman",
      "confidence": 0.8819917440414429
    },
    {
      "name": "screenshot",
      "confidence": 0.8665337562561035
    },
    {
      "name": "darkness",
      "confidence": 0.8579814434051514
    },
    {
      "name": "black",
      "confidence": 0.8513911366462708
    },
    {
      "name": "dark",
      "confidence": 0.5916104316711426
    },
    {
      "name": "indoor",
      "confidence": 0.5593352317810059
    }
  ],
  "description": {
    "tags": [
      "person",
      "indoor",
      "dark"
    ],
    "captions": [
      {
        "text": "a group of men in a dark room",
        "confidence": 0.46954649686813354
      }
    ]
  },
  "faces": [],
  "objects": [
    {
      "rectangle": {
        "x": 193,
        "y": 37,
        "w": 394,
        "h": 543
      },
      "object": "person",
      "confidence": 0.684
    },
    {
      "rectangle": {
        "x": 472,
        "y": 33,
        "w": 357,
        "h": 555
      },
      "object": "person",
      "confidence": 0.613
    },
    {
      "rectangle": {
        "x": 704,
        "y": 61,
        "w": 407,
        "h": 579
      },
      "object": "person",
      "confidence": 0.844
    }
  ],
  "brands": [],
  "requestId": "4a5d8939-9b45-42b2-9a99-194da72acc25",
  "metadata": {
    "width": 1280,
    "height": 720,
    "format": "Png"
  },
  "modelVersion": "2021-05-01"
}