{
  "categories": [
    {
      "name": "others_",
      "score": 0.00390625
    }
  ],
  "adult": {
    "isAdultContent": false,
    "isRacyContent": false,
    "isGoryContent": false,
    "adultScore": 0.009398608468472958,
    "racyScore": 0.012322640046477318,
    "goreScore": 0.0016890645492821932
  },
  "color": {
    "dominantColorForeground": "Grey",
    "dominantColorBackground": "Grey",
    "dominantColors": [
      "Grey"
    ],
    "accentColor": "5B5141",
    "isBWImg": false
  },
  "imageType": {
    "clipArtType": 0,
    "lineDrawingType": 0
  },
  "tags": [
    {
      "name": "zebra",
      "confidence": 0.9971332550048828
    },
    {
      "name": "outdoor",
      "confidence": 0.9522154331207275
    },
    {
      "name": "animal",
      "confidence": 0.9288167953491211
    },
    {
      "name": "person",
      "confidence": 0.910605788230896
    },
    {
      "name": "mammal",
      "confidence": 0.9062954783439636
    },
    {
      "name": "clothing",
      "confidence": 0.8713602423667908
    },
    {
      "name": "standing",
      "confidence": 0.7668763995170593
    },
    {
      "name": "people",
      "confidence": 0.6025864481925964
    }
  ],
  "description": {
    "tags": [
      "animal",
      "person",
      "mammal"
    ],
    "captions": [
      {
        "text": "a zebra being held by a person",
        "confidence": 0.3723236918449402
      }
    ]
  },
  "faces": [],
  "objects": [
    {
      "rectangle": {
        "x": 243,
        "y": 19,
        "w": 421,
        "h": 682
      },
      "object": "person",
      "confidence": 0.705
    },
    {
      "rectangle": {
        "x": 538,
        "y": 47,
        "w": 374,
        "h": 639
      },
      "object": "zebra",
      "confidence": 0.693,
      "parent": {
        "object": "mammal",
        "confidence": 0.778,
        "parent": {
          "object": "animal",
          "confidence": 0.784
        }
      }
    },
    {
      "rectangle": {
        "x": 840,
        "y": 54,
        "w": 433,
        "h": 634
      },
      "object": "person",
      "confidence": 0.63
    }
  ],
  "brands": [],
  "requestId": "f34275aa-d7ce-4887-bd3e-209fa1a5d029",
  "metadata": {
    "width": 1280,
    "height": 720,
    "format": "Png"
  },
  "modelVersion": "2021-05-01"
}