{
  "categories": [
    {
      "name": "others_",
      "score": 0.01953125
    },
    {
      "name": "people_",
      "score": 0.3984375
    }
  ],
  "adult": {
    "isAdultContent": false,
    "isRacyContent": false,
    "isGoryContent": false,
    "adultScore": 0.009132695384323597,
    "racyScore": 0.01067221350967884,
    "goreScore": 0.0008006149437278509
  },
  "color": {
    "dominantColorForeground": "Black",
    "dominantColorBackground": "Black",
    "dominantColors": [
      "Black"
    ],
    "accentColor": "223D6C",
    "isBWImg": false
  },
  "imageType": {
    "clipArtType": 0,
    "lineDrawingType": 0
  },
  "tags": [
    {
      "name": "clothing",
      "confidence": 0.986875593662262
    },
    {
      "name": "person",
      "confidence": 0.9861565828323364
    },
    {
      "name": "human face",
      "confidence": 0.9832042455673218
    },
    {
      "name": "man",
      "confidence": 0.9526415467262268
    },
    {
      "name": "gentleman",
      "confidence": 0.8656190633773804
    },
    {
      "name": "darkness",
      "confidence": 0.8625987768173218
    },
    {
      "name": "indoor",
      "confidence": 0.7037683129310608
    }
  ],
  "description": {
    "tags": [
      "person",
      "indoor",
      "dark"
    ],
    "captions": [
      {
        "text": "a person holding a gun",
        "confidence": 0.3920893371105194
      }
    ]
  },
  "faces": [],
  "objects": [
    {
      "rectangle": {
        "x": 193,
        "y": 55,
        "w": 509,
        "h": 571
      },
      "object": "person",
      "confidence": 0.685
    },
    {
      "rectangle": {
        "x": 743,
        "y": 68,
        "w": 416,
        "h": 572
      },
      "object": "person",
      "confidence": 0.764
    }
  ],
  "brands": [],
  "requestId": "f01dec53-0778-4dcc-8de2-c1fc91285d4a",
  "metadata": {
    "width": 1280,
    "height": 720,
    "format": "Png"
  },
  "modelVersion": "2021-05-01"
}