{
  "categories": [
    {
      "name": "others_",
      "score": 0.0078125
    },
    {
      "name": "people_",
      "score": 0.40625
    }
  ],
  "adult": {
    "isAdultContent": false,
    "isRacyContent": false,
    "isGoryContent": false,
    "adultScore": 0.009714153595268726,
    "racyScore": 0.01134422142058611,
    "goreScore": 0.0008775026653893292
  },
  "color": {
    "dominantColorForeground": "Black",
    "dominantColorBackground": "Black",
    "dominantColors": [
      "Black"
    ],
    "accentColor": "395D92",
    "isBWImg": false
  },
  "imageType": {
    "clipArtType": 0,
    "lineDrawingType": 0
  },
  "tags": [
    {
      "name": "human face",
      "confidence": 0.9949613809585571
    },
    {
      "name": "clothing",
      "confidence": 0.983436107635498
    },
    {
      "name": "person",
      "confidence": 0.9644008874893188
    },
    {
      "name": "man",
      "confidence": 0.9470639228820801
    },
    {
      "name": "screenshot",
      "confidence": 0.9123237133026123
    },
    {
      "name": "gentleman",
      "confidence": 0.892602264881134
    },
    {
      "name": "darkness",
      "confidence": 0.881307065486908
    },
    {
      "name": "music",
      "confidence": 0.6269067525863647
    },
    {
      "name": "dark",
      "confidence": 0.6105247735977173
    },
    {
      "name": "indoor",
      "confidence": 0.5367834568023682
    },
    {
      "name": "band",
      "confidence": 0.5255871415138245
    },
    {
      "name": "musician",
      "confidence": 0.46168380975723267
    }
  ],
  "description": {
    "tags": [
      "person",
      "man",
      "indoor"
    ],
    "captions": [
      {
        "text": "a group of men in a room",
        "confidence": 0.4311688244342804
      }
    ]
  },
  "faces": [],
  "objects": [
    {
      "rectangle": {
        "x": 216,
        "y": 45,
        "w": 248,
        "h": 329
      },
      "object": "person",
      "confidence": 0.528
    },
    {
      "rectangle": {
        "x": 183,
        "y": 37,
        "w": 390,
        "h": 543
      },
      "object": "person",
      "confidence": 0.559
    },
    {
      "rectangle": {
        "x": 426,
        "y": 56,
        "w": 375,
        "h": 579
      },
      "object": "person",
      "confidence": 0.738
    },
    {
      "rectangle": {
        "x": 702,
        "y": 92,
        "w": 402,
        "h": 545
      },
      "object": "person",
      "confidence": 0.849
    }
  ],
  "brands": [],
  "requestId": "5e49ee3e-dcf5-4be5-a993-e2f07d55ee66",
  "metadata": {
    "width": 1280,
    "height": 720,
    "format": "Png"
  },
  "modelVersion": "2021-05-01"
}