{
  "categories": [
    {
      "name": "others_",
      "score": 0.00390625
    },
    {
      "name": "people_",
      "score": 0.61328125
    }
  ],
  "adult": {
    "isAdultContent": false,
    "isRacyContent": false,
    "isGoryContent": false,
    "adultScore": 0.008105449378490448,
    "racyScore": 0.009623974561691284,
    "goreScore": 0.0006839559646323323
  },
  "color": {
    "dominantColorForeground": "Black",
    "dominantColorBackground": "Black",
    "dominantColors": [
      "Black"
    ],
    "accentColor": "294775",
    "isBWImg": false
  },
  "imageType": {
    "clipArtType": 1,
    "lineDrawingType": 0
  },
  "tags": [
    {
      "name": "human face",
      "confidence": 0.9916026592254639
    },
    {
      "name": "clothing",
      "confidence": 0.9851487278938293
    },
    {
      "name": "person",
      "confidence": 0.9643449783325195
    },
    {
      "name": "man",
      "confidence": 0.9227012991905212
    },
    {
      "name": "gentleman",
      "confidence": 0.9160193204879761
    },
    {
      "name": "screenshot",
      "confidence": 0.8455075621604919
    },
    {
      "name": "wearing",
      "confidence": 0.64690762758255
    },
    {
      "name": "dark",
      "confidence": 0.567173957824707
    }
  ],
  "description": {
    "tags": [
      "man",
      "person",
      "dark"
    ],
    "captions": [
      {
        "text": "a man in a garment",
        "confidence": 0.3113614320755005
      }
    ]
  },
  "faces": [],
  "objects": [
    {
      "rectangle": {
        "x": 445,
        "y": 33,
        "w": 364,
        "h": 557
      },
      "object": "person",
      "confidence": 0.738
    },
    {
      "rectangle": {
        "x": 180,
        "y": 71,
        "w": 421,
        "h": 545
      },
      "object": "person",
      "confidence": 0.585
    },
    {
      "rectangle": {
        "x": 699,
        "y": 85,
        "w": 403,
        "h": 562
      },
      "object": "person",
      "confidence": 0.833
    }
  ],
  "brands": [],
  "requestId": "be59d756-f97c-4f57-a96f-782a7c2cb07d",
  "metadata": {
    "width": 1280,
    "height": 720,
    "format": "Png"
  },
  "modelVersion": "2021-05-01"
}