{
  "categories": [
    {
      "name": "abstract_",
      "score": 0.00390625
    },
    {
      "name": "others_",
      "score": 0.015625
    }
  ],
  "adult": {
    "isAdultContent": false,
    "isRacyContent": false,
    "isGoryContent": false,
    "adultScore": 0.24815161526203156,
    "racyScore": 0.3170836865901947,
    "goreScore": 0.02055242843925953
  },
  "color": {
    "dominantColorForeground": "Brown",
    "dominantColorBackground": "Black",
    "dominantColors": [
      "Black",
      "Brown"
    ],
    "accentColor": "2A1F06",
    "isBWImg": false
  },
  "imageType": {
    "clipArtType": 0,
    "lineDrawingType": 0
  },
  "tags": [
    {
      "name": "indoor",
      "confidence": 0.974797785282135
    },
    {
      "name": "person",
      "confidence": 0.9341748952865601
    },
    {
      "name": "photograph",
      "confidence": 0.9039786458015442
    },
    {
      "name": "clothing",
      "confidence": 0.8742624521255493
    },
    {
      "name": "wall",
      "confidence": 0.8720920085906982
    },
    {
      "name": "room",
      "confidence": 0.7050736546516418
    },
    {
      "name": "curtain",
      "confidence": 0.6863371729850769
    },
    {
      "name": "black and white",
      "confidence": 0.6473860740661621
    },
    {
      "name": "woman",
      "confidence": 0.5482393503189087
    }
  ],
  "description": {
    "tags": [
      "indoor",
      "dark"
    ],
    "captions": [
      {
        "text": "a man holding a gun",
        "confidence": 0.3753168284893036
      }
    ]
  },
  "faces": [],
  "objects": [
    {
      "rectangle": {
        "x": 613,
        "y": 188,
        "w": 222,
        "h": 529
      },
      "object": "person",
      "confidence": 0.73
    }
  ],
  "brands": [],
  "requestId": "a6af1ebe-b3bc-4ebe-852c-c7c6e42ae722",
  "metadata": {
    "width": 1280,
    "height": 720,
    "format": "Png"
  },
  "modelVersion": "2021-05-01"
}