{
  "categories": [
    {
      "name": "others_",
      "score": 0.00390625
    },
    {
      "name": "outdoor_",
      "score": 0.00390625,
      "detail": {
        "landmarks": []
      }
    }
  ],
  "adult": {
    "isAdultContent": false,
    "isRacyContent": false,
    "isGoryContent": false,
    "adultScore": 0.004807868041098118,
    "racyScore": 0.008821103721857071,
    "goreScore": 0.0009649979183450341
  },
  "color": {
    "dominantColorForeground": "White",
    "dominantColorBackground": "Black",
    "dominantColors": [
      "White",
      "Black",
      "Grey"
    ],
    "accentColor": "41678A",
    "isBWImg": false
  },
  "imageType": {
    "clipArtType": 0,
    "lineDrawingType": 0
  },
  "tags": [
    {
      "name": "outdoor",
      "confidence": 0.9945170879364014
    },
    {
      "name": "sky",
      "confidence": 0.9660104513168335
    },
    {
      "name": "blurry",
      "confidence": 0.9444097280502319
    },
    {
      "name": "hiking",
      "confidence": 0.9433938264846802
    },
    {
      "name": "person",
      "confidence": 0.8681665658950806
    },
    {
      "name": "trail",
      "confidence": 0.8518862724304199
    },
    {
      "name": "riding",
      "confidence": 0.8446412682533264
    },
    {
      "name": "path",
      "confidence": 0.6849494576454163
    },
    {
      "name": "ground",
      "confidence": 0.5458235144615173
    }
  ],
  "description": {
    "tags": [
      "sky",
      "outdoor"
    ],
    "captions": [
      {
        "text": "a person walking on a path",
        "confidence": 0.44432759284973145
      }
    ]
  },
  "faces": [],
  "objects": [
    {
      "rectangle": {
        "x": 510,
        "y": 185,
        "w": 146,
        "h": 325
      },
      "object": "person",
      "confidence": 0.742
    }
  ],
  "brands": [],
  "requestId": "4f639ae5-7f05-4d1b-82df-0b09fc8123a6",
  "metadata": {
    "width": 1280,
    "height": 720,
    "format": "Png"
  },
  "modelVersion": "2021-05-01"
}