{
  "categories": [
    {
      "name": "others_",
      "score": 0.00390625
    },
    {
      "name": "people_",
      "score": 0.45703125
    }
  ],
  "adult": {
    "isAdultContent": false,
    "isRacyContent": false,
    "isGoryContent": false,
    "adultScore": 0.005839605815708637,
    "racyScore": 0.007966270670294762,
    "goreScore": 0.0004692816291935742
  },
  "color": {
    "dominantColorForeground": "Black",
    "dominantColorBackground": "Black",
    "dominantColors": [
      "Black"
    ],
    "accentColor": "3E5B8D",
    "isBWImg": false
  },
  "imageType": {
    "clipArtType": 0,
    "lineDrawingType": 0
  },
  "tags": [
    {
      "name": "human face",
      "confidence": 0.9946314096450806
    },
    {
      "name": "clothing",
      "confidence": 0.9872020483016968
    },
    {
      "name": "person",
      "confidence": 0.9791890382766724
    },
    {
      "name": "screenshot",
      "confidence": 0.9151970744132996
    },
    {
      "name": "man",
      "confidence": 0.9145623445510864
    },
    {
      "name": "darkness",
      "confidence": 0.8950925469398499
    },
    {
      "name": "black",
      "confidence": 0.8902233839035034
    },
    {
      "name": "gentleman",
      "confidence": 0.8713546395301819
    },
    {
      "name": "dark",
      "confidence": 0.6055372953414917
    },
    {
      "name": "indoor",
      "confidence": 0.5614275336265564
    }
  ],
  "description": {
    "tags": [
      "person",
      "man",
      "indoor",
      "music",
      "dark",
      "staring"
    ],
    "captions": [
      {
        "text": "a man in a suit",
        "confidence": 0.2840108275413513
      }
    ]
  },
  "faces": [],
  "objects": [
    {
      "rectangle": {
        "x": 189,
        "y": 42,
        "w": 400,
        "h": 536
      },
      "object": "person",
      "confidence": 0.688
    },
    {
      "rectangle": {
        "x": 687,
        "y": 86,
        "w": 413,
        "h": 559
      },
      "object": "person",
      "confidence": 0.825
    }
  ],
  "brands": [],
  "requestId": "1a7e0da4-4494-49c8-a915-3630a41e05ba",
  "metadata": {
    "width": 1280,
    "height": 720,
    "format": "Png"
  },
  "modelVersion": "2021-05-01"
}