{
  "categories": [
    {
      "name": "others_",
      "score": 0.01171875
    },
    {
      "name": "people_",
      "score": 0.4453125,
      "detail": {
        "celebrities": []
      }
    }
  ],
  "adult": {
    "isAdultContent": false,
    "isRacyContent": false,
    "isGoryContent": false,
    "adultScore": 0.007087865378707647,
    "racyScore": 0.009244309738278389,
    "goreScore": 0.0006043115863576531
  },
  "color": {
    "dominantColorForeground": "Black",
    "dominantColorBackground": "Black",
    "dominantColors": [
      "Black"
    ],
    "accentColor": "1958B2",
    "isBWImg": false
  },
  "imageType": {
    "clipArtType": 0,
    "lineDrawingType": 0
  },
  "tags": [
    {
      "name": "human face",
      "confidence": 0.9945914149284363
    },
    {
      "name": "clothing",
      "confidence": 0.9855862259864807
    },
    {
      "name": "person",
      "confidence": 0.9773213863372803
    },
    {
      "name": "screenshot",
      "confidence": 0.898589015007019
    },
    {
      "name": "man",
      "confidence": 0.8729531168937683
    },
    {
      "name": "indoor",
      "confidence": 0.8232990503311157
    }
  ],
  "description": {
    "tags": [
      "person",
      "man",
      "indoor"
    ],
    "captions": [
      {
        "text": "a group of men in a room",
        "confidence": 0.4257427752017975
      }
    ]
  },
  "faces": [
    {
      "age": 17,
      "gender": "Male",
      "faceRectangle": {
        "left": 869,
        "top": 97,
        "width": 170,
        "height": 170
      }
    }
  ],
  "objects": [
    {
      "rectangle": {
        "x": 192,
        "y": 32,
        "w": 387,
        "h": 551
      },
      "object": "person",
      "confidence": 0.702
    },
    {
      "rectangle": {
        "x": 708,
        "y": 34,
        "w": 403,
        "h": 613
      },
      "object": "person",
      "confidence": 0.801
    }
  ],
  "brands": [],
  "requestId": "c6e24e03-44b6-467f-bfb4-878842780a05",
  "metadata": {
    "width": 1280,
    "height": 720,
    "format": "Png"
  },
  "modelVersion": "2021-05-01"
}