{
  "categories": [
    {
      "name": "abstract_",
      "score": 0.00390625
    },
    {
      "name": "outdoor_",
      "score": 0.01953125,
      "detail": {
        "landmarks": []
      }
    },
    {
      "name": "people_show",
      "score": 0.2890625
    }
  ],
  "adult": {
    "isAdultContent": false,
    "isRacyContent": false,
    "isGoryContent": false,
    "adultScore": 0.002287084935232997,
    "racyScore": 0.0043096523731946945,
    "goreScore": 0.0005151749937795103
  },
  "color": {
    "dominantColorForeground": "Black",
    "dominantColorBackground": "Black",
    "dominantColors": [
      "Black"
    ],
    "accentColor": "9D5E2E",
    "isBWImg": false
  },
  "imageType": {
    "clipArtType": 1,
    "lineDrawingType": 0
  },
  "tags": [
    {
      "name": "outdoor",
      "confidence": 0.9728686809539795
    },
    {
      "name": "building",
      "confidence": 0.9569859504699707
    },
    {
      "name": "night",
      "confidence": 0.9530905485153198
    },
    {
      "name": "sky",
      "confidence": 0.932619035243988
    },
    {
      "name": "street",
      "confidence": 0.9289675354957581
    },
    {
      "name": "electricity",
      "confidence": 0.9121663570404053
    },
    {
      "name": "street light",
      "confidence": 0.8969993591308594
    },
    {
      "name": "light",
      "confidence": 0.8822650909423828
    },
    {
      "name": "town",
      "confidence": 0.8663244247436523
    },
    {
      "name": "urban area",
      "confidence": 0.8593509197235107
    },
    {
      "name": "infrastructure",
      "confidence": 0.8519145846366882
    },
    {
      "name": "lighting",
      "confidence": 0.8501555919647217
    },
    {
      "name": "darkness",
      "confidence": 0.8500159978866577
    },
    {
      "name": "city",
      "confidence": 0.8167147636413574
    }
  ],
  "description": {
    "tags": [
      "road",
      "highway"
    ],
    "captions": [
      {
        "text": "a group of people standing outside a building at night",
        "confidence": 0.5417076945304871
      }
    ]
  },
  "faces": [],
  "objects": [],
  "brands": [],
  "requestId": "084822e0-d877-477e-b599-81b7d6514355",
  "metadata": {
    "width": 1280,
    "height": 720,
    "format": "Png"
  },
  "modelVersion": "2021-05-01"
}