{
  "categories": [
    {
      "name": "others_",
      "score": 0.00390625
    },
    {
      "name": "people_",
      "score": 0.4765625
    }
  ],
  "adult": {
    "isAdultContent": false,
    "isRacyContent": false,
    "isGoryContent": false,
    "adultScore": 0.007075621746480465,
    "racyScore": 0.00848918966948986,
    "goreScore": 0.0006929115043021739
  },
  "color": {
    "dominantColorForeground": "Black",
    "dominantColorBackground": "Black",
    "dominantColors": [
      "Black"
    ],
    "accentColor": "175DB4",
    "isBWImg": false
  },
  "imageType": {
    "clipArtType": 0,
    "lineDrawingType": 0
  },
  "tags": [
    {
      "name": "human face",
      "confidence": 0.9874743223190308
    },
    {
      "name": "clothing",
      "confidence": 0.9706704616546631
    },
    {
      "name": "person",
      "confidence": 0.9548561573028564
    },
    {
      "name": "man",
      "confidence": 0.9355534315109253
    },
    {
      "name": "screenshot",
      "confidence": 0.8981285095214844
    },
    {
      "name": "gentleman",
      "confidence": 0.8690475225448608
    },
    {
      "name": "indoor",
      "confidence": 0.7551065683364868
    },
    {
      "name": "wearing",
      "confidence": 0.5259994268417358
    },
    {
      "name": "band",
      "confidence": 0.4243509769439697
    },
    {
      "name": "musician",
      "confidence": 0.41956305503845215
    }
  ],
  "description": {
    "tags": [
      "man",
      "person",
      "indoor"
    ],
    "captions": [
      {
        "text": "a man in a suit",
        "confidence": 0.2909637987613678
      }
    ]
  },
  "faces": [],
  "objects": [
    {
      "rectangle": {
        "x": 187,
        "y": 38,
        "w": 423,
        "h": 536
      },
      "object": "person",
      "confidence": 0.638
    },
    {
      "rectangle": {
        "x": 703,
        "y": 83,
        "w": 413,
        "h": 579
      },
      "object": "person",
      "confidence": 0.857
    }
  ],
  "brands": [],
  "requestId": "bc34ef90-ef90-4756-ae66-6105384665b0",
  "metadata": {
    "width": 1280,
    "height": 720,
    "format": "Png"
  },
  "modelVersion": "2021-05-01"
}