{
  "categories": [
    {
      "name": "others_",
      "score": 0.00390625
    },
    {
      "name": "people_",
      "score": 0.51171875
    }
  ],
  "adult": {
    "isAdultContent": false,
    "isRacyContent": false,
    "isGoryContent": false,
    "adultScore": 0.005134505685418844,
    "racyScore": 0.006363207940012217,
    "goreScore": 0.0004855544539168477
  },
  "color": {
    "dominantColorForeground": "Black",
    "dominantColorBackground": "Black",
    "dominantColors": [
      "Black"
    ],
    "accentColor": "1E5BAD",
    "isBWImg": false
  },
  "imageType": {
    "clipArtType": 0,
    "lineDrawingType": 0
  },
  "tags": [
    {
      "name": "human face",
      "confidence": 0.9823146462440491
    },
    {
      "name": "person",
      "confidence": 0.952261209487915
    },
    {
      "name": "clothing",
      "confidence": 0.9459487795829773
    },
    {
      "name": "man",
      "confidence": 0.9309433698654175
    },
    {
      "name": "screenshot",
      "confidence": 0.8667902946472168
    },
    {
      "name": "indoor",
      "confidence": 0.7513704299926758
    },
    {
      "name": "wearing",
      "confidence": 0.5909562706947327
    },
    {
      "name": "dark",
      "confidence": 0.5818970799446106
    }
  ],
  "description": {
    "tags": [
      "person",
      "man",
      "indoor",
      "dark"
    ],
    "captions": [
      {
        "text": "a man in a suit and tie",
        "confidence": 0.30730772018432617
      }
    ]
  },
  "faces": [],
  "objects": [
    {
      "rectangle": {
        "x": 176,
        "y": 45,
        "w": 421,
        "h": 532
      },
      "object": "person",
      "confidence": 0.651
    },
    {
      "rectangle": {
        "x": 705,
        "y": 76,
        "w": 407,
        "h": 574
      },
      "object": "person",
      "confidence": 0.846
    }
  ],
  "brands": [],
  "requestId": "70aef674-139d-4e08-ac54-a18286ef36db",
  "metadata": {
    "width": 1280,
    "height": 720,
    "format": "Png"
  },
  "modelVersion": "2021-05-01"
}