{
  "categories": [
    {
      "name": "others_",
      "score": 0.00390625
    },
    {
      "name": "people_portrait",
      "score": 0.37890625
    }
  ],
  "adult": {
    "isAdultContent": false,
    "isRacyContent": false,
    "isGoryContent": false,
    "adultScore": 0.01618161052465439,
    "racyScore": 0.023777592927217484,
    "goreScore": 0.10673464834690094
  },
  "color": {
    "dominantColorForeground": "Blue",
    "dominantColorBackground": "Black",
    "dominantColors": [
      "Black"
    ],
    "accentColor": "173E7F",
    "isBWImg": false
  },
  "imageType": {
    "clipArtType": 1,
    "lineDrawingType": 0
  },
  "tags": [
    {
      "name": "black",
      "confidence": 0.946102499961853
    },
    {
      "name": "screenshot",
      "confidence": 0.9328587651252747
    },
    {
      "name": "human",
      "confidence": 0.9147423505783081
    },
    {
      "name": "darkness",
      "confidence": 0.9050337672233582
    },
    {
      "name": "jaw",
      "confidence": 0.8943619728088379
    },
    {
      "name": "forehead",
      "confidence": 0.8788419961929321
    },
    {
      "name": "human face",
      "confidence": 0.870503306388855
    },
    {
      "name": "person",
      "confidence": 0.7585898637771606
    },
    {
      "name": "dark",
      "confidence": 0.6349645853042603
    },
    {
      "name": "portrait",
      "confidence": 0.6289014220237732
    }
  ],
  "description": {
    "tags": [
      "person",
      "dark",
      "staring"
    ],
    "captions": [
      {
        "text": "a man with a mustache",
        "confidence": 0.2740459442138672
      }
    ]
  },
  "faces": [],
  "objects": [
    {
      "rectangle": {
        "x": 152,
        "y": 24,
        "w": 643,
        "h": 696
      },
      "object": "person",
      "confidence": 0.739
    }
  ],
  "brands": [],
  "requestId": "f2e54dc6-17fd-4363-8c58-d4b65810ef9f",
  "metadata": {
    "width": 1280,
    "height": 720,
    "format": "Png"
  },
  "modelVersion": "2021-05-01"
}