{
  "categories": [
    {
      "name": "others_",
      "score": 0.00390625
    },
    {
      "name": "people_",
      "score": 0.44140625
    }
  ],
  "adult": {
    "isAdultContent": false,
    "isRacyContent": false,
    "isGoryContent": false,
    "adultScore": 0.006838334258645773,
    "racyScore": 0.008420448750257492,
    "goreScore": 0.0006110456306487322
  },
  "color": {
    "dominantColorForeground": "Black",
    "dominantColorBackground": "Black",
    "dominantColors": [
      "Black"
    ],
    "accentColor": "255BA6",
    "isBWImg": false
  },
  "imageType": {
    "clipArtType": 0,
    "lineDrawingType": 0
  },
  "tags": [
    {
      "name": "human face",
      "confidence": 0.9909961223602295
    },
    {
      "name": "clothing",
      "confidence": 0.9758166074752808
    },
    {
      "name": "person",
      "confidence": 0.9632523059844971
    },
    {
      "name": "man",
      "confidence": 0.9096812009811401
    },
    {
      "name": "screenshot",
      "confidence": 0.866258978843689
    },
    {
      "name": "indoor",
      "confidence": 0.7721308469772339
    },
    {
      "name": "wearing",
      "confidence": 0.5539144277572632
    },
    {
      "name": "train",
      "confidence": 0.41927382349967957
    }
  ],
  "description": {
    "tags": [
      "person",
      "man",
      "indoor"
    ],
    "captions": [
      {
        "text": "a group of men",
        "confidence": 0.4224483370780945
      }
    ]
  },
  "faces": [],
  "objects": [
    {
      "rectangle": {
        "x": 195,
        "y": 36,
        "w": 384,
        "h": 541
      },
      "object": "person",
      "confidence": 0.641
    },
    {
      "rectangle": {
        "x": 448,
        "y": 49,
        "w": 358,
        "h": 597
      },
      "object": "person",
      "confidence": 0.688
    },
    {
      "rectangle": {
        "x": 707,
        "y": 41,
        "w": 406,
        "h": 604
      },
      "object": "person",
      "confidence": 0.813
    }
  ],
  "brands": [],
  "requestId": "c2073954-c15f-4e53-97d2-3cb8e97308ec",
  "metadata": {
    "width": 1280,
    "height": 720,
    "format": "Png"
  },
  "modelVersion": "2021-05-01"
}