{
  "categories": [
    {
      "name": "abstract_",
      "score": 0.00390625
    },
    {
      "name": "others_",
      "score": 0.02734375
    }
  ],
  "adult": {
    "isAdultContent": false,
    "isRacyContent": false,
    "isGoryContent": false,
    "adultScore": 0.010487713851034641,
    "racyScore": 0.013083914294838905,
    "goreScore": 0.1430375576019287
  },
  "color": {
    "dominantColorForeground": "Black",
    "dominantColorBackground": "Black",
    "dominantColors": [
      "Black",
      "Blue"
    ],
    "accentColor": "0D55BE",
    "isBWImg": false
  },
  "imageType": {
    "clipArtType": 0,
    "lineDrawingType": 0
  },
  "tags": [
    {
      "name": "person",
      "confidence": 0.9808459281921387
    },
    {
      "name": "human face",
      "confidence": 0.9791728258132935
    },
    {
      "name": "hat",
      "confidence": 0.9630234241485596
    },
    {
      "name": "clothing",
      "confidence": 0.9437339305877686
    },
    {
      "name": "man",
      "confidence": 0.9241986274719238
    },
    {
      "name": "headgear",
      "confidence": 0.8749275803565979
    },
    {
      "name": "portrait",
      "confidence": 0.8015406131744385
    },
    {
      "name": "wearing",
      "confidence": 0.7503501176834106
    },
    {
      "name": "dark",
      "confidence": 0.6950368881225586
    },
    {
      "name": "black",
      "confidence": 0.6575566530227661
    },
    {
      "name": "indoor",
      "confidence": 0.5521531701087952
    },
    {
      "name": "head",
      "confidence": 0.5385287404060364
    }
  ],
  "description": {
    "tags": [
      "headdress",
      "hat",
      "looking",
      "staring",
      "helmet",
      "close"
    ],
    "captions": [
      {
        "text": "a man wearing a hat",
        "confidence": 0.5953797698020935
      }
    ]
  },
  "faces": [],
  "objects": [
    {
      "rectangle": {
        "x": 125,
        "y": 11,
        "w": 803,
        "h": 284
      },
      "object": "hat",
      "confidence": 0.513,
      "parent": {
        "object": "headwear",
        "confidence": 0.646
      }
    },
    {
      "rectangle": {
        "x": 18,
        "y": 28,
        "w": 888,
        "h": 690
      },
      "object": "person",
      "confidence": 0.546
    }
  ],
  "brands": [],
  "requestId": "c66a2a80-ab6b-43c4-a10c-c86493d89e22",
  "metadata": {
    "width": 1280,
    "height": 720,
    "format": "Png"
  },
  "modelVersion": "2021-05-01"
}