{
  "categories": [
    {
      "name": "abstract_",
      "score": 0.00390625
    },
    {
      "name": "dark_",
      "score": 0.6875
    }
  ],
  "adult": {
    "isAdultContent": false,
    "isRacyContent": false,
    "isGoryContent": false,
    "adultScore": 0.042288653552532196,
    "racyScore": 0.06880737096071243,
    "goreScore": 0.011940514668822289
  },
  "color": {
    "dominantColorForeground": "Black",
    "dominantColorBackground": "Black",
    "dominantColors": [
      "Black"
    ],
    "accentColor": "000000",
    "isBWImg": true
  },
  "imageType": {
    "clipArtType": 0,
    "lineDrawingType": 0
  },
  "tags": [
    {
      "name": "black",
      "confidence": 0.9525814056396484
    },
    {
      "name": "darkness",
      "confidence": 0.9006880521774292
    }
  ],
  "description": {
    "tags": [],
    "captions": [
      {
        "text": "a black rectangle with a white line across the center",
        "confidence": 0.40807244181632996
      }
    ]
  },
  "faces": [],
  "objects": [],
  "brands": [],
  "requestId": "0f613fe9-eef2-429f-9957-b4d07e3964e6",
  "metadata": {
    "width": 1280,
    "height": 720,
    "format": "Png"
  },
  "modelVersion": "2021-05-01"
}