{
  "categories": [
    {
      "name": "abstract_",
      "score": 0.00390625
    },
    {
      "name": "others_",
      "score": 0.16015625
    }
  ],
  "adult": {
    "isAdultContent": false,
    "isRacyContent": false,
    "isGoryContent": false,
    "adultScore": 0.0163350198417902,
    "racyScore": 0.023008137941360474,
    "goreScore": 0.004811258986592293
  },
  "color": {
    "dominantColorForeground": "Blue",
    "dominantColorBackground": "Blue",
    "dominantColors": [
      "Blue"
    ],
    "accentColor": "115CBA",
    "isBWImg": false
  },
  "imageType": {
    "clipArtType": 0,
    "lineDrawingType": 0
  },
  "tags": [
    {
      "name": "human face",
      "confidence": 0.9916748404502869
    },
    {
      "name": "person",
      "confidence": 0.9912909269332886
    },
    {
      "name": "clothing",
      "confidence": 0.968887448310852
    },
    {
      "name": "smile",
      "confidence": 0.9413184523582458
    },
    {
      "name": "hat",
      "confidence": 0.9380675554275513
    },
    {
      "name": "headgear",
      "confidence": 0.899741530418396
    },
    {
      "name": "cap",
      "confidence": 0.879626452922821
    },
    {
      "name": "wearing",
      "confidence": 0.6280173063278198
    }
  ],
  "description": {
    "tags": [
      "person",
      "headdress",
      "hat",
      "wearing",
      "helmet"
    ],
    "captions": [
      {
        "text": "a person wearing a hat",
        "confidence": 0.4745691120624542
      }
    ]
  },
  "faces": [],
  "objects": [
    {
      "rectangle": {
        "x": 4,
        "y": 39,
        "w": 619,
        "h": 379
      },
      "object": "Sun hat",
      "confidence": 0.544,
      "parent": {
        "object": "hat",
        "confidence": 0.765,
        "parent": {
          "object": "headwear",
          "confidence": 0.884
        }
      }
    },
    {
      "rectangle": {
        "x": 5,
        "y": 34,
        "w": 888,
        "h": 679
      },
      "object": "person",
      "confidence": 0.739
    }
  ],
  "brands": [],
  "requestId": "e55734b3-7c4f-418e-a25b-e6de56e1cbb5",
  "metadata": {
    "width": 1280,
    "height": 720,
    "format": "Png"
  },
  "modelVersion": "2021-05-01"
}