{
  "categories": [
    {
      "name": "others_",
      "score": 0.00390625
    },
    {
      "name": "people_",
      "score": 0.49609375
    }
  ],
  "adult": {
    "isAdultContent": false,
    "isRacyContent": false,
    "isGoryContent": false,
    "adultScore": 0.006420210003852844,
    "racyScore": 0.007945504039525986,
    "goreScore": 0.0005577121046371758
  },
  "color": {
    "dominantColorForeground": "Black",
    "dominantColorBackground": "Black",
    "dominantColors": [
      "Black"
    ],
    "accentColor": "305F9B",
    "isBWImg": false
  },
  "imageType": {
    "clipArtType": 1,
    "lineDrawingType": 0
  },
  "tags": [
    {
      "name": "human face",
      "confidence": 0.9939526319503784
    },
    {
      "name": "clothing",
      "confidence": 0.9794896841049194
    },
    {
      "name": "person",
      "confidence": 0.9758772253990173
    },
    {
      "name": "man",
      "confidence": 0.9357528686523438
    },
    {
      "name": "darkness",
      "confidence": 0.9033411741256714
    },
    {
      "name": "screenshot",
      "confidence": 0.8914474248886108
    },
    {
      "name": "gentleman",
      "confidence": 0.8876601457595825
    },
    {
      "name": "black",
      "confidence": 0.8788107633590698
    },
    {
      "name": "dark",
      "confidence": 0.7430716753005981
    },
    {
      "name": "wearing",
      "confidence": 0.5270374417304993
    },
    {
      "name": "music",
      "confidence": 0.4888452887535095
    }
  ],
  "description": {
    "tags": [
      "man",
      "person",
      "dark"
    ],
    "captions": [
      {
        "text": "a group of men in a dark room",
        "confidence": 0.4481441378593445
      }
    ]
  },
  "faces": [],
  "objects": [
    {
      "rectangle": {
        "x": 183,
        "y": 59,
        "w": 442,
        "h": 565
      },
      "object": "person",
      "confidence": 0.643
    },
    {
      "rectangle": {
        "x": 449,
        "y": 52,
        "w": 345,
        "h": 586
      },
      "object": "person",
      "confidence": 0.751
    },
    {
      "rectangle": {
        "x": 699,
        "y": 90,
        "w": 403,
        "h": 554
      },
      "object": "person",
      "confidence": 0.838
    }
  ],
  "brands": [],
  "requestId": "e69aaf24-2656-47cb-b9d8-037fd74d724a",
  "metadata": {
    "width": 1280,
    "height": 720,
    "format": "Png"
  },
  "modelVersion": "2021-05-01"
}