{
  "categories": [
    {
      "name": "others_",
      "score": 0.01171875
    },
    {
      "name": "people_",
      "score": 0.37890625
    }
  ],
  "adult": {
    "isAdultContent": false,
    "isRacyContent": false,
    "isGoryContent": false,
    "adultScore": 0.006782501935958862,
    "racyScore": 0.008679518476128578,
    "goreScore": 0.0006462083547376096
  },
  "color": {
    "dominantColorForeground": "Black",
    "dominantColorBackground": "Black",
    "dominantColors": [
      "Black"
    ],
    "accentColor": "2559A6",
    "isBWImg": false
  },
  "imageType": {
    "clipArtType": 0,
    "lineDrawingType": 0
  },
  "tags": [
    {
      "name": "human face",
      "confidence": 0.9937257766723633
    },
    {
      "name": "person",
      "confidence": 0.9795918464660645
    },
    {
      "name": "clothing",
      "confidence": 0.973965048789978
    },
    {
      "name": "screenshot",
      "confidence": 0.9360979795455933
    },
    {
      "name": "man",
      "confidence": 0.8673977851867676
    },
    {
      "name": "indoor",
      "confidence": 0.6662641763687134
    }
  ],
  "description": {
    "tags": [
      "person",
      "man",
      "indoor",
      "dark"
    ],
    "captions": [
      {
        "text": "a group of men in a room",
        "confidence": 0.44863012433052063
      }
    ]
  },
  "faces": [],
  "objects": [
    {
      "rectangle": {
        "x": 420,
        "y": 43,
        "w": 340,
        "h": 595
      },
      "object": "person",
      "confidence": 0.576
    },
    {
      "rectangle": {
        "x": 666,
        "y": 30,
        "w": 468,
        "h": 621
      },
      "object": "person",
      "confidence": 0.79
    }
  ],
  "brands": [],
  "requestId": "ff143188-cc4a-4ea2-b945-d1f58d139c80",
  "metadata": {
    "width": 1280,
    "height": 720,
    "format": "Png"
  },
  "modelVersion": "2021-05-01"
}