{
  "categories": [
    {
      "name": "abstract_",
      "score": 0.0078125
    },
    {
      "name": "dark_",
      "score": 0.46875
    }
  ],
  "adult": {
    "isAdultContent": false,
    "isRacyContent": false,
    "isGoryContent": false,
    "adultScore": 0.029734842479228973,
    "racyScore": 0.04309893399477005,
    "goreScore": 0.005834260489791632
  },
  "color": {
    "dominantColorForeground": "Black",
    "dominantColorBackground": "Black",
    "dominantColors": [
      "Black"
    ],
    "accentColor": "2A4667",
    "isBWImg": false
  },
  "imageType": {
    "clipArtType": 1,
    "lineDrawingType": 0
  },
  "tags": [
    {
      "name": "darkness",
      "confidence": 0.953508734703064
    },
    {
      "name": "black",
      "confidence": 0.9512683153152466
    },
    {
      "name": "night",
      "confidence": 0.5782518982887268
    },
    {
      "name": "dark",
      "confidence": 0.5378894209861755
    },
    {
      "name": "animal",
      "confidence": 0.5076629519462585
    }
  ],
  "description": {
    "tags": [
      "night sky"
    ],
    "captions": [
      {
        "text": "a group of small animals",
        "confidence": 0.30561625957489014
      }
    ]
  },
  "faces": [],
  "objects": [],
  "brands": [],
  "requestId": "da63f18c-3651-4d1f-83cb-3c3e892e567e",
  "metadata": {
    "width": 1280,
    "height": 720,
    "format": "Png"
  },
  "modelVersion": "2021-05-01"
}