{
  "categories": [
    {
      "name": "abstract_",
      "score": 0.0078125
    },
    {
      "name": "others_",
      "score": 0.01171875
    },
    {
      "name": "outdoor_",
      "score": 0.0078125,
      "detail": {
        "landmarks": []
      }
    }
  ],
  "adult": {
    "isAdultContent": false,
    "isRacyContent": false,
    "isGoryContent": false,
    "adultScore": 0.004300765227526426,
    "racyScore": 0.028163455426692963,
    "goreScore": 0.0011840416118502617
  },
  "color": {
    "dominantColorForeground": "Grey",
    "dominantColorBackground": "Grey",
    "dominantColors": [
      "Grey",
      "Black"
    ],
    "accentColor": "876A44",
    "isBWImg": false
  },
  "imageType": {
    "clipArtType": 0,
    "lineDrawingType": 0
  },
  "tags": [
    {
      "name": "person",
      "confidence": 0.9667375087738037
    },
    {
      "name": "clothing",
      "confidence": 0.9439001083374023
    },
    {
      "name": "passenger",
      "confidence": 0.9189814329147339
    },
    {
      "name": "snapshot",
      "confidence": 0.8919839859008789
    },
    {
      "name": "public transport",
      "confidence": 0.8473981022834778
    },
    {
      "name": "subway",
      "confidence": 0.773293137550354
    },
    {
      "name": "train",
      "confidence": 0.7625489234924316
    },
    {
      "name": "people",
      "confidence": 0.6151221990585327
    },
    {
      "name": "street",
      "confidence": 0.5911726951599121
    },
    {
      "name": "outdoor",
      "confidence": 0.5418495535850525
    }
  ],
  "description": {
    "tags": [
      "person",
      "subway",
      "blurry"
    ],
    "captions": [
      {
        "text": "a group of people standing in a room",
        "confidence": 0.44148358702659607
      }
    ]
  },
  "faces": [],
  "objects": [
    {
      "rectangle": {
        "x": 497,
        "y": 32,
        "w": 231,
        "h": 493
      },
      "object": "person",
      "confidence": 0.643
    },
    {
      "rectangle": {
        "x": 945,
        "y": 53,
        "w": 190,
        "h": 602
      },
      "object": "person",
      "confidence": 0.677
    },
    {
      "rectangle": {
        "x": 36,
        "y": 151,
        "w": 245,
        "h": 533
      },
      "object": "person",
      "confidence": 0.579
    }
  ],
  "brands": [],
  "requestId": "cdd7ec2b-2969-4e81-a50c-d4a5642ec46f",
  "metadata": {
    "width": 1280,
    "height": 720,
    "format": "Png"
  },
  "modelVersion": "2021-05-01"
}