{
  "categories": [
    {
      "name": "others_",
      "score": 0.00390625
    },
    {
      "name": "people_",
      "score": 0.40234375
    }
  ],
  "adult": {
    "isAdultContent": false,
    "isRacyContent": false,
    "isGoryContent": false,
    "adultScore": 0.0041149877943098545,
    "racyScore": 0.00632716016843915,
    "goreScore": 0.00039941398426890373
  },
  "color": {
    "dominantColorForeground": "Black",
    "dominantColorBackground": "Black",
    "dominantColors": [
      "Black"
    ],
    "accentColor": "3A5A91",
    "isBWImg": false
  },
  "imageType": {
    "clipArtType": 0,
    "lineDrawingType": 0
  },
  "tags": [
    {
      "name": "human face",
      "confidence": 0.9910560846328735
    },
    {
      "name": "clothing",
      "confidence": 0.9691157341003418
    },
    {
      "name": "person",
      "confidence": 0.9593335390090942
    },
    {
      "name": "man",
      "confidence": 0.9108743667602539
    },
    {
      "name": "screenshot",
      "confidence": 0.903773844242096
    },
    {
      "name": "darkness",
      "confidence": 0.8906574249267578
    },
    {
      "name": "black",
      "confidence": 0.8635268211364746
    },
    {
      "name": "dark",
      "confidence": 0.5901778340339661
    },
    {
      "name": "indoor",
      "confidence": 0.5478984713554382
    }
  ],
  "description": {
    "tags": [
      "person",
      "indoor",
      "dark"
    ],
    "captions": [
      {
        "text": "a man holding a gun",
        "confidence": 0.3711506128311157
      }
    ]
  },
  "faces": [],
  "objects": [
    {
      "rectangle": {
        "x": 187,
        "y": 41,
        "w": 400,
        "h": 532
      },
      "object": "person",
      "confidence": 0.711
    },
    {
      "rectangle": {
        "x": 689,
        "y": 82,
        "w": 418,
        "h": 568
      },
      "object": "person",
      "confidence": 0.829
    }
  ],
  "brands": [],
  "requestId": "06182785-f2c6-47ed-841d-9da2f37c259f",
  "metadata": {
    "width": 1280,
    "height": 720,
    "format": "Png"
  },
  "modelVersion": "2021-05-01"
}