{
  "categories": [
    {
      "name": "abstract_",
      "score": 0.00390625
    },
    {
      "name": "others_",
      "score": 0.015625
    }
  ],
  "adult": {
    "isAdultContent": false,
    "isRacyContent": false,
    "isGoryContent": false,
    "adultScore": 0.031552158296108246,
    "racyScore": 0.037359174340963364,
    "goreScore": 0.01568717323243618
  },
  "color": {
    "dominantColorForeground": "Black",
    "dominantColorBackground": "Black",
    "dominantColors": [
      "Black",
      "Brown"
    ],
    "accentColor": "271D06",
    "isBWImg": false
  },
  "imageType": {
    "clipArtType": 0,
    "lineDrawingType": 0
  },
  "tags": [
    {
      "name": "photograph",
      "confidence": 0.90996253490448
    },
    {
      "name": "person",
      "confidence": 0.8945512771606445
    },
    {
      "name": "clothing",
      "confidence": 0.8895533084869385
    },
    {
      "name": "indoor",
      "confidence": 0.729219377040863
    },
    {
      "name": "woman",
      "confidence": 0.5659329295158386
    }
  ],
  "description": {
    "tags": [],
    "captions": [
      {
        "text": "a man and woman dancing",
        "confidence": 0.42699891328811646
      }
    ]
  },
  "faces": [
    {
      "age": 27,
      "gender": "Female",
      "faceRectangle": {
        "left": 564,
        "top": 220,
        "width": 49,
        "height": 49
      }
    }
  ],
  "objects": [
    {
      "rectangle": {
        "x": 539,
        "y": 270,
        "w": 234,
        "h": 442
      },
      "object": "person",
      "confidence": 0.539
    }
  ],
  "brands": [],
  "requestId": "844576d4-c968-4210-af95-c7e0073cf264",
  "metadata": {
    "width": 1280,
    "height": 720,
    "format": "Png"
  },
  "modelVersion": "2021-05-01"
}