{
  "categories": [
    {
      "name": "others_",
      "score": 0.0234375
    }
  ],
  "adult": {
    "isAdultContent": false,
    "isRacyContent": false,
    "isGoryContent": false,
    "adultScore": 0.0130508653819561,
    "racyScore": 0.015048914588987827,
    "goreScore": 0.0013060675701126456
  },
  "color": {
    "dominantColorForeground": "Black",
    "dominantColorBackground": "Black",
    "dominantColors": [
      "Black"
    ],
    "accentColor": "0F5EBC",
    "isBWImg": false
  },
  "imageType": {
    "clipArtType": 0,
    "lineDrawingType": 0
  },
  "tags": [
    {
      "name": "human face",
      "confidence": 0.9849469661712646
    },
    {
      "name": "person",
      "confidence": 0.9793687462806702
    },
    {
      "name": "clothing",
      "confidence": 0.9644466638565063
    },
    {
      "name": "man",
      "confidence": 0.9165910482406616
    },
    {
      "name": "indoor",
      "confidence": 0.9048532843589783
    },
    {
      "name": "wearing",
      "confidence": 0.5374292135238647
    },
    {
      "name": "car",
      "confidence": 0.4342595636844635
    }
  ],
  "description": {
    "tags": [
      "person",
      "indoor"
    ],
    "captions": [
      {
        "text": "a person in a suit and tie",
        "confidence": 0.33878636360168457
      }
    ]
  },
  "faces": [],
  "objects": [
    {
      "rectangle": {
        "x": 219,
        "y": 50,
        "w": 245,
        "h": 330
      },
      "object": "person",
      "confidence": 0.599
    }
  ],
  "brands": [],
  "requestId": "11068dec-7c63-4588-88fc-e7c36cc463ec",
  "metadata": {
    "width": 1280,
    "height": 720,
    "format": "Png"
  },
  "modelVersion": "2021-05-01"
}