{
  "categories": [
    {
      "name": "others_",
      "score": 0.00390625
    },
    {
      "name": "people_",
      "score": 0.43359375
    }
  ],
  "adult": {
    "isAdultContent": false,
    "isRacyContent": false,
    "isGoryContent": false,
    "adultScore": 0.0053604221902787685,
    "racyScore": 0.007357709109783173,
    "goreScore": 0.0005198976723477244
  },
  "color": {
    "dominantColorForeground": "Black",
    "dominantColorBackground": "Black",
    "dominantColors": [
      "Black"
    ],
    "accentColor": "1C3D72",
    "isBWImg": false
  },
  "imageType": {
    "clipArtType": 0,
    "lineDrawingType": 0
  },
  "tags": [
    {
      "name": "human face",
      "confidence": 0.9908546209335327
    },
    {
      "name": "clothing",
      "confidence": 0.9771751165390015
    },
    {
      "name": "person",
      "confidence": 0.9678150415420532
    },
    {
      "name": "man",
      "confidence": 0.9264925122261047
    },
    {
      "name": "screenshot",
      "confidence": 0.9217818975448608
    },
    {
      "name": "gentleman",
      "confidence": 0.9093633890151978
    },
    {
      "name": "wearing",
      "confidence": 0.5819234848022461
    },
    {
      "name": "indoor",
      "confidence": 0.550801157951355
    },
    {
      "name": "music",
      "confidence": 0.4478590488433838
    },
    {
      "name": "musician",
      "confidence": 0.4379105865955353
    }
  ],
  "description": {
    "tags": [
      "person",
      "man",
      "dark",
      "necktie"
    ],
    "captions": [
      {
        "text": "a man holding a gun",
        "confidence": 0.37720486521720886
      }
    ]
  },
  "faces": [],
  "objects": [
    {
      "rectangle": {
        "x": 183,
        "y": 41,
        "w": 397,
        "h": 538
      },
      "object": "person",
      "confidence": 0.758
    },
    {
      "rectangle": {
        "x": 702,
        "y": 74,
        "w": 416,
        "h": 582
      },
      "object": "person",
      "confidence": 0.839
    }
  ],
  "brands": [],
  "requestId": "37f9e38a-714e-4757-98ba-1ad8e121813b",
  "metadata": {
    "width": 1280,
    "height": 720,
    "format": "Png"
  },
  "modelVersion": "2021-05-01"
}