{
  "categories": [
    {
      "name": "others_",
      "score": 0.01171875
    },
    {
      "name": "people_",
      "score": 0.5546875,
      "detail": {
        "celebrities": []
      }
    }
  ],
  "adult": {
    "isAdultContent": false,
    "isRacyContent": false,
    "isGoryContent": false,
    "adultScore": 0.008454271592199802,
    "racyScore": 0.009965452365577221,
    "goreScore": 0.0007132921018637717
  },
  "color": {
    "dominantColorForeground": "Black",
    "dominantColorBackground": "Black",
    "dominantColors": [
      "Black"
    ],
    "accentColor": "0D5CBE",
    "isBWImg": false
  },
  "imageType": {
    "clipArtType": 0,
    "lineDrawingType": 0
  },
  "tags": [
    {
      "name": "human face",
      "confidence": 0.989589512348175
    },
    {
      "name": "person",
      "confidence": 0.9682083129882812
    },
    {
      "name": "clothing",
      "confidence": 0.9586725234985352
    },
    {
      "name": "man",
      "confidence": 0.9061205387115479
    },
    {
      "name": "indoor",
      "confidence": 0.7714338302612305
    }
  ],
  "description": {
    "tags": [
      "man",
      "person"
    ],
    "captions": [
      {
        "text": "a group of men in a movie",
        "confidence": 0.4364195168018341
      }
    ]
  },
  "faces": [
    {
      "age": 30,
      "gender": "Male",
      "faceRectangle": {
        "left": 806,
        "top": 138,
        "width": 168,
        "height": 168
      }
    }
  ],
  "objects": [
    {
      "rectangle": {
        "x": 185,
        "y": 31,
        "w": 409,
        "h": 546
      },
      "object": "person",
      "confidence": 0.648
    },
    {
      "rectangle": {
        "x": 701,
        "y": 32,
        "w": 423,
        "h": 624
      },
      "object": "person",
      "confidence": 0.772
    }
  ],
  "brands": [],
  "requestId": "c4164ec4-4259-4524-a69a-582cfd287a13",
  "metadata": {
    "width": 1280,
    "height": 720,
    "format": "Png"
  },
  "modelVersion": "2021-05-01"
}