{
  "categories": [],
  "adult": {
    "isAdultContent": false,
    "isRacyContent": false,
    "isGoryContent": false,
    "adultScore": 0.0036047392059117556,
    "racyScore": 0.012855714187026024,
    "goreScore": 0.0005786007968708873
  },
  "color": {
    "dominantColorForeground": "White",
    "dominantColorBackground": "White",
    "dominantColors": [
      "White",
      "Grey"
    ],
    "accentColor": "386993",
    "isBWImg": false
  },
  "imageType": {
    "clipArtType": 0,
    "lineDrawingType": 0
  },
  "tags": [
    {
      "name": "outdoor",
      "confidence": 0.9908421635627747
    },
    {
      "name": "sky",
      "confidence": 0.9751890897750854
    },
    {
      "name": "hiking",
      "confidence": 0.9330330491065979
    },
    {
      "name": "blurry",
      "confidence": 0.8427709937095642
    },
    {
      "name": "riding",
      "confidence": 0.8176767230033875
    },
    {
      "name": "person",
      "confidence": 0.7839752435684204
    },
    {
      "name": "ground",
      "confidence": 0.6017014384269714
    },
    {
      "name": "mountain",
      "confidence": 0.42489784955978394
    }
  ],
  "description": {
    "tags": [
      "outdoor",
      "sky",
      "hill",
      "moving",
      "day"
    ],
    "captions": [
      {
        "text": "a person walking on a road",
        "confidence": 0.40374982357025146
      }
    ]
  },
  "faces": [],
  "objects": [
    {
      "rectangle": {
        "x": 596,
        "y": 249,
        "w": 173,
        "h": 315
      },
      "object": "person",
      "confidence": 0.81
    }
  ],
  "brands": [],
  "requestId": "fc962823-8181-4769-bb19-a42b3364f1c7",
  "metadata": {
    "width": 1280,
    "height": 720,
    "format": "Png"
  },
  "modelVersion": "2021-05-01"
}