{
  "categories": [
    {
      "name": "abstract_",
      "score": 0.00390625
    },
    {
      "name": "others_",
      "score": 0.0078125
    },
    {
      "name": "outdoor_",
      "score": 0.04296875,
      "detail": {
        "landmarks": []
      }
    }
  ],
  "adult": {
    "isAdultContent": false,
    "isRacyContent": false,
    "isGoryContent": false,
    "adultScore": 0.0039010054897516966,
    "racyScore": 0.011587853543460369,
    "goreScore": 0.0005349861457943916
  },
  "color": {
    "dominantColorForeground": "Blue",
    "dominantColorBackground": "Blue",
    "dominantColors": [
      "Blue",
      "Black",
      "Grey"
    ],
    "accentColor": "245BA7",
    "isBWImg": false
  },
  "imageType": {
    "clipArtType": 0,
    "lineDrawingType": 0
  },
  "tags": [
    {
      "name": "outdoor",
      "confidence": 0.9720456600189209
    },
    {
      "name": "sky",
      "confidence": 0.9593640565872192
    },
    {
      "name": "person",
      "confidence": 0.950718104839325
    },
    {
      "name": "man",
      "confidence": 0.9243724942207336
    },
    {
      "name": "clothing",
      "confidence": 0.9151114225387573
    },
    {
      "name": "water",
      "confidence": 0.8700939416885376
    },
    {
      "name": "suit",
      "confidence": 0.7753082513809204
    },
    {
      "name": "beach",
      "confidence": 0.7673231363296509
    },
    {
      "name": "ground",
      "confidence": 0.7229186296463013
    },
    {
      "name": "night",
      "confidence": 0.6042978763580322
    },
    {
      "name": "ocean",
      "confidence": 0.4845961332321167
    }
  ],
  "description": {
    "tags": [],
    "captions": [
      {
        "text": "a man in a suit standing next to a row of airplanes",
        "confidence": 0.43954741954803467
      }
    ]
  },
  "faces": [],
  "objects": [
    {
      "rectangle": {
        "x": 471,
        "y": 319,
        "w": 145,
        "h": 56
      },
      "object": "Vehicle",
      "confidence": 0.51
    },
    {
      "rectangle": {
        "x": 944,
        "y": 40,
        "w": 336,
        "h": 639
      },
      "object": "person",
      "confidence": 0.794
    }
  ],
  "brands": [],
  "requestId": "e6d7cab7-312e-4502-ba96-d68f9a8024b8",
  "metadata": {
    "width": 1280,
    "height": 720,
    "format": "Png"
  },
  "modelVersion": "2021-05-01"
}