{
  "categories": [
    {
      "name": "others_",
      "score": 0.00390625
    },
    {
      "name": "people_",
      "score": 0.484375
    }
  ],
  "adult": {
    "isAdultContent": false,
    "isRacyContent": false,
    "isGoryContent": false,
    "adultScore": 0.006697501987218857,
    "racyScore": 0.008394722826778889,
    "goreScore": 0.0006243192474357784
  },
  "color": {
    "dominantColorForeground": "Black",
    "dominantColorBackground": "Black",
    "dominantColors": [
      "Black"
    ],
    "accentColor": "111610",
    "isBWImg": false
  },
  "imageType": {
    "clipArtType": 0,
    "lineDrawingType": 0
  },
  "tags": [
    {
      "name": "human face",
      "confidence": 0.987113356590271
    },
    {
      "name": "clothing",
      "confidence": 0.9864417314529419
    },
    {
      "name": "person",
      "confidence": 0.9653737545013428
    },
    {
      "name": "man",
      "confidence": 0.9480443000793457
    },
    {
      "name": "gentleman",
      "confidence": 0.9153012037277222
    },
    {
      "name": "wearing",
      "confidence": 0.57704097032547
    },
    {
      "name": "indoor",
      "confidence": 0.5635202527046204
    },
    {
      "name": "hat",
      "confidence": 0.553650975227356
    },
    {
      "name": "musician",
      "confidence": 0.47245708107948303
    }
  ],
  "description": {
    "tags": [
      "person",
      "music",
      "brass"
    ],
    "captions": [
      {
        "text": "a group of men in a room",
        "confidence": 0.42734652757644653
      }
    ]
  },
  "faces": [],
  "objects": [
    {
      "rectangle": {
        "x": 196,
        "y": 28,
        "w": 398,
        "h": 553
      },
      "object": "person",
      "confidence": 0.693
    },
    {
      "rectangle": {
        "x": 706,
        "y": 87,
        "w": 414,
        "h": 557
      },
      "object": "person",
      "confidence": 0.853
    }
  ],
  "brands": [],
  "requestId": "c77cf7b7-4348-4d90-8e91-403e77dd57e0",
  "metadata": {
    "width": 1280,
    "height": 720,
    "format": "Png"
  },
  "modelVersion": "2021-05-01"
}