{
  "categories": [
    {
      "name": "others_",
      "score": 0.00390625
    },
    {
      "name": "people_",
      "score": 0.48046875
    }
  ],
  "adult": {
    "isAdultContent": false,
    "isRacyContent": false,
    "isGoryContent": false,
    "adultScore": 0.008534455671906471,
    "racyScore": 0.010021700523793697,
    "goreScore": 0.0005228176596574485
  },
  "color": {
    "dominantColorForeground": "Black",
    "dominantColorBackground": "Black",
    "dominantColors": [
      "Black"
    ],
    "accentColor": "485C83",
    "isBWImg": false
  },
  "imageType": {
    "clipArtType": 0,
    "lineDrawingType": 0
  },
  "tags": [
    {
      "name": "human face",
      "confidence": 0.993781328201294
    },
    {
      "name": "clothing",
      "confidence": 0.9760046005249023
    },
    {
      "name": "person",
      "confidence": 0.9537161588668823
    },
    {
      "name": "screenshot",
      "confidence": 0.9309015274047852
    },
    {
      "name": "man",
      "confidence": 0.9263788461685181
    },
    {
      "name": "gentleman",
      "confidence": 0.8885414600372314
    },
    {
      "name": "darkness",
      "confidence": 0.8733186721801758
    },
    {
      "name": "black",
      "confidence": 0.8724416494369507
    },
    {
      "name": "dark",
      "confidence": 0.6520388722419739
    },
    {
      "name": "wearing",
      "confidence": 0.5491087436676025
    },
    {
      "name": "indoor",
      "confidence": 0.5369272232055664
    }
  ],
  "description": {
    "tags": [
      "person",
      "man",
      "indoor",
      "necktie"
    ],
    "captions": [
      {
        "text": "a group of men in a room",
        "confidence": 0.4304497539997101
      }
    ]
  },
  "faces": [],
  "objects": [
    {
      "rectangle": {
        "x": 188,
        "y": 34,
        "w": 392,
        "h": 544
      },
      "object": "person",
      "confidence": 0.679
    },
    {
      "rectangle": {
        "x": 425,
        "y": 41,
        "w": 385,
        "h": 535
      },
      "object": "person",
      "confidence": 0.683
    },
    {
      "rectangle": {
        "x": 706,
        "y": 79,
        "w": 398,
        "h": 579
      },
      "object": "person",
      "confidence": 0.799
    }
  ],
  "brands": [],
  "requestId": "b21ba21b-83fb-49e6-bdff-385975a39b82",
  "metadata": {
    "width": 1280,
    "height": 720,
    "format": "Png"
  },
  "modelVersion": "2021-05-01"
}