{
  "categories": [
    {
      "name": "others_",
      "score": 0.00390625
    }
  ],
  "adult": {
    "isAdultContent": false,
    "isRacyContent": false,
    "isGoryContent": false,
    "adultScore": 0.007089632097631693,
    "racyScore": 0.008434425108134747,
    "goreScore": 0.0006818149122409523
  },
  "color": {
    "dominantColorForeground": "Black",
    "dominantColorBackground": "Black",
    "dominantColors": [
      "Black"
    ],
    "accentColor": "2051AB",
    "isBWImg": false
  },
  "imageType": {
    "clipArtType": 0,
    "lineDrawingType": 0
  },
  "tags": [
    {
      "name": "human face",
      "confidence": 0.9931808114051819
    },
    {
      "name": "clothing",
      "confidence": 0.9791057109832764
    },
    {
      "name": "person",
      "confidence": 0.9720834493637085
    },
    {
      "name": "man",
      "confidence": 0.9015393257141113
    },
    {
      "name": "screenshot",
      "confidence": 0.8927200436592102
    },
    {
      "name": "darkness",
      "confidence": 0.8677055239677429
    },
    {
      "name": "black",
      "confidence": 0.8412870168685913
    },
    {
      "name": "dark",
      "confidence": 0.5844311714172363
    },
    {
      "name": "indoor",
      "confidence": 0.5718482136726379
    }
  ],
  "description": {
    "tags": [
      "person",
      "man"
    ],
    "captions": [
      {
        "text": "a group of men in a room",
        "confidence": 0.4153015613555908
      }
    ]
  },
  "faces": [],
  "objects": [
    {
      "rectangle": {
        "x": 199,
        "y": 42,
        "w": 377,
        "h": 534
      },
      "object": "person",
      "confidence": 0.628
    },
    {
      "rectangle": {
        "x": 458,
        "y": 40,
        "w": 386,
        "h": 535
      },
      "object": "person",
      "confidence": 0.595
    },
    {
      "rectangle": {
        "x": 716,
        "y": 79,
        "w": 402,
        "h": 565
      },
      "object": "person",
      "confidence": 0.829
    }
  ],
  "brands": [],
  "requestId": "a441bc80-cda1-492c-b57b-cd1e4949ef0e",
  "metadata": {
    "width": 1280,
    "height": 720,
    "format": "Png"
  },
  "modelVersion": "2021-05-01"
}