{
  "categories": [
    {
      "name": "people_",
      "score": 0.44921875
    }
  ],
  "adult": {
    "isAdultContent": false,
    "isRacyContent": false,
    "isGoryContent": false,
    "adultScore": 0.009774400852620602,
    "racyScore": 0.012147203087806702,
    "goreScore": 0.0005447385483421385
  },
  "color": {
    "dominantColorForeground": "Black",
    "dominantColorBackground": "Black",
    "dominantColors": [
      "Black"
    ],
    "accentColor": "244273",
    "isBWImg": false
  },
  "imageType": {
    "clipArtType": 0,
    "lineDrawingType": 0
  },
  "tags": [
    {
      "name": "human face",
      "confidence": 0.9895087480545044
    },
    {
      "name": "clothing",
      "confidence": 0.9734517335891724
    },
    {
      "name": "person",
      "confidence": 0.9481645822525024
    },
    {
      "name": "man",
      "confidence": 0.9234797358512878
    },
    {
      "name": "gentleman",
      "confidence": 0.9076839685440063
    },
    {
      "name": "screenshot",
      "confidence": 0.9056504964828491
    },
    {
      "name": "darkness",
      "confidence": 0.876635730266571
    },
    {
      "name": "black",
      "confidence": 0.8543300628662109
    },
    {
      "name": "dark",
      "confidence": 0.6260101795196533
    },
    {
      "name": "indoor",
      "confidence": 0.5315360426902771
    },
    {
      "name": "wearing",
      "confidence": 0.5261307954788208
    },
    {
      "name": "music",
      "confidence": 0.4350315034389496
    }
  ],
  "description": {
    "tags": [
      "person",
      "indoor",
      "man"
    ],
    "captions": [
      {
        "text": "a man holding a gun",
        "confidence": 0.3320792615413666
      }
    ]
  },
  "faces": [],
  "objects": [
    {
      "rectangle": {
        "x": 195,
        "y": 44,
        "w": 397,
        "h": 524
      },
      "object": "person",
      "confidence": 0.666
    },
    {
      "rectangle": {
        "x": 698,
        "y": 95,
        "w": 401,
        "h": 549
      },
      "object": "person",
      "confidence": 0.83
    }
  ],
  "brands": [],
  "requestId": "c1d2fb2d-1bb1-4d36-a5a2-d0eea27be1f2",
  "metadata": {
    "width": 1280,
    "height": 720,
    "format": "Png"
  },
  "modelVersion": "2021-05-01"
}