{
  "categories": [
    {
      "name": "abstract_",
      "score": 0.00390625
    },
    {
      "name": "others_",
      "score": 0.05859375
    }
  ],
  "adult": {
    "isAdultContent": false,
    "isRacyContent": false,
    "isGoryContent": false,
    "adultScore": 0.005566014908254147,
    "racyScore": 0.00691212946549058,
    "goreScore": 0.000274678721325472
  },
  "color": {
    "dominantColorForeground": "Black",
    "dominantColorBackground": "Black",
    "dominantColors": [
      "Black"
    ],
    "accentColor": "394461",
    "isBWImg": false
  },
  "imageType": {
    "clipArtType": 0,
    "lineDrawingType": 0
  },
  "tags": [
    {
      "name": "human face",
      "confidence": 0.988783597946167
    },
    {
      "name": "person",
      "confidence": 0.9803623557090759
    },
    {
      "name": "clothing",
      "confidence": 0.9693562984466553
    },
    {
      "name": "man",
      "confidence": 0.9327799081802368
    },
    {
      "name": "screenshot",
      "confidence": 0.8896380662918091
    },
    {
      "name": "darkness",
      "confidence": 0.8655824065208435
    },
    {
      "name": "black",
      "confidence": 0.8619066476821899
    },
    {
      "name": "indoor",
      "confidence": 0.6512330770492554
    }
  ],
  "description": {
    "tags": [
      "person",
      "man",
      "dark"
    ],
    "captions": [
      {
        "text": "a group of men in a room",
        "confidence": 0.42122626304626465
      }
    ]
  },
  "faces": [],
  "objects": [
    {
      "rectangle": {
        "x": 214,
        "y": 50,
        "w": 257,
        "h": 351
      },
      "object": "person",
      "confidence": 0.546
    },
    {
      "rectangle": {
        "x": 815,
        "y": 96,
        "w": 443,
        "h": 553
      },
      "object": "person",
      "confidence": 0.809
    }
  ],
  "brands": [],
  "requestId": "bce3b2f3-55a3-45dc-b9df-8fd1d012b29e",
  "metadata": {
    "width": 1280,
    "height": 720,
    "format": "Png"
  },
  "modelVersion": "2021-05-01"
}