{
  "categories": [
    {
      "name": "others_",
      "score": 0.0078125
    },
    {
      "name": "outdoor_",
      "score": 0.00390625,
      "detail": {
        "landmarks": []
      }
    }
  ],
  "adult": {
    "isAdultContent": false,
    "isRacyContent": false,
    "isGoryContent": false,
    "adultScore": 0.006109109614044428,
    "racyScore": 0.0067413789220154285,
    "goreScore": 0.0011659440351650119
  },
  "color": {
    "dominantColorForeground": "Blue",
    "dominantColorBackground": "Blue",
    "dominantColors": [
      "Blue"
    ],
    "accentColor": "0C5FBF",
    "isBWImg": false
  },
  "imageType": {
    "clipArtType": 0,
    "lineDrawingType": 0
  },
  "tags": [
    {
      "name": "person",
      "confidence": 0.99406898021698
    },
    {
      "name": "human face",
      "confidence": 0.9842099547386169
    },
    {
      "name": "hat",
      "confidence": 0.9705180525779724
    },
    {
      "name": "smile",
      "confidence": 0.9647858142852783
    },
    {
      "name": "clothing",
      "confidence": 0.9584594368934631
    },
    {
      "name": "jaw",
      "confidence": 0.8850718140602112
    },
    {
      "name": "chin",
      "confidence": 0.879307746887207
    },
    {
      "name": "man",
      "confidence": 0.8749549388885498
    },
    {
      "name": "lip",
      "confidence": 0.8554086089134216
    },
    {
      "name": "tooth",
      "confidence": 0.8433473110198975
    },
    {
      "name": "wearing",
      "confidence": 0.8274672031402588
    }
  ],
  "description": {
    "tags": [
      "sky",
      "person",
      "man",
      "outdoor",
      "blue",
      "posing",
      "staring"
    ],
    "captions": [
      {
        "text": "Joss Ackland wearing a hat",
        "confidence": 0.541178822517395
      }
    ]
  },
  "faces": [
    {
      "age": 46,
      "gender": "Male",
      "faceRectangle": {
        "left": 325,
        "top": 82,
        "width": 414,
        "height": 414
      }
    }
  ],
  "objects": [
    {
      "rectangle": {
        "x": 21,
        "y": 29,
        "w": 880,
        "h": 687
      },
      "object": "person",
      "confidence": 0.614
    }
  ],
  "brands": [],
  "requestId": "718be351-f168-4f78-b2ed-1b5c74e8d6d4",
  "metadata": {
    "width": 1280,
    "height": 720,
    "format": "Png"
  },
  "modelVersion": "2021-05-01"
}