{
  "categories": [
    {
      "name": "abstract_",
      "score": 0.00390625
    },
    {
      "name": "others_",
      "score": 0.02734375
    },
    {
      "name": "outdoor_",
      "score": 0.0078125,
      "detail": {
        "landmarks": []
      }
    }
  ],
  "adult": {
    "isAdultContent": false,
    "isRacyContent": false,
    "isGoryContent": false,
    "adultScore": 0.02197626233100891,
    "racyScore": 0.15128830075263977,
    "goreScore": 0.0013420649338513613
  },
  "color": {
    "dominantColorForeground": "Black",
    "dominantColorBackground": "Black",
    "dominantColors": [
      "Black",
      "Grey"
    ],
    "accentColor": "3C668F",
    "isBWImg": false
  },
  "imageType": {
    "clipArtType": 0,
    "lineDrawingType": 0
  },
  "tags": [
    {
      "name": "outdoor",
      "confidence": 0.9941920638084412
    },
    {
      "name": "person",
      "confidence": 0.9765142798423767
    },
    {
      "name": "people",
      "confidence": 0.9673642516136169
    },
    {
      "name": "sky",
      "confidence": 0.9663784503936768
    },
    {
      "name": "group",
      "confidence": 0.9103372693061829
    },
    {
      "name": "clothing",
      "confidence": 0.9058302044868469
    },
    {
      "name": "man",
      "confidence": 0.9057130813598633
    },
    {
      "name": "water",
      "confidence": 0.8942426443099976
    },
    {
      "name": "mammal",
      "confidence": 0.882876992225647
    },
    {
      "name": "swimming",
      "confidence": 0.6661711931228638
    }
  ],
  "description": {
    "tags": [],
    "captions": [
      {
        "text": "a group of people on a beach",
        "confidence": 0.5275951623916626
      }
    ]
  },
  "faces": [],
  "objects": [
    {
      "rectangle": {
        "x": 716,
        "y": 135,
        "w": 110,
        "h": 309
      },
      "object": "person",
      "confidence": 0.593
    },
    {
      "rectangle": {
        "x": 5,
        "y": 311,
        "w": 117,
        "h": 403
      },
      "object": "person",
      "confidence": 0.598
    }
  ],
  "brands": [],
  "requestId": "6c231b50-4fae-4699-a782-beab5aef38ba",
  "metadata": {
    "width": 1280,
    "height": 720,
    "format": "Png"
  },
  "modelVersion": "2021-05-01"
}