{
  "categories": [
    {
      "name": "others_",
      "score": 0.00390625
    },
    {
      "name": "people_",
      "score": 0.4765625
    }
  ],
  "adult": {
    "isAdultContent": false,
    "isRacyContent": false,
    "isGoryContent": false,
    "adultScore": 0.004179369192570448,
    "racyScore": 0.005454303231090307,
    "goreScore": 0.00040843631722964346
  },
  "color": {
    "dominantColorForeground": "Black",
    "dominantColorBackground": "Black",
    "dominantColors": [
      "Black"
    ],
    "accentColor": "2B5CA0",
    "isBWImg": false
  },
  "imageType": {
    "clipArtType": 0,
    "lineDrawingType": 0
  },
  "tags": [
    {
      "name": "human face",
      "confidence": 0.9948086738586426
    },
    {
      "name": "clothing",
      "confidence": 0.9775112867355347
    },
    {
      "name": "person",
      "confidence": 0.9657270908355713
    },
    {
      "name": "man",
      "confidence": 0.9147776365280151
    },
    {
      "name": "screenshot",
      "confidence": 0.9047486782073975
    },
    {
      "name": "darkness",
      "confidence": 0.8846321105957031
    },
    {
      "name": "gentleman",
      "confidence": 0.8406921029090881
    },
    {
      "name": "indoor",
      "confidence": 0.6600250005722046
    },
    {
      "name": "dark",
      "confidence": 0.6257227659225464
    }
  ],
  "description": {
    "tags": [
      "person",
      "man",
      "music",
      "indoor",
      "dark"
    ],
    "captions": [
      {
        "text": "a man holding a gun",
        "confidence": 0.41602787375450134
      }
    ]
  },
  "faces": [],
  "objects": [
    {
      "rectangle": {
        "x": 179,
        "y": 28,
        "w": 404,
        "h": 549
      },
      "object": "person",
      "confidence": 0.605
    },
    {
      "rectangle": {
        "x": 439,
        "y": 35,
        "w": 352,
        "h": 538
      },
      "object": "person",
      "confidence": 0.658
    },
    {
      "rectangle": {
        "x": 716,
        "y": 78,
        "w": 392,
        "h": 570
      },
      "object": "person",
      "confidence": 0.833
    }
  ],
  "brands": [],
  "requestId": "2ca9c519-d7da-4cf9-943f-8c2fe4d89c54",
  "metadata": {
    "width": 1280,
    "height": 720,
    "format": "Png"
  },
  "modelVersion": "2021-05-01"
}