{
  "categories": [
    {
      "name": "others_",
      "score": 0.00390625
    },
    {
      "name": "people_",
      "score": 0.41015625,
      "detail": {
        "celebrities": []
      }
    }
  ],
  "adult": {
    "isAdultContent": false,
    "isRacyContent": false,
    "isGoryContent": false,
    "adultScore": 0.005728072486817837,
    "racyScore": 0.007022909354418516,
    "goreScore": 0.00048681878251954913
  },
  "color": {
    "dominantColorForeground": "Black",
    "dominantColorBackground": "Black",
    "dominantColors": [
      "Black"
    ],
    "accentColor": "325B99",
    "isBWImg": false
  },
  "imageType": {
    "clipArtType": 0,
    "lineDrawingType": 0
  },
  "tags": [
    {
      "name": "human face",
      "confidence": 0.9953587651252747
    },
    {
      "name": "clothing",
      "confidence": 0.9859768152236938
    },
    {
      "name": "person",
      "confidence": 0.9777816534042358
    },
    {
      "name": "man",
      "confidence": 0.9352453947067261
    },
    {
      "name": "gentleman",
      "confidence": 0.9021956920623779
    },
    {
      "name": "screenshot",
      "confidence": 0.9020922183990479
    },
    {
      "name": "indoor",
      "confidence": 0.7253168821334839
    },
    {
      "name": "wearing",
      "confidence": 0.6526888012886047
    },
    {
      "name": "dark",
      "confidence": 0.5668389201164246
    },
    {
      "name": "band",
      "confidence": 0.4256407916545868
    }
  ],
  "description": {
    "tags": [
      "person",
      "indoor"
    ],
    "captions": [
      {
        "text": "a group of men",
        "confidence": 0.4426850378513336
      }
    ]
  },
  "faces": [
    {
      "age": 29,
      "gender": "Male",
      "faceRectangle": {
        "left": 820,
        "top": 129,
        "width": 168,
        "height": 168
      }
    }
  ],
  "objects": [
    {
      "rectangle": {
        "x": 190,
        "y": 29,
        "w": 387,
        "h": 548
      },
      "object": "person",
      "confidence": 0.596
    },
    {
      "rectangle": {
        "x": 429,
        "y": 36,
        "w": 356,
        "h": 539
      },
      "object": "person",
      "confidence": 0.573
    },
    {
      "rectangle": {
        "x": 714,
        "y": 82,
        "w": 390,
        "h": 573
      },
      "object": "person",
      "confidence": 0.859
    }
  ],
  "brands": [],
  "requestId": "f4ee88a2-8cdc-4461-9d6b-a3d715b392dd",
  "metadata": {
    "width": 1280,
    "height": 720,
    "format": "Png"
  },
  "modelVersion": "2021-05-01"
}