{
  "categories": [
    {
      "name": "others_",
      "score": 0.00390625
    },
    {
      "name": "people_",
      "score": 0.4375,
      "detail": {
        "celebrities": []
      }
    }
  ],
  "adult": {
    "isAdultContent": false,
    "isRacyContent": false,
    "isGoryContent": false,
    "adultScore": 0.004282863810658455,
    "racyScore": 0.005433021113276482,
    "goreScore": 0.0004611422773450613
  },
  "color": {
    "dominantColorForeground": "Black",
    "dominantColorBackground": "Black",
    "dominantColors": [
      "Black"
    ],
    "accentColor": "265BA5",
    "isBWImg": false
  },
  "imageType": {
    "clipArtType": 0,
    "lineDrawingType": 0
  },
  "tags": [
    {
      "name": "human face",
      "confidence": 0.9912005066871643
    },
    {
      "name": "clothing",
      "confidence": 0.9821867942810059
    },
    {
      "name": "person",
      "confidence": 0.966075599193573
    },
    {
      "name": "man",
      "confidence": 0.928615927696228
    },
    {
      "name": "screenshot",
      "confidence": 0.9000964164733887
    },
    {
      "name": "indoor",
      "confidence": 0.7062002420425415
    }
  ],
  "description": {
    "tags": [
      "person",
      "indoor",
      "man",
      "dark"
    ],
    "captions": [
      {
        "text": "a couple of men in a car",
        "confidence": 0.36445724964141846
      }
    ]
  },
  "faces": [
    {
      "age": 24,
      "gender": "Male",
      "faceRectangle": {
        "left": 867,
        "top": 112,
        "width": 160,
        "height": 160
      }
    }
  ],
  "objects": [
    {
      "rectangle": {
        "x": 188,
        "y": 33,
        "w": 403,
        "h": 549
      },
      "object": "person",
      "confidence": 0.656
    },
    {
      "rectangle": {
        "x": 707,
        "y": 30,
        "w": 409,
        "h": 625
      },
      "object": "person",
      "confidence": 0.777
    }
  ],
  "brands": [],
  "requestId": "d7e693b9-178f-4374-9cfb-c76e6696922d",
  "metadata": {
    "width": 1280,
    "height": 720,
    "format": "Png"
  },
  "modelVersion": "2021-05-01"
}