{
  "categories": [
    {
      "name": "abstract_",
      "score": 0.01171875
    },
    {
      "name": "dark_",
      "score": 0.44140625
    },
    {
      "name": "others_",
      "score": 0.0078125
    }
  ],
  "adult": {
    "isAdultContent": false,
    "isRacyContent": false,
    "isGoryContent": false,
    "adultScore": 0.01424392405897379,
    "racyScore": 0.025144683197140694,
    "goreScore": 0.0024604476056993008
  },
  "color": {
    "dominantColorForeground": "Black",
    "dominantColorBackground": "Black",
    "dominantColors": [
      "Black"
    ],
    "accentColor": "3D778E",
    "isBWImg": false
  },
  "imageType": {
    "clipArtType": 1,
    "lineDrawingType": 0
  },
  "tags": [
    {
      "name": "screenshot",
      "confidence": 0.9501057863235474
    },
    {
      "name": "black",
      "confidence": 0.8558018803596497
    },
    {
      "name": "snapshot",
      "confidence": 0.8419150114059448
    },
    {
      "name": "person",
      "confidence": 0.8102856874465942
    },
    {
      "name": "street",
      "confidence": 0.6914504170417786
    }
  ],
  "description": {
    "tags": [
      "text"
    ],
    "captions": [
      {
        "text": "a group of people in a dark room",
        "confidence": 0.49898093938827515
      }
    ]
  },
  "faces": [],
  "objects": [],
  "brands": [],
  "requestId": "68b6be79-6deb-494a-ad24-f5e360c6e4ff",
  "metadata": {
    "width": 1280,
    "height": 720,
    "format": "Png"
  },
  "modelVersion": "2021-05-01"
}