{
  "categories": [
    {
      "name": "others_",
      "score": 0.02734375
    },
    {
      "name": "people_",
      "score": 0.3125
    }
  ],
  "adult": {
    "isAdultContent": false,
    "isRacyContent": false,
    "isGoryContent": false,
    "adultScore": 0.007388591300696135,
    "racyScore": 0.008668928407132626,
    "goreScore": 0.00046424558968283236
  },
  "color": {
    "dominantColorForeground": "Black",
    "dominantColorBackground": "Black",
    "dominantColors": [
      "Black"
    ],
    "accentColor": "1E5CAD",
    "isBWImg": false
  },
  "imageType": {
    "clipArtType": 0,
    "lineDrawingType": 0
  },
  "tags": [
    {
      "name": "human face",
      "confidence": 0.9895036816596985
    },
    {
      "name": "person",
      "confidence": 0.9863438010215759
    },
    {
      "name": "clothing",
      "confidence": 0.9809090495109558
    },
    {
      "name": "man",
      "confidence": 0.9062466025352478
    },
    {
      "name": "indoor",
      "confidence": 0.6890325546264648
    }
  ],
  "description": {
    "tags": [
      "person",
      "man",
      "dark"
    ],
    "captions": [
      {
        "text": "a group of men in uniform",
        "confidence": 0.46895816922187805
      }
    ]
  },
  "faces": [],
  "objects": [
    {
      "rectangle": {
        "x": 201,
        "y": 42,
        "w": 374,
        "h": 533
      },
      "object": "person",
      "confidence": 0.597
    },
    {
      "rectangle": {
        "x": 446,
        "y": 33,
        "w": 413,
        "h": 543
      },
      "object": "person",
      "confidence": 0.667
    },
    {
      "rectangle": {
        "x": 729,
        "y": 39,
        "w": 444,
        "h": 615
      },
      "object": "person",
      "confidence": 0.787
    }
  ],
  "brands": [],
  "requestId": "8d665ce1-a080-41fb-84d4-fe677ef3fc39",
  "metadata": {
    "width": 1280,
    "height": 720,
    "format": "Png"
  },
  "modelVersion": "2021-05-01"
}