{
  "categories": [
    {
      "name": "others_",
      "score": 0.00390625
    },
    {
      "name": "people_",
      "score": 0.48046875
    }
  ],
  "adult": {
    "isAdultContent": false,
    "isRacyContent": false,
    "isGoryContent": false,
    "adultScore": 0.007456164341419935,
    "racyScore": 0.009426215663552284,
    "goreScore": 0.0008258926100097597
  },
  "color": {
    "dominantColorForeground": "Black",
    "dominantColorBackground": "Black",
    "dominantColors": [
      "Black"
    ],
    "accentColor": "455B86",
    "isBWImg": false
  },
  "imageType": {
    "clipArtType": 0,
    "lineDrawingType": 0
  },
  "tags": [
    {
      "name": "human face",
      "confidence": 0.9925349950790405
    },
    {
      "name": "clothing",
      "confidence": 0.9753154516220093
    },
    {
      "name": "person",
      "confidence": 0.9540456533432007
    },
    {
      "name": "screenshot",
      "confidence": 0.9012213945388794
    },
    {
      "name": "man",
      "confidence": 0.8877323865890503
    },
    {
      "name": "darkness",
      "confidence": 0.8628844618797302
    },
    {
      "name": "gentleman",
      "confidence": 0.8547763824462891
    },
    {
      "name": "indoor",
      "confidence": 0.6124019622802734
    },
    {
      "name": "dark",
      "confidence": 0.5850489735603333
    }
  ],
  "description": {
    "tags": [
      "man",
      "person",
      "indoor",
      "dark"
    ],
    "captions": [
      {
        "text": "a group of men in a dark room",
        "confidence": 0.4658420979976654
      }
    ]
  },
  "faces": [],
  "objects": [
    {
      "rectangle": {
        "x": 189,
        "y": 52,
        "w": 405,
        "h": 587
      },
      "object": "person",
      "confidence": 0.685
    },
    {
      "rectangle": {
        "x": 710,
        "y": 84,
        "w": 395,
        "h": 569
      },
      "object": "person",
      "confidence": 0.804
    }
  ],
  "brands": [],
  "requestId": "0e0fe780-9285-47ee-8c0e-c7843350dfcc",
  "metadata": {
    "width": 1280,
    "height": 720,
    "format": "Png"
  },
  "modelVersion": "2021-05-01"
}