{
  "categories": [
    {
      "name": "abstract_",
      "score": 0.0234375
    },
    {
      "name": "others_",
      "score": 0.0390625
    },
    {
      "name": "outdoor_",
      "score": 0.0078125,
      "detail": {
        "landmarks": []
      }
    }
  ],
  "adult": {
    "isAdultContent": false,
    "isRacyContent": false,
    "isGoryContent": false,
    "adultScore": 0.007218517828732729,
    "racyScore": 0.018881510943174362,
    "goreScore": 0.000847896037157625
  },
  "color": {
    "dominantColorForeground": "Black",
    "dominantColorBackground": "Black",
    "dominantColors": [
      "Black"
    ],
    "accentColor": "976434",
    "isBWImg": false
  },
  "imageType": {
    "clipArtType": 0,
    "lineDrawingType": 0
  },
  "tags": [
    {
      "name": "fish",
      "confidence": 0.9781997203826904
    },
    {
      "name": "animal",
      "confidence": 0.9612294435501099
    },
    {
      "name": "street",
      "confidence": 0.6040574312210083
    }
  ],
  "description": {
    "tags": [
      "indoor"
    ],
    "captions": [
      {
        "text": "a person walking in a car",
        "confidence": 0.2779882550239563
      }
    ]
  },
  "faces": [],
  "objects": [],
  "brands": [],
  "requestId": "8f49d996-1593-44ef-b4d6-22846b57c5ce",
  "metadata": {
    "width": 1280,
    "height": 720,
    "format": "Png"
  },
  "modelVersion": "2021-05-01"
}