{
  "categories": [
    {
      "name": "others_",
      "score": 0.03125
    },
    {
      "name": "outdoor_",
      "score": 0.00390625,
      "detail": {
        "landmarks": []
      }
    }
  ],
  "adult": {
    "isAdultContent": false,
    "isRacyContent": false,
    "isGoryContent": false,
    "adultScore": 0.007962169125676155,
    "racyScore": 0.00939548946917057,
    "goreScore": 0.0014856780180707574
  },
  "color": {
    "dominantColorForeground": "Black",
    "dominantColorBackground": "Blue",
    "dominantColors": [
      "Blue",
      "Black"
    ],
    "accentColor": "0855C3",
    "isBWImg": false
  },
  "imageType": {
    "clipArtType": 0,
    "lineDrawingType": 0
  },
  "tags": [
    {
      "name": "human face",
      "confidence": 0.9871926307678223
    },
    {
      "name": "person",
      "confidence": 0.9841142892837524
    },
    {
      "name": "cloud",
      "confidence": 0.8590121269226074
    },
    {
      "name": "hat",
      "confidence": 0.7416766285896301
    },
    {
      "name": "wearing",
      "confidence": 0.5581842660903931
    }
  ],
  "description": {
    "tags": [
      "person",
      "man"
    ],
    "captions": [
      {
        "text": "a man wearing a hat",
        "confidence": 0.5143424272537231
      }
    ]
  },
  "faces": [],
  "objects": [
    {
      "rectangle": {
        "x": 1,
        "y": 48,
        "w": 793,
        "h": 662
      },
      "object": "person",
      "confidence": 0.702
    }
  ],
  "brands": [],
  "requestId": "30a2f8bc-891c-4493-baf4-0acd9e4c1469",
  "metadata": {
    "width": 1280,
    "height": 720,
    "format": "Png"
  },
  "modelVersion": "2021-05-01"
}