{
  "categories": [
    {
      "name": "dark_",
      "score": 0.5
    }
  ],
  "adult": {
    "isAdultContent": false,
    "isRacyContent": false,
    "isGoryContent": false,
    "adultScore": 0.006983957253396511,
    "racyScore": 0.03996337950229645,
    "goreScore": 0.0007720151334069669
  },
  "color": {
    "dominantColorForeground": "Black",
    "dominantColorBackground": "Black",
    "dominantColors": [
      "Black"
    ],
    "accentColor": "344E97",
    "isBWImg": false
  },
  "imageType": {
    "clipArtType": 1,
    "lineDrawingType": 0
  },
  "tags": [
    {
      "name": "darkness",
      "confidence": 0.9572899341583252
    },
    {
      "name": "black",
      "confidence": 0.9494131803512573
    },
    {
      "name": "screenshot",
      "confidence": 0.9166808724403381
    },
    {
      "name": "dark",
      "confidence": 0.4726371169090271
    }
  ],
  "description": {
    "tags": [
      "indoor",
      "dark",
      "night sky"
    ],
    "captions": [
      {
        "text": "a blurry image of a person holding a light saber",
        "confidence": 0.38693419098854065
      }
    ]
  },
  "faces": [],
  "objects": [],
  "brands": [],
  "requestId": "d156e39d-9c99-4ecf-82c5-a1fc840b5e32",
  "metadata": {
    "width": 1280,
    "height": 720,
    "format": "Png"
  },
  "modelVersion": "2021-05-01"
}