{
  "categories": [
    {
      "name": "others_",
      "score": 0.00390625
    },
    {
      "name": "people_",
      "score": 0.390625
    }
  ],
  "adult": {
    "isAdultContent": false,
    "isRacyContent": false,
    "isGoryContent": false,
    "adultScore": 0.005306063685566187,
    "racyScore": 0.00715065049007535,
    "goreScore": 0.0006248035351745784
  },
  "color": {
    "dominantColorForeground": "Black",
    "dominantColorBackground": "Black",
    "dominantColors": [
      "Black"
    ],
    "accentColor": "1260B9",
    "isBWImg": false
  },
  "imageType": {
    "clipArtType": 1,
    "lineDrawingType": 0
  },
  "tags": [
    {
      "name": "human face",
      "confidence": 0.9935192465782166
    },
    {
      "name": "clothing",
      "confidence": 0.9755681753158569
    },
    {
      "name": "person",
      "confidence": 0.9720388650894165
    },
    {
      "name": "screenshot",
      "confidence": 0.918734073638916
    },
    {
      "name": "man",
      "confidence": 0.8931145071983337
    },
    {
      "name": "darkness",
      "confidence": 0.8843311071395874
    },
    {
      "name": "black",
      "confidence": 0.8697967529296875
    },
    {
      "name": "gentleman",
      "confidence": 0.8436200618743896
    },
    {
      "name": "dark",
      "confidence": 0.5767406821250916
    },
    {
      "name": "wearing",
      "confidence": 0.5313754677772522
    }
  ],
  "description": {
    "tags": [
      "man",
      "person",
      "dark",
      "necktie"
    ],
    "captions": [
      {
        "text": "a group of men in a dark room",
        "confidence": 0.47377118468284607
      }
    ]
  },
  "faces": [],
  "objects": [
    {
      "rectangle": {
        "x": 197,
        "y": 46,
        "w": 391,
        "h": 526
      },
      "object": "person",
      "confidence": 0.727
    },
    {
      "rectangle": {
        "x": 729,
        "y": 71,
        "w": 410,
        "h": 579
      },
      "object": "person",
      "confidence": 0.83
    }
  ],
  "brands": [],
  "requestId": "040485ce-a81c-47d4-a035-023a11f87328",
  "metadata": {
    "width": 1280,
    "height": 720,
    "format": "Png"
  },
  "modelVersion": "2021-05-01"
}