{
  "categories": [
    {
      "name": "abstract_",
      "score": 0.00390625
    },
    {
      "name": "others_",
      "score": 0.0234375
    }
  ],
  "adult": {
    "isAdultContent": false,
    "isRacyContent": false,
    "isGoryContent": false,
    "adultScore": 0.010709702968597412,
    "racyScore": 0.012180652469396591,
    "goreScore": 0.0007445084629580379
  },
  "color": {
    "dominantColorForeground": "Black",
    "dominantColorBackground": "Black",
    "dominantColors": [
      "Black"
    ],
    "accentColor": "1F5BAC",
    "isBWImg": false
  },
  "imageType": {
    "clipArtType": 0,
    "lineDrawingType": 0
  },
  "tags": [
    {
      "name": "human face",
      "confidence": 0.9879006147384644
    },
    {
      "name": "clothing",
      "confidence": 0.9820518493652344
    },
    {
      "name": "person",
      "confidence": 0.9690502285957336
    },
    {
      "name": "man",
      "confidence": 0.8997200727462769
    },
    {
      "name": "gentleman",
      "confidence": 0.86935955286026
    },
    {
      "name": "indoor",
      "confidence": 0.7946885824203491
    },
    {
      "name": "wearing",
      "confidence": 0.6131318211555481
    },
    {
      "name": "hat",
      "confidence": 0.6115611791610718
    }
  ],
  "description": {
    "tags": [
      "person",
      "man",
      "indoor"
    ],
    "captions": [
      {
        "text": "a group of men in a room",
        "confidence": 0.4344824254512787
      }
    ]
  },
  "faces": [],
  "objects": [
    {
      "rectangle": {
        "x": 518,
        "y": 40,
        "w": 290,
        "h": 511
      },
      "object": "person",
      "confidence": 0.629
    },
    {
      "rectangle": {
        "x": 183,
        "y": 21,
        "w": 413,
        "h": 567
      },
      "object": "person",
      "confidence": 0.718
    },
    {
      "rectangle": {
        "x": 703,
        "y": 57,
        "w": 411,
        "h": 589
      },
      "object": "person",
      "confidence": 0.819
    }
  ],
  "brands": [],
  "requestId": "99f42e42-113a-47b1-8808-0bc2208d3c46",
  "metadata": {
    "width": 1280,
    "height": 720,
    "format": "Png"
  },
  "modelVersion": "2021-05-01"
}