{
  "categories": [
    {
      "name": "people_",
      "score": 0.453125,
      "detail": {
        "celebrities": []
      }
    }
  ],
  "adult": {
    "isAdultContent": false,
    "isRacyContent": false,
    "isGoryContent": false,
    "adultScore": 0.004879212938249111,
    "racyScore": 0.006278072949498892,
    "goreScore": 0.00039711230783723295
  },
  "color": {
    "dominantColorForeground": "Black",
    "dominantColorBackground": "Black",
    "dominantColors": [
      "Black"
    ],
    "accentColor": "135DB8",
    "isBWImg": false
  },
  "imageType": {
    "clipArtType": 0,
    "lineDrawingType": 0
  },
  "tags": [
    {
      "name": "human face",
      "confidence": 0.9950426816940308
    },
    {
      "name": "person",
      "confidence": 0.9714572429656982
    },
    {
      "name": "clothing",
      "confidence": 0.9682408571243286
    },
    {
      "name": "man",
      "confidence": 0.9458128213882446
    },
    {
      "name": "screenshot",
      "confidence": 0.9080986976623535
    },
    {
      "name": "indoor",
      "confidence": 0.7787185907363892
    }
  ],
  "description": {
    "tags": [
      "person",
      "indoor",
      "music",
      "dark"
    ],
    "captions": [
      {
        "text": "a group of men in a room",
        "confidence": 0.44282016158103943
      }
    ]
  },
  "faces": [
    {
      "age": 28,
      "gender": "Male",
      "faceRectangle": {
        "left": 848,
        "top": 120,
        "width": 166,
        "height": 166
      }
    }
  ],
  "objects": [
    {
      "rectangle": {
        "x": 715,
        "y": 48,
        "w": 395,
        "h": 594
      },
      "object": "person",
      "confidence": 0.839
    }
  ],
  "brands": [],
  "requestId": "426a42ba-71f9-4ef2-9079-1ac7824e62bc",
  "metadata": {
    "width": 1280,
    "height": 720,
    "format": "Png"
  },
  "modelVersion": "2021-05-01"
}