{
  "categories": [
    {
      "name": "abstract_",
      "score": 0.01171875
    },
    {
      "name": "others_",
      "score": 0.01171875
    },
    {
      "name": "outdoor_",
      "score": 0.00390625,
      "detail": {
        "landmarks": []
      }
    },
    {
      "name": "people_",
      "score": 0.3828125
    }
  ],
  "adult": {
    "isAdultContent": false,
    "isRacyContent": false,
    "isGoryContent": false,
    "adultScore": 0.04819076880812645,
    "racyScore": 0.05917469412088394,
    "goreScore": 0.0019329715287312865
  },
  "color": {
    "dominantColorForeground": "Black",
    "dominantColorBackground": "Black",
    "dominantColors": [
      "Black",
      "Grey"
    ],
    "accentColor": "34485D",
    "isBWImg": false
  },
  "imageType": {
    "clipArtType": 0,
    "lineDrawingType": 0
  },
  "tags": [
    {
      "name": "person",
      "confidence": 0.9940106868743896
    },
    {
      "name": "clothing",
      "confidence": 0.9858488440513611
    },
    {
      "name": "snapshot",
      "confidence": 0.8856381177902222
    },
    {
      "name": "indoor",
      "confidence": 0.8184311985969543
    },
    {
      "name": "woman",
      "confidence": 0.7870749831199646
    },
    {
      "name": "wall",
      "confidence": 0.7847408652305603
    },
    {
      "name": "black",
      "confidence": 0.686298131942749
    },
    {
      "name": "girl",
      "confidence": 0.6110661625862122
    },
    {
      "name": "using",
      "confidence": 0.5269256830215454
    }
  ],
  "description": {
    "tags": [
      "person",
      "indoor"
    ],
    "captions": [
      {
        "text": "a couple of people dancing",
        "confidence": 0.36629459261894226
      }
    ]
  },
  "faces": [],
  "objects": [
    {
      "rectangle": {
        "x": 968,
        "y": 440,
        "w": 312,
        "h": 280
      },
      "object": "mammal",
      "confidence": 0.598,
      "parent": {
        "object": "animal",
        "confidence": 0.599
      }
    },
    {
      "rectangle": {
        "x": 233,
        "y": 1,
        "w": 458,
        "h": 705
      },
      "object": "person",
      "confidence": 0.846
    }
  ],
  "brands": [],
  "requestId": "d894353e-1c23-4c28-9a1e-b66a226a0f00",
  "metadata": {
    "width": 1280,
    "height": 720,
    "format": "Png"
  },
  "modelVersion": "2021-05-01"
}