{
  "categories": [
    {
      "name": "others_",
      "score": 0.00390625
    },
    {
      "name": "people_",
      "score": 0.375,
      "detail": {
        "celebrities": []
      }
    },
    {
      "name": "people_portrait",
      "score": 0.5390625,
      "detail": {
        "celebrities": []
      }
    }
  ],
  "adult": {
    "isAdultContent": false,
    "isRacyContent": false,
    "isGoryContent": false,
    "adultScore": 0.010010384023189545,
    "racyScore": 0.011144265532493591,
    "goreScore": 0.0005379040376283228
  },
  "color": {
    "dominantColorForeground": "Grey",
    "dominantColorBackground": "Black",
    "dominantColors": [
      "Grey",
      "Black"
    ],
    "accentColor": "3D4D5E",
    "isBWImg": false
  },
  "imageType": {
    "clipArtType": 0,
    "lineDrawingType": 0
  },
  "tags": [
    {
      "name": "human face",
      "confidence": 0.9965766072273254
    },
    {
      "name": "person",
      "confidence": 0.9944286346435547
    },
    {
      "name": "clothing",
      "confidence": 0.9805994033813477
    },
    {
      "name": "man",
      "confidence": 0.9744828939437866
    },
    {
      "name": "gentleman",
      "confidence": 0.8898999691009521
    },
    {
      "name": "male person",
      "confidence": 0.875749945640564
    },
    {
      "name": "human",
      "confidence": 0.8502233028411865
    },
    {
      "name": "wearing",
      "confidence": 0.6622394323348999
    }
  ],
  "description": {
    "tags": [
      "person",
      "man",
      "wearing"
    ],
    "captions": [
      {
        "text": "a man holding his head",
        "confidence": 0.40924379229545593
      }
    ]
  },
  "faces": [
    {
      "age": 37,
      "gender": "Male",
      "faceRectangle": {
        "left": 379,
        "top": 144,
        "width": 387,
        "height": 387
      }
    }
  ],
  "objects": [
    {
      "rectangle": {
        "x": 650,
        "y": 169,
        "w": 630,
        "h": 521
      },
      "object": "person",
      "confidence": 0.708
    },
    {
      "rectangle": {
        "x": 130,
        "y": 19,
        "w": 817,
        "h": 681
      },
      "object": "person",
      "confidence": 0.782
    }
  ],
  "brands": [],
  "requestId": "f1df3a58-0379-412b-bbcb-c2871ae84c90",
  "metadata": {
    "width": 1280,
    "height": 720,
    "format": "Png"
  },
  "modelVersion": "2021-05-01"
}