{
  "categories": [
    {
      "name": "dark_",
      "score": 0.41015625
    },
    {
      "name": "others_",
      "score": 0.00390625
    },
    {
      "name": "sky_cloud",
      "score": 0.33203125
    }
  ],
  "adult": {
    "isAdultContent": false,
    "isRacyContent": false,
    "isGoryContent": false,
    "adultScore": 0.019425971433520317,
    "racyScore": 0.071251779794693,
    "goreScore": 0.007662595249712467
  },
  "color": {
    "dominantColorForeground": "Grey",
    "dominantColorBackground": "Black",
    "dominantColors": [
      "Black",
      "Grey"
    ],
    "accentColor": "756856",
    "isBWImg": false
  },
  "imageType": {
    "clipArtType": 0,
    "lineDrawingType": 0
  },
  "tags": [
    {
      "name": "blurry",
      "confidence": 0.9429395198822021
    },
    {
      "name": "person",
      "confidence": 0.8684018850326538
    },
    {
      "name": "smoke",
      "confidence": 0.7836973071098328
    },
    {
      "name": "dark",
      "confidence": 0.6812511086463928
    }
  ],
  "description": {
    "tags": [],
    "captions": [
      {
        "text": "a blurry image of a person",
        "confidence": 0.4197752773761749
      }
    ]
  },
  "faces": [],
  "objects": [],
  "brands": [],
  "requestId": "abe00f70-546d-4cf3-aea9-857b9a39a195",
  "metadata": {
    "width": 1280,
    "height": 720,
    "format": "Png"
  },
  "modelVersion": "2021-05-01"
}