{
  "categories": [
    {
      "name": "others_",
      "score": 0.0234375
    },
    {
      "name": "people_",
      "score": 0.46875
    }
  ],
  "adult": {
    "isAdultContent": false,
    "isRacyContent": false,
    "isGoryContent": false,
    "adultScore": 0.002862300258129835,
    "racyScore": 0.004978908225893974,
    "goreScore": 0.0002388042921666056
  },
  "color": {
    "dominantColorForeground": "Black",
    "dominantColorBackground": "Black",
    "dominantColors": [
      "Black"
    ],
    "accentColor": "125EB9",
    "isBWImg": false
  },
  "imageType": {
    "clipArtType": 0,
    "lineDrawingType": 0
  },
  "tags": [
    {
      "name": "human face",
      "confidence": 0.987040638923645
    },
    {
      "name": "person",
      "confidence": 0.9433517456054688
    },
    {
      "name": "clothing",
      "confidence": 0.942834734916687
    },
    {
      "name": "man",
      "confidence": 0.9339540600776672
    },
    {
      "name": "gentleman",
      "confidence": 0.8708176612854004
    },
    {
      "name": "glasses",
      "confidence": 0.8538779020309448
    },
    {
      "name": "screenshot",
      "confidence": 0.8468899130821228
    },
    {
      "name": "indoor",
      "confidence": 0.7513030171394348
    },
    {
      "name": "wearing",
      "confidence": 0.5887341499328613
    }
  ],
  "description": {
    "tags": [
      "indoor"
    ],
    "captions": [
      {
        "text": "a man holding a gun",
        "confidence": 0.39518359303474426
      }
    ]
  },
  "faces": [],
  "objects": [
    {
      "rectangle": {
        "x": 190,
        "y": 47,
        "w": 416,
        "h": 529
      },
      "object": "person",
      "confidence": 0.748
    },
    {
      "rectangle": {
        "x": 726,
        "y": 71,
        "w": 413,
        "h": 577
      },
      "object": "person",
      "confidence": 0.823
    }
  ],
  "brands": [],
  "requestId": "756e100d-4535-4a32-b966-fec9c8c2311a",
  "metadata": {
    "width": 1280,
    "height": 720,
    "format": "Png"
  },
  "modelVersion": "2021-05-01"
}