{
  "categories": [
    {
      "name": "abstract_",
      "score": 0.00390625
    },
    {
      "name": "others_",
      "score": 0.0234375
    },
    {
      "name": "outdoor_",
      "score": 0.00390625,
      "detail": {
        "landmarks": []
      }
    }
  ],
  "adult": {
    "isAdultContent": false,
    "isRacyContent": false,
    "isGoryContent": false,
    "adultScore": 0.01247787568718195,
    "racyScore": 0.03701885789632797,
    "goreScore": 0.0011452389881014824
  },
  "color": {
    "dominantColorForeground": "Black",
    "dominantColorBackground": "Grey",
    "dominantColors": [
      "Black",
      "Grey"
    ],
    "accentColor": "7E6B4D",
    "isBWImg": false
  },
  "imageType": {
    "clipArtType": 0,
    "lineDrawingType": 0
  },
  "tags": [
    {
      "name": "person",
      "confidence": 0.9968252182006836
    },
    {
      "name": "clothing",
      "confidence": 0.9953078627586365
    },
    {
      "name": "human face",
      "confidence": 0.9296520948410034
    },
    {
      "name": "indoor",
      "confidence": 0.9082732796669006
    },
    {
      "name": "wall",
      "confidence": 0.8685725927352905
    },
    {
      "name": "woman",
      "confidence": 0.8482439517974854
    },
    {
      "name": "table",
      "confidence": 0.8476734161376953
    },
    {
      "name": "kitchen",
      "confidence": 0.6624149084091187
    }
  ],
  "description": {
    "tags": [
      "person",
      "indoor"
    ],
    "captions": [
      {
        "text": "a person holding a person's hand",
        "confidence": 0.28359270095825195
      }
    ]
  },
  "faces": [],
  "objects": [
    {
      "rectangle": {
        "x": 830,
        "y": 397,
        "w": 291,
        "h": 314
      },
      "object": "person",
      "confidence": 0.571
    },
    {
      "rectangle": {
        "x": 157,
        "y": 8,
        "w": 453,
        "h": 689
      },
      "object": "person",
      "confidence": 0.74
    }
  ],
  "brands": [],
  "requestId": "f989091b-f2cd-42dc-86e7-be7d79b52f01",
  "metadata": {
    "width": 1280,
    "height": 720,
    "format": "Png"
  },
  "modelVersion": "2021-05-01"
}