{
  "categories": [
    {
      "name": "abstract_",
      "score": 0.0078125
    },
    {
      "name": "others_",
      "score": 0.0078125
    }
  ],
  "adult": {
    "isAdultContent": false,
    "isRacyContent": false,
    "isGoryContent": false,
    "adultScore": 0.01880001835525036,
    "racyScore": 0.023489486426115036,
    "goreScore": 0.01127171516418457
  },
  "color": {
    "dominantColorForeground": "Black",
    "dominantColorBackground": "Black",
    "dominantColors": [
      "Black",
      "Brown"
    ],
    "accentColor": "281D06",
    "isBWImg": false
  },
  "imageType": {
    "clipArtType": 0,
    "lineDrawingType": 0
  },
  "tags": [
    {
      "name": "clothing",
      "confidence": 0.9519833922386169
    },
    {
      "name": "person",
      "confidence": 0.9240864515304565
    },
    {
      "name": "indoor",
      "confidence": 0.8951801657676697
    },
    {
      "name": "scene",
      "confidence": 0.8538670539855957
    },
    {
      "name": "wall",
      "confidence": 0.7248940467834473
    },
    {
      "name": "room",
      "confidence": 0.710803747177124
    },
    {
      "name": "people",
      "confidence": 0.6327903270721436
    }
  ],
  "description": {
    "tags": [
      "nature",
      "fireplace"
    ],
    "captions": [
      {
        "text": "a group of people dancing",
        "confidence": 0.5581079721450806
      }
    ]
  },
  "faces": [],
  "objects": [
    {
      "rectangle": {
        "x": 765,
        "y": 208,
        "w": 261,
        "h": 464
      },
      "object": "person",
      "confidence": 0.612
    }
  ],
  "brands": [],
  "requestId": "98969322-2bbc-4b4b-99d1-9ec11dbaaf16",
  "metadata": {
    "width": 1280,
    "height": 720,
    "format": "Png"
  },
  "modelVersion": "2021-05-01"
}