{
  "categories": [
    {
      "name": "others_",
      "score": 0.00390625
    },
    {
      "name": "people_",
      "score": 0.4375
    }
  ],
  "adult": {
    "isAdultContent": false,
    "isRacyContent": false,
    "isGoryContent": false,
    "adultScore": 0.007659907918423414,
    "racyScore": 0.00961295049637556,
    "goreScore": 0.0006807008176110685
  },
  "color": {
    "dominantColorForeground": "Black",
    "dominantColorBackground": "Black",
    "dominantColors": [
      "Black"
    ],
    "accentColor": "49597F",
    "isBWImg": false
  },
  "imageType": {
    "clipArtType": 0,
    "lineDrawingType": 0
  },
  "tags": [
    {
      "name": "human face",
      "confidence": 0.9871232509613037
    },
    {
      "name": "clothing",
      "confidence": 0.9646446108818054
    },
    {
      "name": "person",
      "confidence": 0.9438625574111938
    },
    {
      "name": "man",
      "confidence": 0.918782114982605
    },
    {
      "name": "screenshot",
      "confidence": 0.9159748554229736
    },
    {
      "name": "darkness",
      "confidence": 0.8684316873550415
    },
    {
      "name": "gentleman",
      "confidence": 0.8468418121337891
    },
    {
      "name": "dark",
      "confidence": 0.5820473432540894
    },
    {
      "name": "indoor",
      "confidence": 0.5308021903038025
    },
    {
      "name": "music",
      "confidence": 0.4775591492652893
    },
    {
      "name": "musician",
      "confidence": 0.4044259190559387
    }
  ],
  "description": {
    "tags": [
      "man",
      "person",
      "indoor",
      "dark",
      "necktie"
    ],
    "captions": [
      {
        "text": "a man in a suit",
        "confidence": 0.30018290877342224
      }
    ]
  },
  "faces": [],
  "objects": [
    {
      "rectangle": {
        "x": 187,
        "y": 43,
        "w": 381,
        "h": 533
      },
      "object": "person",
      "confidence": 0.673
    },
    {
      "rectangle": {
        "x": 716,
        "y": 67,
        "w": 392,
        "h": 587
      },
      "object": "person",
      "confidence": 0.85
    }
  ],
  "brands": [],
  "requestId": "041ee7a6-02c1-43a4-ae64-ccd6b2e106ff",
  "metadata": {
    "width": 1280,
    "height": 720,
    "format": "Png"
  },
  "modelVersion": "2021-05-01"
}