{
  "categories": [
    {
      "name": "others_",
      "score": 0.43359375
    }
  ],
  "adult": {
    "isAdultContent": false,
    "isRacyContent": false,
    "isGoryContent": false,
    "adultScore": 0.006786056328564882,
    "racyScore": 0.008495485410094261,
    "goreScore": 0.0016726318281143904
  },
  "color": {
    "dominantColorForeground": "Blue",
    "dominantColorBackground": "Blue",
    "dominantColors": [
      "Blue"
    ],
    "accentColor": "085DC3",
    "isBWImg": false
  },
  "imageType": {
    "clipArtType": 0,
    "lineDrawingType": 0
  },
  "tags": [
    {
      "name": "human face",
      "confidence": 0.987980842590332
    },
    {
      "name": "person",
      "confidence": 0.9849110841751099
    },
    {
      "name": "car",
      "confidence": 0.8934374451637268
    },
    {
      "name": "man",
      "confidence": 0.8798115253448486
    },
    {
      "name": "vehicle",
      "confidence": 0.8416761159896851
    },
    {
      "name": "hat",
      "confidence": 0.678646981716156
    },
    {
      "name": "wearing",
      "confidence": 0.5873318910598755
    },
    {
      "name": "portrait",
      "confidence": 0.42444029450416565
    }
  ],
  "description": {
    "tags": [
      "person",
      "blue"
    ],
    "captions": [
      {
        "text": "Joss Ackland smiling for the camera",
        "confidence": 0.4869163930416107
      }
    ]
  },
  "faces": [
    {
      "age": 53,
      "gender": "Male",
      "faceRectangle": {
        "left": 206,
        "top": 141,
        "width": 392,
        "height": 392
      }
    }
  ],
  "objects": [
    {
      "rectangle": {
        "x": 0,
        "y": 44,
        "w": 809,
        "h": 666
      },
      "object": "person",
      "confidence": 0.799
    }
  ],
  "brands": [],
  "requestId": "d37faa26-d655-4ab1-a595-f436116507f9",
  "metadata": {
    "width": 1280,
    "height": 720,
    "format": "Png"
  },
  "modelVersion": "2021-05-01"
}