{
  "categories": [
    {
      "name": "abstract_",
      "score": 0.00390625
    },
    {
      "name": "others_",
      "score": 0.01171875
    }
  ],
  "adult": {
    "isAdultContent": false,
    "isRacyContent": false,
    "isGoryContent": false,
    "adultScore": 0.005672707222402096,
    "racyScore": 0.0071439482271671295,
    "goreScore": 0.008880730718374252
  },
  "color": {
    "dominantColorForeground": "Black",
    "dominantColorBackground": "Black",
    "dominantColors": [
      "Black",
      "Blue"
    ],
    "accentColor": "143D78",
    "isBWImg": false
  },
  "imageType": {
    "clipArtType": 0,
    "lineDrawingType": 0
  },
  "tags": [
    {
      "name": "human face",
      "confidence": 0.9831919074058533
    },
    {
      "name": "screenshot",
      "confidence": 0.9395827054977417
    },
    {
      "name": "person",
      "confidence": 0.9387102127075195
    },
    {
      "name": "eyebrow",
      "confidence": 0.9368890523910522
    },
    {
      "name": "black",
      "confidence": 0.9282408952713013
    },
    {
      "name": "human",
      "confidence": 0.9185329675674438
    },
    {
      "name": "jaw",
      "confidence": 0.9017744064331055
    },
    {
      "name": "forehead",
      "confidence": 0.8926099538803101
    },
    {
      "name": "darkness",
      "confidence": 0.8712531328201294
    },
    {
      "name": "lip",
      "confidence": 0.8641580939292908
    },
    {
      "name": "chin",
      "confidence": 0.8565468788146973
    },
    {
      "name": "portrait",
      "confidence": 0.852426290512085
    },
    {
      "name": "cheek",
      "confidence": 0.8400335311889648
    },
    {
      "name": "dark",
      "confidence": 0.5017164945602417
    }
  ],
  "description": {
    "tags": [
      "person",
      "indoor",
      "staring"
    ],
    "captions": [
      {
        "text": "a man making a face",
        "confidence": 0.4828817546367645
      }
    ]
  },
  "faces": [],
  "objects": [
    {
      "rectangle": {
        "x": 120,
        "y": 7,
        "w": 825,
        "h": 713
      },
      "object": "person",
      "confidence": 0.712
    }
  ],
  "brands": [],
  "requestId": "b3916bf9-9621-44f9-a88f-e609688d377f",
  "metadata": {
    "width": 1280,
    "height": 720,
    "format": "Png"
  },
  "modelVersion": "2021-05-01"
}