{
  "categories": [
    {
      "name": "abstract_",
      "score": 0.0078125
    },
    {
      "name": "others_",
      "score": 0.05859375
    }
  ],
  "adult": {
    "isAdultContent": false,
    "isRacyContent": false,
    "isGoryContent": false,
    "adultScore": 0.004459046758711338,
    "racyScore": 0.025034762918949127,
    "goreScore": 0.0009622818324714899
  },
  "color": {
    "dominantColorForeground": "Black",
    "dominantColorBackground": "Black",
    "dominantColors": [
      "Black",
      "Grey"
    ],
    "accentColor": "766655",
    "isBWImg": false
  },
  "imageType": {
    "clipArtType": 0,
    "lineDrawingType": 0
  },
  "tags": [
    {
      "name": "indoor",
      "confidence": 0.9824927449226379
    },
    {
      "name": "wall",
      "confidence": 0.9725198745727539
    },
    {
      "name": "mammal",
      "confidence": 0.9011168479919434
    },
    {
      "name": "clothing",
      "confidence": 0.8755905628204346
    },
    {
      "name": "house",
      "confidence": 0.858985185623169
    },
    {
      "name": "person",
      "confidence": 0.8545104265213013
    },
    {
      "name": "room",
      "confidence": 0.6753425598144531
    }
  ],
  "description": {
    "tags": [
      "indoor",
      "wall"
    ],
    "captions": [
      {
        "text": "a person playing a video game",
        "confidence": 0.41217321157455444
      }
    ]
  },
  "faces": [],
  "objects": [],
  "brands": [],
  "requestId": "d73092f0-1061-4880-950a-6173f40c8b5b",
  "metadata": {
    "width": 1280,
    "height": 720,
    "format": "Png"
  },
  "modelVersion": "2021-05-01"
}