{
  "categories": [
    {
      "name": "others_",
      "score": 0.015625
    },
    {
      "name": "people_",
      "score": 0.45703125
    }
  ],
  "adult": {
    "isAdultContent": false,
    "isRacyContent": false,
    "isGoryContent": false,
    "adultScore": 0.0058393715880811214,
    "racyScore": 0.007167629431933165,
    "goreScore": 0.0007629843312315643
  },
  "color": {
    "dominantColorForeground": "Black",
    "dominantColorBackground": "Black",
    "dominantColors": [
      "Black"
    ],
    "accentColor": "1C5BAF",
    "isBWImg": false
  },
  "imageType": {
    "clipArtType": 0,
    "lineDrawingType": 0
  },
  "tags": [
    {
      "name": "human face",
      "confidence": 0.9908537864685059
    },
    {
      "name": "person",
      "confidence": 0.9761457443237305
    },
    {
      "name": "clothing",
      "confidence": 0.9689830541610718
    },
    {
      "name": "man",
      "confidence": 0.9330674409866333
    },
    {
      "name": "glasses",
      "confidence": 0.9304049015045166
    },
    {
      "name": "indoor",
      "confidence": 0.7936391830444336
    }
  ],
  "description": {
    "tags": [
      "person",
      "man",
      "indoor",
      "necktie"
    ],
    "captions": [
      {
        "text": "a group of men in a vehicle",
        "confidence": 0.4875275790691376
      }
    ]
  },
  "faces": [],
  "objects": [
    {
      "rectangle": {
        "x": 190,
        "y": 33,
        "w": 272,
        "h": 356
      },
      "object": "person",
      "confidence": 0.594
    },
    {
      "rectangle": {
        "x": 179,
        "y": 40,
        "w": 406,
        "h": 534
      },
      "object": "person",
      "confidence": 0.629
    },
    {
      "rectangle": {
        "x": 409,
        "y": 28,
        "w": 372,
        "h": 549
      },
      "object": "person",
      "confidence": 0.697
    },
    {
      "rectangle": {
        "x": 665,
        "y": 28,
        "w": 465,
        "h": 627
      },
      "object": "person",
      "confidence": 0.752
    }
  ],
  "brands": [],
  "requestId": "f8691678-95d3-45f0-a266-a579232e301a",
  "metadata": {
    "width": 1280,
    "height": 720,
    "format": "Png"
  },
  "modelVersion": "2021-05-01"
}