{
  "categories": [
    {
      "name": "outdoor_",
      "score": 0.00390625,
      "detail": {
        "landmarks": []
      }
    }
  ],
  "adult": {
    "isAdultContent": false,
    "isRacyContent": false,
    "isGoryContent": false,
    "adultScore": 0.006554200779646635,
    "racyScore": 0.013558812439441681,
    "goreScore": 0.0012451638467609882
  },
  "color": {
    "dominantColorForeground": "White",
    "dominantColorBackground": "White",
    "dominantColors": [
      "White",
      "Grey"
    ],
    "accentColor": "386993",
    "isBWImg": false
  },
  "imageType": {
    "clipArtType": 0,
    "lineDrawingType": 0
  },
  "tags": [
    {
      "name": "outdoor",
      "confidence": 0.997466504573822
    },
    {
      "name": "sky",
      "confidence": 0.9756747484207153
    },
    {
      "name": "blurry",
      "confidence": 0.9495382905006409
    },
    {
      "name": "hiking",
      "confidence": 0.9210401773452759
    },
    {
      "name": "person",
      "confidence": 0.8672226667404175
    },
    {
      "name": "plant",
      "confidence": 0.8458743095397949
    },
    {
      "name": "grass",
      "confidence": 0.690962553024292
    },
    {
      "name": "ground",
      "confidence": 0.667840838432312
    },
    {
      "name": "path",
      "confidence": 0.6616395115852356
    },
    {
      "name": "road",
      "confidence": 0.5037509202957153
    }
  ],
  "description": {
    "tags": [
      "outdoor"
    ],
    "captions": [
      {
        "text": "a person standing on a road",
        "confidence": 0.4639378786087036
      }
    ]
  },
  "faces": [],
  "objects": [
    {
      "rectangle": {
        "x": 943,
        "y": 281,
        "w": 152,
        "h": 405
      },
      "object": "person",
      "confidence": 0.73
    }
  ],
  "brands": [],
  "requestId": "18d7dd4a-ccb1-4e4b-bd2a-d768cd1a4346",
  "metadata": {
    "width": 1280,
    "height": 720,
    "format": "Png"
  },
  "modelVersion": "2021-05-01"
}