{
  "categories": [
    {
      "name": "others_",
      "score": 0.046875
    },
    {
      "name": "outdoor_",
      "score": 0.00390625,
      "detail": {
        "landmarks": []
      }
    }
  ],
  "adult": {
    "isAdultContent": false,
    "isRacyContent": false,
    "isGoryContent": false,
    "adultScore": 0.004966514650732279,
    "racyScore": 0.0060858651995658875,
    "goreScore": 0.00070100964512676
  },
  "color": {
    "dominantColorForeground": "Black",
    "dominantColorBackground": "Blue",
    "dominantColors": [
      "Blue",
      "Black"
    ],
    "accentColor": "58504A",
    "isBWImg": false
  },
  "imageType": {
    "clipArtType": 0,
    "lineDrawingType": 0
  },
  "tags": [
    {
      "name": "human face",
      "confidence": 0.990209698677063
    },
    {
      "name": "clothing",
      "confidence": 0.9683899283409119
    },
    {
      "name": "person",
      "confidence": 0.9676207304000854
    },
    {
      "name": "man",
      "confidence": 0.9284920692443848
    },
    {
      "name": "car",
      "confidence": 0.8680446743965149
    },
    {
      "name": "indoor",
      "confidence": 0.6894230246543884
    }
  ],
  "description": {
    "tags": [
      "person",
      "man"
    ],
    "captions": [
      {
        "text": "a group of people in a room",
        "confidence": 0.4368232786655426
      }
    ]
  },
  "faces": [
    {
      "age": 40,
      "gender": "Male",
      "faceRectangle": {
        "left": 806,
        "top": 112,
        "width": 165,
        "height": 165
      }
    }
  ],
  "objects": [
    {
      "rectangle": {
        "x": 196,
        "y": 10,
        "w": 376,
        "h": 562
      },
      "object": "person",
      "confidence": 0.737
    },
    {
      "rectangle": {
        "x": 468,
        "y": 25,
        "w": 370,
        "h": 569
      },
      "object": "person",
      "confidence": 0.691
    },
    {
      "rectangle": {
        "x": 705,
        "y": 10,
        "w": 402,
        "h": 606
      },
      "object": "person",
      "confidence": 0.781
    }
  ],
  "brands": [],
  "requestId": "de568e50-c838-4fc7-a9b0-13b65c710748",
  "metadata": {
    "width": 1280,
    "height": 720,
    "format": "Png"
  },
  "modelVersion": "2021-05-01"
}