{
  "categories": [
    {
      "name": "abstract_",
      "score": 0.0078125
    },
    {
      "name": "dark_",
      "score": 0.5546875
    },
    {
      "name": "others_",
      "score": 0.0078125
    }
  ],
  "adult": {
    "isAdultContent": false,
    "isRacyContent": false,
    "isGoryContent": false,
    "adultScore": 0.04512863978743553,
    "racyScore": 0.13195425271987915,
    "goreScore": 0.005900361575186253
  },
  "color": {
    "dominantColorForeground": "Black",
    "dominantColorBackground": "Black",
    "dominantColors": [
      "Black"
    ],
    "accentColor": "6A3423",
    "isBWImg": false
  },
  "imageType": {
    "clipArtType": 1,
    "lineDrawingType": 0
  },
  "tags": [
    {
      "name": "darkness",
      "confidence": 0.9175533056259155
    },
    {
      "name": "black",
      "confidence": 0.8883005380630493
    },
    {
      "name": "dark",
      "confidence": 0.7285080552101135
    },
    {
      "name": "night",
      "confidence": 0.47581905126571655
    }
  ],
  "description": {
    "tags": [],
    "captions": [
      {
        "text": "a close-up of a person's face",
        "confidence": 0.38648730516433716
      }
    ]
  },
  "faces": [],
  "objects": [],
  "brands": [],
  "requestId": "2e624a62-d49c-4a0f-9a0a-3c31e79c1e83",
  "metadata": {
    "width": 1280,
    "height": 720,
    "format": "Png"
  },
  "modelVersion": "2021-05-01"
}