{
  "categories": [
    {
      "name": "abstract_",
      "score": 0.01171875
    },
    {
      "name": "others_",
      "score": 0.08203125
    }
  ],
  "adult": {
    "isAdultContent": false,
    "isRacyContent": false,
    "isGoryContent": false,
    "adultScore": 0.00036396869109012187,
    "racyScore": 0.0008999942801892757,
    "goreScore": 0.00018141529290005565
  },
  "color": {
    "dominantColorForeground": "Grey",
    "dominantColorBackground": "Grey",
    "dominantColors": [
      "Grey"
    ],
    "accentColor": "445159",
    "isBWImg": false
  },
  "imageType": {
    "clipArtType": 0,
    "lineDrawingType": 0
  },
  "tags": [
    {
      "name": "human face",
      "confidence": 0.9941842555999756
    },
    {
      "name": "person",
      "confidence": 0.993189811706543
    },
    {
      "name": "clothing",
      "confidence": 0.9916925430297852
    },
    {
      "name": "man",
      "confidence": 0.9431262016296387
    },
    {
      "name": "gentleman",
      "confidence": 0.8943966031074524
    },
    {
      "name": "screenshot",
      "confidence": 0.8853874206542969
    },
    {
      "name": "male person",
      "confidence": 0.8638145923614502
    },
    {
      "name": "wall",
      "confidence": 0.8560828566551208
    },
    {
      "name": "shirt",
      "confidence": 0.8444641828536987
    },
    {
      "name": "indoor",
      "confidence": 0.7090575695037842
    },
    {
      "name": "wearing",
      "confidence": 0.6929643750190735
    },
    {
      "name": "suit",
      "confidence": 0.5317806005477905
    }
  ],
  "description": {
    "tags": [
      "person"
    ],
    "captions": [
      {
        "text": "a person in a suit",
        "confidence": 0.3952276408672333
      }
    ]
  },
  "faces": [
    {
      "age": 27,
      "gender": "Male",
      "faceRectangle": {
        "left": 129,
        "top": 125,
        "width": 130,
        "height": 130
      }
    }
  ],
  "objects": [
    {
      "rectangle": {
        "x": 15,
        "y": 19,
        "w": 523,
        "h": 676
      },
      "object": "person",
      "confidence": 0.885
    },
    {
      "rectangle": {
        "x": 691,
        "y": 50,
        "w": 560,
        "h": 656
      },
      "object": "person",
      "confidence": 0.628
    }
  ],
  "brands": [],
  "requestId": "e59018ad-f88b-4e6c-85e6-2f622dc8d00b",
  "metadata": {
    "width": 1280,
    "height": 720,
    "format": "Png"
  },
  "modelVersion": "2021-05-01"
}