{
  "categories": [
    {
      "name": "others_",
      "score": 0.0078125
    },
    {
      "name": "people_",
      "score": 0.453125
    }
  ],
  "adult": {
    "isAdultContent": false,
    "isRacyContent": false,
    "isGoryContent": false,
    "adultScore": 0.0054069808684289455,
    "racyScore": 0.007194274105131626,
    "goreScore": 0.0006215709145180881
  },
  "color": {
    "dominantColorForeground": "Black",
    "dominantColorBackground": "Black",
    "dominantColors": [
      "Black"
    ],
    "accentColor": "315E9A",
    "isBWImg": false
  },
  "imageType": {
    "clipArtType": 0,
    "lineDrawingType": 0
  },
  "tags": [
    {
      "name": "human face",
      "confidence": 0.9923055171966553
    },
    {
      "name": "clothing",
      "confidence": 0.9788913726806641
    },
    {
      "name": "person",
      "confidence": 0.9627265930175781
    },
    {
      "name": "man",
      "confidence": 0.8969825506210327
    },
    {
      "name": "screenshot",
      "confidence": 0.8820878267288208
    },
    {
      "name": "darkness",
      "confidence": 0.8704817295074463
    },
    {
      "name": "gentleman",
      "confidence": 0.8571270704269409
    },
    {
      "name": "black",
      "confidence": 0.8498295545578003
    },
    {
      "name": "dark",
      "confidence": 0.5850889682769775
    }
  ],
  "description": {
    "tags": [
      "person",
      "man",
      "music"
    ],
    "captions": [
      {
        "text": "a man in a white shirt",
        "confidence": 0.3586456775665283
      }
    ]
  },
  "faces": [],
  "objects": [
    {
      "rectangle": {
        "x": 186,
        "y": 44,
        "w": 392,
        "h": 534
      },
      "object": "person",
      "confidence": 0.731
    },
    {
      "rectangle": {
        "x": 484,
        "y": 51,
        "w": 335,
        "h": 586
      },
      "object": "person",
      "confidence": 0.62
    },
    {
      "rectangle": {
        "x": 708,
        "y": 71,
        "w": 399,
        "h": 574
      },
      "object": "person",
      "confidence": 0.842
    }
  ],
  "brands": [],
  "requestId": "ec9a26b2-ddd8-49f4-8129-6814b5f4bd82",
  "metadata": {
    "width": 1280,
    "height": 720,
    "format": "Png"
  },
  "modelVersion": "2021-05-01"
}