{
  "categories": [
    {
      "name": "others_",
      "score": 0.00390625
    },
    {
      "name": "people_",
      "score": 0.4296875
    }
  ],
  "adult": {
    "isAdultContent": false,
    "isRacyContent": false,
    "isGoryContent": false,
    "adultScore": 0.006936102639883757,
    "racyScore": 0.008601751178503036,
    "goreScore": 0.0005530401831492782
  },
  "color": {
    "dominantColorForeground": "Black",
    "dominantColorBackground": "Black",
    "dominantColors": [
      "Black"
    ],
    "accentColor": "475980",
    "isBWImg": false
  },
  "imageType": {
    "clipArtType": 0,
    "lineDrawingType": 0
  },
  "tags": [
    {
      "name": "human face",
      "confidence": 0.9924782514572144
    },
    {
      "name": "clothing",
      "confidence": 0.9737906455993652
    },
    {
      "name": "person",
      "confidence": 0.9570443630218506
    },
    {
      "name": "man",
      "confidence": 0.9184474945068359
    },
    {
      "name": "screenshot",
      "confidence": 0.9156191349029541
    },
    {
      "name": "gentleman",
      "confidence": 0.8797622919082642
    },
    {
      "name": "darkness",
      "confidence": 0.8737945556640625
    },
    {
      "name": "black",
      "confidence": 0.8643738031387329
    },
    {
      "name": "dark",
      "confidence": 0.6135464310646057
    },
    {
      "name": "wearing",
      "confidence": 0.5354230403900146
    },
    {
      "name": "music",
      "confidence": 0.4042171835899353
    }
  ],
  "description": {
    "tags": [
      "person",
      "indoor",
      "dark"
    ],
    "captions": [
      {
        "text": "a man holding a gun",
        "confidence": 0.4048849940299988
      }
    ]
  },
  "faces": [],
  "objects": [
    {
      "rectangle": {
        "x": 191,
        "y": 36,
        "w": 391,
        "h": 543
      },
      "object": "person",
      "confidence": 0.634
    },
    {
      "rectangle": {
        "x": 707,
        "y": 90,
        "w": 399,
        "h": 558
      },
      "object": "person",
      "confidence": 0.835
    }
  ],
  "brands": [],
  "requestId": "a5a468d3-6df8-432d-a7c3-d3265e6610de",
  "metadata": {
    "width": 1280,
    "height": 720,
    "format": "Png"
  },
  "modelVersion": "2021-05-01"
}