{
  "categories": [
    {
      "name": "abstract_",
      "score": 0.00390625
    },
    {
      "name": "others_",
      "score": 0.01953125
    },
    {
      "name": "outdoor_",
      "score": 0.00390625,
      "detail": {
        "landmarks": []
      }
    }
  ],
  "adult": {
    "isAdultContent": false,
    "isRacyContent": false,
    "isGoryContent": false,
    "adultScore": 0.0037405474577099085,
    "racyScore": 0.021731631830334663,
    "goreScore": 0.0006414982490241528
  },
  "color": {
    "dominantColorForeground": "Grey",
    "dominantColorBackground": "Black",
    "dominantColors": [
      "Black",
      "Grey"
    ],
    "accentColor": "5E4F38",
    "isBWImg": false
  },
  "imageType": {
    "clipArtType": 0,
    "lineDrawingType": 0
  },
  "tags": [
    {
      "name": "person",
      "confidence": 0.9683429002761841
    },
    {
      "name": "clothing",
      "confidence": 0.9538896083831787
    },
    {
      "name": "passenger",
      "confidence": 0.9131983518600464
    },
    {
      "name": "snapshot",
      "confidence": 0.9050150513648987
    },
    {
      "name": "public transport",
      "confidence": 0.8970491290092468
    },
    {
      "name": "standing",
      "confidence": 0.8455982208251953
    },
    {
      "name": "train",
      "confidence": 0.8318088054656982
    },
    {
      "name": "transport",
      "confidence": 0.8128770589828491
    },
    {
      "name": "subway",
      "confidence": 0.7985323667526245
    },
    {
      "name": "street",
      "confidence": 0.6836738586425781
    },
    {
      "name": "outdoor",
      "confidence": 0.6066157817840576
    },
    {
      "name": "people",
      "confidence": 0.5633734464645386
    }
  ],
  "description": {
    "tags": [
      "person",
      "indoor",
      "blurry"
    ],
    "captions": [
      {
        "text": "a person in a suit",
        "confidence": 0.4125882387161255
      }
    ]
  },
  "faces": [],
  "objects": [
    {
      "rectangle": {
        "x": 976,
        "y": 52,
        "w": 206,
        "h": 328
      },
      "object": "person",
      "confidence": 0.541
    },
    {
      "rectangle": {
        "x": 4,
        "y": 141,
        "w": 149,
        "h": 566
      },
      "object": "person",
      "confidence": 0.603
    },
    {
      "rectangle": {
        "x": 457,
        "y": 25,
        "w": 289,
        "h": 675
      },
      "object": "person",
      "confidence": 0.754
    }
  ],
  "brands": [],
  "requestId": "f1fdf025-ce4f-4c0b-bbbd-3b8df73e796e",
  "metadata": {
    "width": 1280,
    "height": 720,
    "format": "Png"
  },
  "modelVersion": "2021-05-01"
}