{
  "categories": [
    {
      "name": "others_",
      "score": 0.0078125
    }
  ],
  "adult": {
    "isAdultContent": false,
    "isRacyContent": false,
    "isGoryContent": false,
    "adultScore": 0.021490931510925293,
    "racyScore": 0.034068889915943146,
    "goreScore": 0.013525126501917839
  },
  "color": {
    "dominantColorForeground": "Grey",
    "dominantColorBackground": "Black",
    "dominantColors": [
      "Grey",
      "Black"
    ],
    "accentColor": "5D5040",
    "isBWImg": false
  },
  "imageType": {
    "clipArtType": 0,
    "lineDrawingType": 0
  },
  "tags": [
    {
      "name": "zebra",
      "confidence": 0.9949438571929932
    },
    {
      "name": "animal",
      "confidence": 0.9788124561309814
    },
    {
      "name": "mammal",
      "confidence": 0.9612463712692261
    },
    {
      "name": "person",
      "confidence": 0.8102966547012329
    },
    {
      "name": "standing",
      "confidence": 0.756883978843689
    },
    {
      "name": "outdoor",
      "confidence": 0.7082130908966064
    }
  ],
  "description": {
    "tags": [
      "person",
      "mammal"
    ],
    "captions": [
      {
        "text": "a group of zebras",
        "confidence": 0.47108808159828186
      }
    ]
  },
  "faces": [],
  "objects": [
    {
      "rectangle": {
        "x": 0,
        "y": 9,
        "w": 472,
        "h": 711
      },
      "object": "person",
      "confidence": 0.655
    },
    {
      "rectangle": {
        "x": 433,
        "y": 50,
        "w": 390,
        "h": 653
      },
      "object": "mammal",
      "confidence": 0.625,
      "parent": {
        "object": "animal",
        "confidence": 0.789
      }
    },
    {
      "rectangle": {
        "x": 769,
        "y": 8,
        "w": 511,
        "h": 712
      },
      "object": "person",
      "confidence": 0.607
    }
  ],
  "brands": [],
  "requestId": "30fb0275-c804-4a11-865c-89cdd27d8033",
  "metadata": {
    "width": 1280,
    "height": 720,
    "format": "Png"
  },
  "modelVersion": "2021-05-01"
}