{
  "categories": [
    {
      "name": "others_",
      "score": 0.0078125
    }
  ],
  "adult": {
    "isAdultContent": false,
    "isRacyContent": false,
    "isGoryContent": false,
    "adultScore": 0.020405573770403862,
    "racyScore": 0.051000457257032394,
    "goreScore": 0.006830619182437658
  },
  "color": {
    "dominantColorForeground": "Black",
    "dominantColorBackground": "Grey",
    "dominantColors": [
      "Black",
      "Grey"
    ],
    "accentColor": "91643A",
    "isBWImg": false
  },
  "imageType": {
    "clipArtType": 0,
    "lineDrawingType": 0
  },
  "tags": [
    {
      "name": "clothing",
      "confidence": 0.959682285785675
    },
    {
      "name": "human face",
      "confidence": 0.953775942325592
    },
    {
      "name": "person",
      "confidence": 0.9300627708435059
    },
    {
      "name": "screenshot",
      "confidence": 0.8825469613075256
    },
    {
      "name": "man",
      "confidence": 0.8755183815956116
    },
    {
      "name": "group",
      "confidence": 0.6456908583641052
    },
    {
      "name": "people",
      "confidence": 0.5815315246582031
    },
    {
      "name": "museum",
      "confidence": 0.549235999584198
    }
  ],
  "description": {
    "tags": [
      "person",
      "indoor",
      "crowd"
    ],
    "captions": [
      {
        "text": "a group of people",
        "confidence": 0.479371041059494
      }
    ]
  },
  "faces": [
    {
      "age": 22,
      "gender": "Male",
      "faceRectangle": {
        "left": 162,
        "top": 177,
        "width": 93,
        "height": 93
      }
    }
  ],
  "objects": [
    {
      "rectangle": {
        "x": 980,
        "y": 139,
        "w": 202,
        "h": 550
      },
      "object": "person",
      "confidence": 0.673
    },
    {
      "rectangle": {
        "x": 471,
        "y": 72,
        "w": 414,
        "h": 617
      },
      "object": "person",
      "confidence": 0.704
    },
    {
      "rectangle": {
        "x": 27,
        "y": 132,
        "w": 344,
        "h": 576
      },
      "object": "person",
      "confidence": 0.799
    }
  ],
  "brands": [],
  "requestId": "bf3290ea-dc31-48e6-a760-6a6709b34a65",
  "metadata": {
    "width": 1280,
    "height": 720,
    "format": "Png"
  },
  "modelVersion": "2021-05-01"
}