{
  "categories": [
    {
      "name": "others_",
      "score": 0.00390625
    },
    {
      "name": "people_",
      "score": 0.328125,
      "detail": {
        "celebrities": []
      }
    }
  ],
  "adult": {
    "isAdultContent": false,
    "isRacyContent": false,
    "isGoryContent": false,
    "adultScore": 0.006401604972779751,
    "racyScore": 0.007906892336905003,
    "goreScore": 0.00040959310717880726
  },
  "color": {
    "dominantColorForeground": "Black",
    "dominantColorBackground": "Black",
    "dominantColors": [
      "Black"
    ],
    "accentColor": "225CAA",
    "isBWImg": false
  },
  "imageType": {
    "clipArtType": 0,
    "lineDrawingType": 0
  },
  "tags": [
    {
      "name": "human face",
      "confidence": 0.9913634061813354
    },
    {
      "name": "clothing",
      "confidence": 0.9720996618270874
    },
    {
      "name": "person",
      "confidence": 0.9675271511077881
    },
    {
      "name": "man",
      "confidence": 0.9224669337272644
    },
    {
      "name": "screenshot",
      "confidence": 0.9175107479095459
    },
    {
      "name": "black",
      "confidence": 0.8699314594268799
    },
    {
      "name": "darkness",
      "confidence": 0.8695926666259766
    },
    {
      "name": "indoor",
      "confidence": 0.709498941898346
    },
    {
      "name": "dark",
      "confidence": 0.5559600591659546
    }
  ],
  "description": {
    "tags": [
      "person",
      "man",
      "indoor"
    ],
    "captions": [
      {
        "text": "a man in a bow tie",
        "confidence": 0.39285609126091003
      }
    ]
  },
  "faces": [
    {
      "age": 25,
      "gender": "Male",
      "faceRectangle": {
        "left": 926,
        "top": 155,
        "width": 166,
        "height": 166
      }
    }
  ],
  "objects": [
    {
      "rectangle": {
        "x": 216,
        "y": 53,
        "w": 254,
        "h": 330
      },
      "object": "person",
      "confidence": 0.582
    },
    {
      "rectangle": {
        "x": 196,
        "y": 40,
        "w": 370,
        "h": 534
      },
      "object": "person",
      "confidence": 0.575
    },
    {
      "rectangle": {
        "x": 426,
        "y": 41,
        "w": 392,
        "h": 532
      },
      "object": "person",
      "confidence": 0.531
    },
    {
      "rectangle": {
        "x": 715,
        "y": 95,
        "w": 403,
        "h": 553
      },
      "object": "person",
      "confidence": 0.85
    }
  ],
  "brands": [],
  "requestId": "68ca4cbd-c873-4cd8-a71d-b5408f144b38",
  "metadata": {
    "width": 1280,
    "height": 720,
    "format": "Png"
  },
  "modelVersion": "2021-05-01"
}