{
  "categories": [
    {
      "name": "others_",
      "score": 0.00390625
    }
  ],
  "adult": {
    "isAdultContent": false,
    "isRacyContent": false,
    "isGoryContent": false,
    "adultScore": 0.0014555285451933742,
    "racyScore": 0.009017016738653183,
    "goreScore": 0.0013755838153883815
  },
  "color": {
    "dominantColorForeground": "Grey",
    "dominantColorBackground": "Black",
    "dominantColors": [
      "Black",
      "Grey"
    ],
    "accentColor": "886344",
    "isBWImg": false
  },
  "imageType": {
    "clipArtType": 0,
    "lineDrawingType": 0
  },
  "tags": [
    {
      "name": "clothing",
      "confidence": 0.9937639236450195
    },
    {
      "name": "person",
      "confidence": 0.9858235120773315
    },
    {
      "name": "man",
      "confidence": 0.9412587881088257
    },
    {
      "name": "standing",
      "confidence": 0.8973221778869629
    },
    {
      "name": "snapshot",
      "confidence": 0.8947655558586121
    },
    {
      "name": "coat",
      "confidence": 0.8834067583084106
    },
    {
      "name": "train",
      "confidence": 0.8718315362930298
    },
    {
      "name": "jacket",
      "confidence": 0.8573495149612427
    },
    {
      "name": "people",
      "confidence": 0.8150783777236938
    },
    {
      "name": "subway",
      "confidence": 0.7657874822616577
    },
    {
      "name": "group",
      "confidence": 0.6829714775085449
    },
    {
      "name": "street",
      "confidence": 0.5403652787208557
    }
  ],
  "description": {
    "tags": [
      "indoor",
      "person"
    ],
    "captions": [
      {
        "text": "a group of people walking",
        "confidence": 0.47289031744003296
      }
    ]
  },
  "faces": [],
  "objects": [
    {
      "rectangle": {
        "x": 517,
        "y": 57,
        "w": 224,
        "h": 604
      },
      "object": "person",
      "confidence": 0.668
    },
    {
      "rectangle": {
        "x": 907,
        "y": 68,
        "w": 215,
        "h": 585
      },
      "object": "person",
      "confidence": 0.777
    },
    {
      "rectangle": {
        "x": 7,
        "y": 394,
        "w": 330,
        "h": 326
      },
      "object": "person",
      "confidence": 0.658
    },
    {
      "rectangle": {
        "x": 144,
        "y": 45,
        "w": 320,
        "h": 663
      },
      "object": "person",
      "confidence": 0.697
    }
  ],
  "brands": [],
  "requestId": "7f672f60-9734-456e-b37a-566efda849a5",
  "metadata": {
    "width": 1280,
    "height": 720,
    "format": "Png"
  },
  "modelVersion": "2021-05-01"
}