{
  "categories": [
    {
      "name": "abstract_",
      "score": 0.00390625
    },
    {
      "name": "others_",
      "score": 0.03515625
    },
    {
      "name": "outdoor_",
      "score": 0.00390625,
      "detail": {
        "landmarks": []
      }
    }
  ],
  "adult": {
    "isAdultContent": false,
    "isRacyContent": false,
    "isGoryContent": false,
    "adultScore": 0.004990728572010994,
    "racyScore": 0.04577713459730148,
    "goreScore": 0.000658020784612745
  },
  "color": {
    "dominantColorForeground": "White",
    "dominantColorBackground": "Grey",
    "dominantColors": [
      "Grey"
    ],
    "accentColor": "334B5D",
    "isBWImg": false
  },
  "imageType": {
    "clipArtType": 0,
    "lineDrawingType": 0
  },
  "tags": [
    {
      "name": "person",
      "confidence": 0.9869540929794312
    },
    {
      "name": "clothing",
      "confidence": 0.9752817153930664
    },
    {
      "name": "human face",
      "confidence": 0.9115766286849976
    },
    {
      "name": "man",
      "confidence": 0.8817685842514038
    },
    {
      "name": "photograph",
      "confidence": 0.8641302585601807
    },
    {
      "name": "gentleman",
      "confidence": 0.8594375848770142
    },
    {
      "name": "snapshot",
      "confidence": 0.8558272123336792
    },
    {
      "name": "screenshot",
      "confidence": 0.8413389921188354
    },
    {
      "name": "outdoor",
      "confidence": 0.7748522162437439
    },
    {
      "name": "suit",
      "confidence": 0.7072118520736694
    },
    {
      "name": "street",
      "confidence": 0.6723161935806274
    },
    {
      "name": "necktie",
      "confidence": 0.6319954991340637
    },
    {
      "name": "wearing",
      "confidence": 0.549901008605957
    }
  ],
  "description": {
    "tags": [
      "text",
      "person"
    ],
    "captions": [
      {
        "text": "a man holding a box",
        "confidence": 0.4419652223587036
      }
    ]
  },
  "faces": [],
  "objects": [
    {
      "rectangle": {
        "x": 786,
        "y": 57,
        "w": 466,
        "h": 641
      },
      "object": "person",
      "confidence": 0.785
    }
  ],
  "brands": [],
  "requestId": "9ec26c48-4beb-4863-8819-2f7874714879",
  "metadata": {
    "width": 1280,
    "height": 720,
    "format": "Png"
  },
  "modelVersion": "2021-05-01"
}