{
  "categories": [
    {
      "name": "abstract_",
      "score": 0.01171875
    },
    {
      "name": "dark_",
      "score": 0.28515625
    },
    {
      "name": "others_",
      "score": 0.0078125
    },
    {
      "name": "outdoor_",
      "score": 0.00390625,
      "detail": {
        "landmarks": []
      }
    }
  ],
  "adult": {
    "isAdultContent": false,
    "isRacyContent": false,
    "isGoryContent": false,
    "adultScore": 0.0011948503088206053,
    "racyScore": 0.00269949808716774,
    "goreScore": 0.00020056076755281538
  },
  "color": {
    "dominantColorForeground": "Black",
    "dominantColorBackground": "Black",
    "dominantColors": [
      "Black"
    ],
    "accentColor": "365695",
    "isBWImg": false
  },
  "imageType": {
    "clipArtType": 1,
    "lineDrawingType": 0
  },
  "tags": [
    {
      "name": "darkness",
      "confidence": 0.914520263671875
    },
    {
      "name": "black",
      "confidence": 0.9039348363876343
    },
    {
      "name": "human face",
      "confidence": 0.856701672077179
    },
    {
      "name": "light",
      "confidence": 0.6122242212295532
    },
    {
      "name": "dark",
      "confidence": 0.5846689939498901
    },
    {
      "name": "mirror",
      "confidence": 0.5343270897865295
    }
  ],
  "description": {
    "tags": [
      "blur"
    ],
    "captions": [
      {
        "text": "a person looking at a screen",
        "confidence": 0.3604525327682495
      }
    ]
  },
  "faces": [],
  "objects": [
    {
      "rectangle": {
        "x": 823,
        "y": 128,
        "w": 416,
        "h": 584
      },
      "object": "person",
      "confidence": 0.688
    }
  ],
  "brands": [],
  "requestId": "fbe020e8-33d2-4a69-b29a-f671e0aa7537",
  "metadata": {
    "width": 1280,
    "height": 720,
    "format": "Png"
  },
  "modelVersion": "2021-05-01"
}