{
  "categories": [
    {
      "name": "others_",
      "score": 0.0078125
    },
    {
      "name": "people_",
      "score": 0.453125
    }
  ],
  "adult": {
    "isAdultContent": false,
    "isRacyContent": false,
    "isGoryContent": false,
    "adultScore": 0.01176461298018694,
    "racyScore": 0.013723796233534813,
    "goreScore": 0.0007378113805316389
  },
  "color": {
    "dominantColorForeground": "Black",
    "dominantColorBackground": "Black",
    "dominantColors": [
      "Black"
    ],
    "accentColor": "1B5FB0",
    "isBWImg": false
  },
  "imageType": {
    "clipArtType": 0,
    "lineDrawingType": 0
  },
  "tags": [
    {
      "name": "human face",
      "confidence": 0.9916396141052246
    },
    {
      "name": "clothing",
      "confidence": 0.9721232652664185
    },
    {
      "name": "person",
      "confidence": 0.9643856287002563
    },
    {
      "name": "man",
      "confidence": 0.9597444534301758
    },
    {
      "name": "screenshot",
      "confidence": 0.8975124359130859
    },
    {
      "name": "gentleman",
      "confidence": 0.8941236734390259
    },
    {
      "name": "darkness",
      "confidence": 0.8807585835456848
    },
    {
      "name": "black",
      "confidence": 0.857752799987793
    },
    {
      "name": "dark",
      "confidence": 0.6754996180534363
    },
    {
      "name": "wearing",
      "confidence": 0.5799729228019714
    }
  ],
  "description": {
    "tags": [
      "person",
      "man",
      "indoor"
    ],
    "captions": [
      {
        "text": "a group of men",
        "confidence": 0.399339497089386
      }
    ]
  },
  "faces": [],
  "objects": [
    {
      "rectangle": {
        "x": 193,
        "y": 31,
        "w": 399,
        "h": 552
      },
      "object": "person",
      "confidence": 0.776
    },
    {
      "rectangle": {
        "x": 480,
        "y": 43,
        "w": 344,
        "h": 601
      },
      "object": "person",
      "confidence": 0.648
    },
    {
      "rectangle": {
        "x": 706,
        "y": 85,
        "w": 408,
        "h": 561
      },
      "object": "person",
      "confidence": 0.835
    }
  ],
  "brands": [],
  "requestId": "42d6bb54-885e-40d8-92bd-555946e02ff6",
  "metadata": {
    "width": 1280,
    "height": 720,
    "format": "Png"
  },
  "modelVersion": "2021-05-01"
}