{
  "categories": [
    {
      "name": "abstract_",
      "score": 0.01171875
    },
    {
      "name": "others_",
      "score": 0.11328125
    },
    {
      "name": "outdoor_",
      "score": 0.03515625,
      "detail": {
        "landmarks": []
      }
    }
  ],
  "adult": {
    "isAdultContent": false,
    "isRacyContent": false,
    "isGoryContent": false,
    "adultScore": 0.004830160643905401,
    "racyScore": 0.008214348927140236,
    "goreScore": 0.003033167216926813
  },
  "color": {
    "dominantColorForeground": "Grey",
    "dominantColorBackground": "Black",
    "dominantColors": [
      "Black",
      "Grey"
    ],
    "accentColor": "7F604C",
    "isBWImg": false
  },
  "imageType": {
    "clipArtType": 0,
    "lineDrawingType": 0
  },
  "tags": [
    {
      "name": "train",
      "confidence": 0.9285381436347961
    },
    {
      "name": "screenshot",
      "confidence": 0.8813384771347046
    },
    {
      "name": "person",
      "confidence": 0.8475950360298157
    },
    {
      "name": "track",
      "confidence": 0.6602228283882141
    },
    {
      "name": "outdoor",
      "confidence": 0.6568838953971863
    }
  ],
  "description": {
    "tags": [],
    "captions": [
      {
        "text": "a person sitting outside",
        "confidence": 0.253845751285553
      }
    ]
  },
  "faces": [],
  "objects": [
    {
      "rectangle": {
        "x": 19,
        "y": 19,
        "w": 461,
        "h": 701
      },
      "object": "person",
      "confidence": 0.585
    }
  ],
  "brands": [],
  "requestId": "3343e205-6067-464b-aa84-e89cbe98ef10",
  "metadata": {
    "width": 1280,
    "height": 720,
    "format": "Png"
  },
  "modelVersion": "2021-05-01"
}