{
  "categories": [
    {
      "name": "abstract_",
      "score": 0.00390625
    },
    {
      "name": "dark_",
      "score": 0.6875
    }
  ],
  "adult": {
    "isAdultContent": false,
    "isRacyContent": false,
    "isGoryContent": false,
    "adultScore": 0.04060199484229088,
    "racyScore": 0.0656079575419426,
    "goreScore": 0.012723597697913647
  },
  "color": {
    "dominantColorForeground": "Black",
    "dominantColorBackground": "Black",
    "dominantColors": [
      "Black"
    ],
    "accentColor": "010101",
    "isBWImg": true
  },
  "imageType": {
    "clipArtType": 0,
    "lineDrawingType": 0
  },
  "tags": [
    {
      "name": "black",
      "confidence": 0.9524029493331909
    },
    {
      "name": "darkness",
      "confidence": 0.8999913930892944
    }
  ],
  "description": {
    "tags": [
      "shape"
    ],
    "captions": [
      {
        "text": "shape",
        "confidence": 0.524645209312439
      }
    ]
  },
  "faces": [],
  "objects": [],
  "brands": [],
  "requestId": "64f4b913-6956-4ebd-b114-403bba0154d9",
  "metadata": {
    "width": 1280,
    "height": 720,
    "format": "Png"
  },
  "modelVersion": "2021-05-01"
}