{
  "categories": [
    {
      "name": "others_",
      "score": 0.015625
    },
    {
      "name": "outdoor_",
      "score": 0.00390625,
      "detail": {
        "landmarks": []
      }
    }
  ],
  "adult": {
    "isAdultContent": false,
    "isRacyContent": false,
    "isGoryContent": false,
    "adultScore": 0.0027340513188391924,
    "racyScore": 0.012029971927404404,
    "goreScore": 0.0037133998703211546
  },
  "color": {
    "dominantColorForeground": "Grey",
    "dominantColorBackground": "Black",
    "dominantColors": [
      "Black",
      "Grey"
    ],
    "accentColor": "654A38",
    "isBWImg": false
  },
  "imageType": {
    "clipArtType": 0,
    "lineDrawingType": 0
  },
  "tags": [
    {
      "name": "man",
      "confidence": 0.9755620360374451
    },
    {
      "name": "human face",
      "confidence": 0.9682921171188354
    },
    {
      "name": "person",
      "confidence": 0.9598103761672974
    },
    {
      "name": "clothing",
      "confidence": 0.9568685293197632
    },
    {
      "name": "blurry",
      "confidence": 0.8649174571037292
    },
    {
      "name": "smoke",
      "confidence": 0.773797869682312
    },
    {
      "name": "people",
      "confidence": 0.75788414478302
    },
    {
      "name": "outdoor",
      "confidence": 0.6909940242767334
    }
  ],
  "description": {
    "tags": [
      "text",
      "tear gas",
      "weapon",
      "blurry",
      "spring"
    ],
    "captions": [
      {
        "text": "a group of people holding guns",
        "confidence": 0.3660319447517395
      }
    ]
  },
  "faces": [],
  "objects": [
    {
      "rectangle": {
        "x": 619,
        "y": 104,
        "w": 211,
        "h": 421
      },
      "object": "person",
      "confidence": 0.664
    },
    {
      "rectangle": {
        "x": 446,
        "y": 317,
        "w": 266,
        "h": 384
      },
      "object": "person",
      "confidence": 0.594
    }
  ],
  "brands": [],
  "requestId": "697cfd85-4454-428b-871f-c6e1226e6781",
  "metadata": {
    "width": 1280,
    "height": 720,
    "format": "Png"
  },
  "modelVersion": "2021-05-01"
}