{
  "categories": [
    {
      "name": "others_",
      "score": 0.01171875
    },
    {
      "name": "people_",
      "score": 0.51953125
    }
  ],
  "adult": {
    "isAdultContent": false,
    "isRacyContent": false,
    "isGoryContent": false,
    "adultScore": 0.005512691102921963,
    "racyScore": 0.006920753046870232,
    "goreScore": 0.00048135194811038673
  },
  "color": {
    "dominantColorForeground": "Black",
    "dominantColorBackground": "Black",
    "dominantColors": [
      "Black"
    ],
    "accentColor": "245EA7",
    "isBWImg": false
  },
  "imageType": {
    "clipArtType": 0,
    "lineDrawingType": 0
  },
  "tags": [
    {
      "name": "human face",
      "confidence": 0.9942210912704468
    },
    {
      "name": "clothing",
      "confidence": 0.9821207523345947
    },
    {
      "name": "person",
      "confidence": 0.9640489816665649
    },
    {
      "name": "screenshot",
      "confidence": 0.9134392738342285
    },
    {
      "name": "man",
      "confidence": 0.8957260847091675
    },
    {
      "name": "gentleman",
      "confidence": 0.8513123989105225
    },
    {
      "name": "indoor",
      "confidence": 0.6464236378669739
    }
  ],
  "description": {
    "tags": [
      "man",
      "person",
      "indoor"
    ],
    "captions": [
      {
        "text": "a group of men in a dark room",
        "confidence": 0.42534324526786804
      }
    ]
  },
  "faces": [],
  "objects": [
    {
      "rectangle": {
        "x": 182,
        "y": 39,
        "w": 400,
        "h": 539
      },
      "object": "person",
      "confidence": 0.738
    },
    {
      "rectangle": {
        "x": 708,
        "y": 49,
        "w": 407,
        "h": 593
      },
      "object": "person",
      "confidence": 0.848
    }
  ],
  "brands": [],
  "requestId": "cd8f17d4-5a2f-46cd-84ae-a4258ba1d276",
  "metadata": {
    "width": 1280,
    "height": 720,
    "format": "Png"
  },
  "modelVersion": "2021-05-01"
}