{
  "categories": [
    {
      "name": "people_portrait",
      "score": 0.89453125,
      "detail": {
        "celebrities": []
      }
    }
  ],
  "adult": {
    "isAdultContent": false,
    "isRacyContent": false,
    "isGoryContent": false,
    "adultScore": 0.015543037094175816,
    "racyScore": 0.01655803993344307,
    "goreScore": 0.02157553844153881
  },
  "color": {
    "dominantColorForeground": "Grey",
    "dominantColorBackground": "Black",
    "dominantColors": [
      "Black"
    ],
    "accentColor": "374D94",
    "isBWImg": false
  },
  "imageType": {
    "clipArtType": 0,
    "lineDrawingType": 0
  },
  "tags": [
    {
      "name": "human face",
      "confidence": 0.9902735352516174
    },
    {
      "name": "person",
      "confidence": 0.9677311182022095
    },
    {
      "name": "portrait",
      "confidence": 0.9573811292648315
    },
    {
      "name": "man",
      "confidence": 0.9451332688331604
    },
    {
      "name": "eyebrow",
      "confidence": 0.9365482330322266
    },
    {
      "name": "chin",
      "confidence": 0.9342074394226074
    },
    {
      "name": "jaw",
      "confidence": 0.9187850952148438
    },
    {
      "name": "cheek",
      "confidence": 0.8982455730438232
    },
    {
      "name": "forehead",
      "confidence": 0.8978818655014038
    },
    {
      "name": "lip",
      "confidence": 0.8843244314193726
    },
    {
      "name": "facial hair",
      "confidence": 0.8817314505577087
    },
    {
      "name": "human",
      "confidence": 0.8734116554260254
    },
    {
      "name": "portrait photography",
      "confidence": 0.8446344137191772
    },
    {
      "name": "hat",
      "confidence": 0.5681740045547485
    },
    {
      "name": "wearing",
      "confidence": 0.55767822265625
    },
    {
      "name": "indoor",
      "confidence": 0.5468425154685974
    },
    {
      "name": "face",
      "confidence": 0.4670150876045227
    }
  ],
  "description": {
    "tags": [],
    "captions": [
      {
        "text": "a person with a mustache",
        "confidence": 0.34238043427467346
      }
    ]
  },
  "faces": [
    {
      "age": 38,
      "gender": "Male",
      "faceRectangle": {
        "left": 369,
        "top": 59,
        "width": 633,
        "height": 633
      }
    }
  ],
  "objects": [
    {
      "rectangle": {
        "x": 327,
        "y": 27,
        "w": 831,
        "h": 692
      },
      "object": "person",
      "confidence": 0.876
    }
  ],
  "brands": [],
  "requestId": "31cb8b06-7de4-4ce7-b8ce-e3f5ab13411e",
  "metadata": {
    "width": 1280,
    "height": 720,
    "format": "Png"
  },
  "modelVersion": "2021-05-01"
}