{
  "categories": [
    {
      "name": "people_portrait",
      "score": 0.890625,
      "detail": {
        "celebrities": []
      }
    }
  ],
  "adult": {
    "isAdultContent": false,
    "isRacyContent": false,
    "isGoryContent": false,
    "adultScore": 0.01475253514945507,
    "racyScore": 0.01588262803852558,
    "goreScore": 0.02552114427089691
  },
  "color": {
    "dominantColorForeground": "Brown",
    "dominantColorBackground": "Black",
    "dominantColors": [
      "Black"
    ],
    "accentColor": "282720",
    "isBWImg": false
  },
  "imageType": {
    "clipArtType": 0,
    "lineDrawingType": 0
  },
  "tags": [
    {
      "name": "person",
      "confidence": 0.9974431395530701
    },
    {
      "name": "human face",
      "confidence": 0.9953795671463013
    },
    {
      "name": "indoor",
      "confidence": 0.9329632520675659
    },
    {
      "name": "human",
      "confidence": 0.8506361842155457
    },
    {
      "name": "portrait",
      "confidence": 0.8479485511779785
    },
    {
      "name": "holding",
      "confidence": 0.7129060626029968
    },
    {
      "name": "man",
      "confidence": 0.45591482520103455
    }
  ],
  "description": {
    "tags": [
      "person",
      "man",
      "indoor"
    ],
    "captions": [
      {
        "text": "a man with his eyes closed",
        "confidence": 0.40361639857292175
      }
    ]
  },
  "faces": [
    {
      "age": 33,
      "gender": "Male",
      "faceRectangle": {
        "left": 287,
        "top": 129,
        "width": 401,
        "height": 401
      }
    }
  ],
  "objects": [
    {
      "rectangle": {
        "x": 131,
        "y": 8,
        "w": 812,
        "h": 699
      },
      "object": "person",
      "confidence": 0.776
    }
  ],
  "brands": [],
  "requestId": "935d5e95-ea2a-4ced-9d13-4ed1e3c7186d",
  "metadata": {
    "width": 1280,
    "height": 720,
    "format": "Png"
  },
  "modelVersion": "2021-05-01"
}