{
  "categories": [
    {
      "name": "abstract_",
      "score": 0.0078125
    },
    {
      "name": "others_",
      "score": 0.01171875
    }
  ],
  "adult": {
    "isAdultContent": false,
    "isRacyContent": false,
    "isGoryContent": false,
    "adultScore": 0.218881294131279,
    "racyScore": 0.2978311777114868,
    "goreScore": 0.03500259667634964
  },
  "color": {
    "dominantColorForeground": "Black",
    "dominantColorBackground": "Black",
    "dominantColors": [
      "Black",
      "Brown"
    ],
    "accentColor": "281E07",
    "isBWImg": false
  },
  "imageType": {
    "clipArtType": 0,
    "lineDrawingType": 0
  },
  "tags": [
    {
      "name": "indoor",
      "confidence": 0.9034435153007507
    },
    {
      "name": "photograph",
      "confidence": 0.8914700746536255
    },
    {
      "name": "black",
      "confidence": 0.8812888860702515
    },
    {
      "name": "mammal",
      "confidence": 0.8760240077972412
    },
    {
      "name": "darkness",
      "confidence": 0.8727173805236816
    },
    {
      "name": "snapshot",
      "confidence": 0.8505238890647888
    },
    {
      "name": "person",
      "confidence": 0.8172887563705444
    },
    {
      "name": "wall",
      "confidence": 0.7909173965454102
    },
    {
      "name": "dark",
      "confidence": 0.5133001208305359
    }
  ],
  "description": {
    "tags": [
      "indoor",
      "building",
      "nature",
      "fireplace",
      "dark"
    ],
    "captions": [
      {
        "text": "a person playing a guitar",
        "confidence": 0.4041072726249695
      }
    ]
  },
  "faces": [],
  "objects": [],
  "brands": [],
  "requestId": "dfdf5e44-dc48-455d-adf8-dd6ac4bee3ab",
  "metadata": {
    "width": 1280,
    "height": 720,
    "format": "Png"
  },
  "modelVersion": "2021-05-01"
}