{
  "categories": [
    {
      "name": "abstract_",
      "score": 0.00390625
    },
    {
      "name": "dark_",
      "score": 0.75
    }
  ],
  "adult": {
    "isAdultContent": false,
    "isRacyContent": false,
    "isGoryContent": false,
    "adultScore": 0.08884310722351074,
    "racyScore": 0.1798660010099411,
    "goreScore": 0.012686340138316154
  },
  "color": {
    "dominantColorForeground": "Black",
    "dominantColorBackground": "Black",
    "dominantColors": [
      "Black"
    ],
    "accentColor": "040800",
    "isBWImg": true
  },
  "imageType": {
    "clipArtType": 0,
    "lineDrawingType": 0
  },
  "tags": [
    {
      "name": "black",
      "confidence": 0.9605147838592529
    },
    {
      "name": "darkness",
      "confidence": 0.9543567895889282
    },
    {
      "name": "screenshot",
      "confidence": 0.9176375865936279
    },
    {
      "name": "dark",
      "confidence": 0.6529617309570312
    }
  ],
  "description": {
    "tags": [
      "indoor",
      "dark",
      "night sky"
    ],
    "captions": [
      {
        "text": "a person standing in a dark room",
        "confidence": 0.4520276188850403
      }
    ]
  },
  "faces": [],
  "objects": [
    {
      "rectangle": {
        "x": 606,
        "y": 283,
        "w": 263,
        "h": 432
      },
      "object": "person",
      "confidence": 0.559
    }
  ],
  "brands": [],
  "requestId": "a181c318-febd-4d50-9787-cb92b5bd4093",
  "metadata": {
    "width": 1280,
    "height": 720,
    "format": "Png"
  },
  "modelVersion": "2021-05-01"
}