{
  "categories": [
    {
      "name": "abstract_",
      "score": 0.0078125
    },
    {
      "name": "dark_",
      "score": 0.55078125
    },
    {
      "name": "others_",
      "score": 0.00390625
    }
  ],
  "adult": {
    "isAdultContent": false,
    "isRacyContent": false,
    "isGoryContent": false,
    "adultScore": 0.08500772714614868,
    "racyScore": 0.3101520538330078,
    "goreScore": 0.05048748850822449
  },
  "color": {
    "dominantColorForeground": "Black",
    "dominantColorBackground": "Black",
    "dominantColors": [
      "Black"
    ],
    "accentColor": "6B4535",
    "isBWImg": false
  },
  "imageType": {
    "clipArtType": 1,
    "lineDrawingType": 0
  },
  "tags": [
    {
      "name": "blurry",
      "confidence": 0.9531926512718201
    },
    {
      "name": "person",
      "confidence": 0.9048569202423096
    },
    {
      "name": "black",
      "confidence": 0.8862316608428955
    },
    {
      "name": "screenshot",
      "confidence": 0.8476096391677856
    },
    {
      "name": "snapshot",
      "confidence": 0.8442429304122925
    }
  ],
  "description": {
    "tags": [
      "beverage"
    ],
    "captions": [
      {
        "text": "no image",
        "confidence": 0.6804319024085999
      }
    ]
  },
  "faces": [],
  "objects": [],
  "brands": [],
  "requestId": "00fb34f6-3200-4c21-a7f5-b66c63691d03",
  "metadata": {
    "width": 1280,
    "height": 720,
    "format": "Png"
  },
  "modelVersion": "2021-05-01"
}