{
  "categories": [
    {
      "name": "abstract_",
      "score": 0.0078125
    },
    {
      "name": "others_",
      "score": 0.0078125
    },
    {
      "name": "outdoor_",
      "score": 0.03515625,
      "detail": {
        "landmarks": []
      }
    }
  ],
  "adult": {
    "isAdultContent": false,
    "isRacyContent": false,
    "isGoryContent": false,
    "adultScore": 0.0173971988260746,
    "racyScore": 0.03053266927599907,
    "goreScore": 0.006774463225156069
  },
  "color": {
    "dominantColorForeground": "Black",
    "dominantColorBackground": "Black",
    "dominantColors": [
      "Black",
      "Grey"
    ],
    "accentColor": "80604B",
    "isBWImg": false
  },
  "imageType": {
    "clipArtType": 0,
    "lineDrawingType": 0
  },
  "tags": [
    {
      "name": "screenshot",
      "confidence": 0.9153648018836975
    },
    {
      "name": "blurry",
      "confidence": 0.869198739528656
    },
    {
      "name": "person",
      "confidence": 0.8123648762702942
    },
    {
      "name": "outdoor",
      "confidence": 0.6861442923545837
    },
    {
      "name": "train",
      "confidence": 0.5560991764068604
    }
  ],
  "description": {
    "tags": [],
    "captions": [
      {
        "text": "a person driving a car",
        "confidence": 0.3588862121105194
      }
    ]
  },
  "faces": [],
  "objects": [
    {
      "rectangle": {
        "x": 1081,
        "y": 427,
        "w": 87,
        "h": 100
      },
      "object": "Tire",
      "confidence": 0.572,
      "parent": {
        "object": "Wheel",
        "confidence": 0.591
      }
    }
  ],
  "brands": [],
  "requestId": "b2b2e85b-621d-4fd2-bbcf-14bae5cdb50e",
  "metadata": {
    "width": 1280,
    "height": 720,
    "format": "Png"
  },
  "modelVersion": "2021-05-01"
}