{
  "categories": [
    {
      "name": "abstract_",
      "score": 0.00390625
    },
    {
      "name": "others_",
      "score": 0.01171875
    }
  ],
  "adult": {
    "isAdultContent": false,
    "isRacyContent": false,
    "isGoryContent": false,
    "adultScore": 0.4246205985546112,
    "racyScore": 0.5446509122848511,
    "goreScore": 0.015223801136016846
  },
  "color": {
    "dominantColorForeground": "Black",
    "dominantColorBackground": "Black",
    "dominantColors": [
      "Black",
      "Brown"
    ],
    "accentColor": "281F06",
    "isBWImg": false
  },
  "imageType": {
    "clipArtType": 0,
    "lineDrawingType": 0
  },
  "tags": [
    {
      "name": "indoor",
      "confidence": 0.9223490953445435
    },
    {
      "name": "photograph",
      "confidence": 0.842958927154541
    },
    {
      "name": "art",
      "confidence": 0.8404701948165894
    },
    {
      "name": "wall",
      "confidence": 0.7246999740600586
    }
  ],
  "description": {
    "tags": [
      "indoor",
      "nature",
      "bed",
      "laying",
      "fireplace",
      "dark"
    ],
    "captions": [
      {
        "text": "a group of people in a room",
        "confidence": 0.509490966796875
      }
    ]
  },
  "faces": [],
  "objects": [],
  "brands": [],
  "requestId": "6cb98140-95d5-4d8a-a264-bf0e9453600d",
  "metadata": {
    "width": 1280,
    "height": 720,
    "format": "Png"
  },
  "modelVersion": "2021-05-01"
}