{
  "categories": [
    {
      "name": "abstract_",
      "score": 0.0078125
    },
    {
      "name": "others_",
      "score": 0.0078125
    },
    {
      "name": "outdoor_",
      "score": 0.03125,
      "detail": {
        "landmarks": []
      }
    }
  ],
  "adult": {
    "isAdultContent": false,
    "isRacyContent": false,
    "isGoryContent": false,
    "adultScore": 0.0053175357170403,
    "racyScore": 0.007283900864422321,
    "goreScore": 0.0006862907903268933
  },
  "color": {
    "dominantColorForeground": "Yellow",
    "dominantColorBackground": "Black",
    "dominantColors": [
      "Black",
      "Brown"
    ],
    "accentColor": "B39718",
    "isBWImg": false
  },
  "imageType": {
    "clipArtType": 0,
    "lineDrawingType": 0
  },
  "tags": [
    {
      "name": "clothing",
      "confidence": 0.996466338634491
    },
    {
      "name": "person",
      "confidence": 0.989911675453186
    },
    {
      "name": "man",
      "confidence": 0.9868805408477783
    },
    {
      "name": "human face",
      "confidence": 0.8593602180480957
    },
    {
      "name": "electronic signage",
      "confidence": 0.8590988516807556
    },
    {
      "name": "dance",
      "confidence": 0.8412331938743591
    },
    {
      "name": "people",
      "confidence": 0.7162583470344543
    },
    {
      "name": "standing",
      "confidence": 0.662240743637085
    },
    {
      "name": "night",
      "confidence": 0.6252290606498718
    }
  ],
  "description": {
    "tags": [
      "text",
      "person",
      "floor",
      "standing"
    ],
    "captions": [
      {
        "text": "a group of people standing in front of a sign",
        "confidence": 0.4933495819568634
      }
    ]
  },
  "faces": [
    {
      "age": 38,
      "gender": "Male",
      "faceRectangle": {
        "left": 181,
        "top": 196,
        "width": 69,
        "height": 69
      }
    }
  ],
  "objects": [
    {
      "rectangle": {
        "x": 153,
        "y": 143,
        "w": 223,
        "h": 573
      },
      "object": "person",
      "confidence": 0.729
    },
    {
      "rectangle": {
        "x": 573,
        "y": 97,
        "w": 204,
        "h": 623
      },
      "object": "person",
      "confidence": 0.738
    },
    {
      "rectangle": {
        "x": 925,
        "y": 11,
        "w": 355,
        "h": 707
      },
      "object": "person",
      "confidence": 0.884
    }
  ],
  "brands": [],
  "requestId": "2ff0b092-9d09-46a6-a889-50535c3e5f0d",
  "metadata": {
    "width": 1280,
    "height": 720,
    "format": "Png"
  },
  "modelVersion": "2021-05-01"
}