{
  "categories": [
    {
      "name": "abstract_",
      "score": 0.0078125
    },
    {
      "name": "others_",
      "score": 0.0078125
    },
    {
      "name": "people_",
      "score": 0.33203125
    }
  ],
  "adult": {
    "isAdultContent": false,
    "isRacyContent": false,
    "isGoryContent": false,
    "adultScore": 0.4060775935649872,
    "racyScore": 0.5530850887298584,
    "goreScore": 0.0150050800293684
  },
  "color": {
    "dominantColorForeground": "Brown",
    "dominantColorBackground": "Black",
    "dominantColors": [
      "Black",
      "Brown"
    ],
    "accentColor": "2A2009",
    "isBWImg": false
  },
  "imageType": {
    "clipArtType": 0,
    "lineDrawingType": 0
  },
  "tags": [
    {
      "name": "indoor",
      "confidence": 0.953807532787323
    },
    {
      "name": "wall",
      "confidence": 0.7927480936050415
    },
    {
      "name": "room",
      "confidence": 0.6921014785766602
    },
    {
      "name": "curtain",
      "confidence": 0.6582140922546387
    },
    {
      "name": "dark",
      "confidence": 0.45472481846809387
    }
  ],
  "description": {
    "tags": [
      "indoor",
      "fireplace",
      "dark"
    ],
    "captions": [
      {
        "text": "a person in a garment",
        "confidence": 0.39007049798965454
      }
    ]
  },
  "faces": [],
  "objects": [
    {
      "rectangle": {
        "x": 565,
        "y": 258,
        "w": 245,
        "h": 442
      },
      "object": "person",
      "confidence": 0.602
    }
  ],
  "brands": [],
  "requestId": "1f8993a7-f054-491c-8b4c-4747224f12b5",
  "metadata": {
    "width": 1280,
    "height": 720,
    "format": "Png"
  },
  "modelVersion": "2021-05-01"
}