{
  "categories": [
    {
      "name": "abstract_",
      "score": 0.00390625
    },
    {
      "name": "others_",
      "score": 0.4296875
    }
  ],
  "adult": {
    "isAdultContent": false,
    "isRacyContent": false,
    "isGoryContent": false,
    "adultScore": 0.03921901434659958,
    "racyScore": 0.09371723234653473,
    "goreScore": 0.005875804461538792
  },
  "color": {
    "dominantColorForeground": "Black",
    "dominantColorBackground": "Black",
    "dominantColors": [
      "Black"
    ],
    "accentColor": "956236",
    "isBWImg": false
  },
  "imageType": {
    "clipArtType": 0,
    "lineDrawingType": 0
  },
  "tags": [
    {
      "name": "person",
      "confidence": 0.9513187408447266
    },
    {
      "name": "clothing",
      "confidence": 0.9177703857421875
    },
    {
      "name": "man",
      "confidence": 0.8955138921737671
    },
    {
      "name": "blurry",
      "confidence": 0.8806112408638
    },
    {
      "name": "snapshot",
      "confidence": 0.8726150989532471
    },
    {
      "name": "indoor",
      "confidence": 0.6905921101570129
    },
    {
      "name": "standing",
      "confidence": 0.6278591156005859
    },
    {
      "name": "dark",
      "confidence": 0.5711615681648254
    },
    {
      "name": "night",
      "confidence": 0.5539616346359253
    },
    {
      "name": "street",
      "confidence": 0.5052750706672668
    }
  ],
  "description": {
    "tags": [],
    "captions": [
      {
        "text": "a person standing in a room",
        "confidence": 0.3023715019226074
      }
    ]
  },
  "faces": [],
  "objects": [],
  "brands": [],
  "requestId": "0c3191be-9cf6-4a86-81a4-db1e36598cb9",
  "metadata": {
    "width": 1280,
    "height": 720,
    "format": "Png"
  },
  "modelVersion": "2021-05-01"
}