{
  "categories": [
    {
      "name": "people_show",
      "score": 0.7890625
    }
  ],
  "adult": {
    "isAdultContent": false,
    "isRacyContent": false,
    "isGoryContent": false,
    "adultScore": 0.03425418958067894,
    "racyScore": 0.05323707312345505,
    "goreScore": 0.13799932599067688
  },
  "color": {
    "dominantColorForeground": "Black",
    "dominantColorBackground": "Black",
    "dominantColors": [
      "Black",
      "Brown"
    ],
    "accentColor": "91503A",
    "isBWImg": false
  },
  "imageType": {
    "clipArtType": 0,
    "lineDrawingType": 0
  },
  "tags": [
    {
      "name": "human face",
      "confidence": 0.969380259513855
    },
    {
      "name": "person",
      "confidence": 0.9500696659088135
    },
    {
      "name": "candle",
      "confidence": 0.9399281740188599
    },
    {
      "name": "night",
      "confidence": 0.5883212685585022
    },
    {
      "name": "people",
      "confidence": 0.5703418254852295
    }
  ],
  "description": {
    "tags": [
      "person",
      "dark"
    ],
    "captions": [
      {
        "text": "a group of people sitting at a table with candles",
        "confidence": 0.4629534184932709
      }
    ]
  },
  "faces": [],
  "objects": [
    {
      "rectangle": {
        "x": 695,
        "y": 157,
        "w": 288,
        "h": 515
      },
      "object": "person",
      "confidence": 0.72
    }
  ],
  "brands": [],
  "requestId": "2afa05ea-2b08-46bb-926a-52e3a31065f6",
  "metadata": {
    "width": 1280,
    "height": 720,
    "format": "Png"
  },
  "modelVersion": "2021-05-01"
}