{
  "categories": [
    {
      "name": "others_",
      "score": 0.00390625
    },
    {
      "name": "people_portrait",
      "score": 0.53515625
    }
  ],
  "adult": {
    "isAdultContent": false,
    "isRacyContent": false,
    "isGoryContent": false,
    "adultScore": 0.0136655168607831,
    "racyScore": 0.01626133732497692,
    "goreScore": 0.03690263256430626
  },
  "color": {
    "dominantColorForeground": "Blue",
    "dominantColorBackground": "Black",
    "dominantColors": [
      "Black"
    ],
    "accentColor": "163D7E",
    "isBWImg": false
  },
  "imageType": {
    "clipArtType": 1,
    "lineDrawingType": 0
  },
  "tags": [
    {
      "name": "human face",
      "confidence": 0.9680161476135254
    },
    {
      "name": "black",
      "confidence": 0.931565523147583
    },
    {
      "name": "screenshot",
      "confidence": 0.9216998815536499
    },
    {
      "name": "human",
      "confidence": 0.9164468050003052
    },
    {
      "name": "darkness",
      "confidence": 0.9084118008613586
    },
    {
      "name": "jaw",
      "confidence": 0.8857214450836182
    },
    {
      "name": "person",
      "confidence": 0.8807905316352844
    },
    {
      "name": "forehead",
      "confidence": 0.8656260371208191
    },
    {
      "name": "eyebrow",
      "confidence": 0.862307071685791
    },
    {
      "name": "man",
      "confidence": 0.8611108064651489
    },
    {
      "name": "portrait",
      "confidence": 0.7926833629608154
    },
    {
      "name": "dark",
      "confidence": 0.6609019041061401
    }
  ],
  "description": {
    "tags": [
      "person",
      "dark",
      "staring"
    ],
    "captions": [
      {
        "text": "a man with a mustache",
        "confidence": 0.33886516094207764
      }
    ]
  },
  "faces": [],
  "objects": [
    {
      "rectangle": {
        "x": 209,
        "y": 32,
        "w": 629,
        "h": 688
      },
      "object": "person",
      "confidence": 0.593
    }
  ],
  "brands": [],
  "requestId": "eb417c53-e363-4336-9dbb-72327b4621ac",
  "metadata": {
    "width": 1280,
    "height": 720,
    "format": "Png"
  },
  "modelVersion": "2021-05-01"
}