{
  "categories": [
    {
      "name": "others_",
      "score": 0.03515625
    },
    {
      "name": "people_",
      "score": 0.30078125
    }
  ],
  "adult": {
    "isAdultContent": false,
    "isRacyContent": false,
    "isGoryContent": false,
    "adultScore": 0.012547723017632961,
    "racyScore": 0.014140889048576355,
    "goreScore": 0.0009619613410905004
  },
  "color": {
    "dominantColorForeground": "Black",
    "dominantColorBackground": "Black",
    "dominantColors": [
      "Black"
    ],
    "accentColor": "294777",
    "isBWImg": false
  },
  "imageType": {
    "clipArtType": 0,
    "lineDrawingType": 0
  },
  "tags": [
    {
      "name": "human face",
      "confidence": 0.9942212104797363
    },
    {
      "name": "person",
      "confidence": 0.9935553073883057
    },
    {
      "name": "clothing",
      "confidence": 0.9890817403793335
    },
    {
      "name": "man",
      "confidence": 0.939581036567688
    },
    {
      "name": "indoor",
      "confidence": 0.740681529045105
    },
    {
      "name": "dark",
      "confidence": 0.5611239075660706
    }
  ],
  "description": {
    "tags": [
      "person",
      "indoor"
    ],
    "captions": [
      {
        "text": "a group of men in a room",
        "confidence": 0.4258807599544525
      }
    ]
  },
  "faces": [],
  "objects": [
    {
      "rectangle": {
        "x": 219,
        "y": 41,
        "w": 483,
        "h": 534
      },
      "object": "person",
      "confidence": 0.58
    },
    {
      "rectangle": {
        "x": 732,
        "y": 66,
        "w": 425,
        "h": 572
      },
      "object": "person",
      "confidence": 0.791
    }
  ],
  "brands": [],
  "requestId": "5f825089-1544-4881-8e38-766cb1f1bcc3",
  "metadata": {
    "width": 1280,
    "height": 720,
    "format": "Png"
  },
  "modelVersion": "2021-05-01"
}