{
  "categories": [
    {
      "name": "others_",
      "score": 0.0078125
    },
    {
      "name": "people_",
      "score": 0.42578125
    }
  ],
  "adult": {
    "isAdultContent": false,
    "isRacyContent": false,
    "isGoryContent": false,
    "adultScore": 0.0031599244102835655,
    "racyScore": 0.0050328318029642105,
    "goreScore": 0.00036303955130279064
  },
  "color": {
    "dominantColorForeground": "Black",
    "dominantColorBackground": "Black",
    "dominantColors": [
      "Black"
    ],
    "accentColor": "375C94",
    "isBWImg": false
  },
  "imageType": {
    "clipArtType": 0,
    "lineDrawingType": 0
  },
  "tags": [
    {
      "name": "human face",
      "confidence": 0.9869438409805298
    },
    {
      "name": "person",
      "confidence": 0.9547463655471802
    },
    {
      "name": "clothing",
      "confidence": 0.9469425678253174
    },
    {
      "name": "screenshot",
      "confidence": 0.9253478050231934
    },
    {
      "name": "black",
      "confidence": 0.8888156414031982
    },
    {
      "name": "man",
      "confidence": 0.8703941106796265
    },
    {
      "name": "darkness",
      "confidence": 0.8679957389831543
    },
    {
      "name": "gentleman",
      "confidence": 0.863037645816803
    },
    {
      "name": "dark",
      "confidence": 0.596638023853302
    }
  ],
  "description": {
    "tags": [
      "person",
      "man",
      "indoor",
      "dark"
    ],
    "captions": [
      {
        "text": "a group of men in a dark room",
        "confidence": 0.44545385241508484
      }
    ]
  },
  "faces": [],
  "objects": [
    {
      "rectangle": {
        "x": 185,
        "y": 43,
        "w": 394,
        "h": 535
      },
      "object": "person",
      "confidence": 0.637
    },
    {
      "rectangle": {
        "x": 438,
        "y": 27,
        "w": 379,
        "h": 557
      },
      "object": "person",
      "confidence": 0.623
    },
    {
      "rectangle": {
        "x": 706,
        "y": 73,
        "w": 404,
        "h": 572
      },
      "object": "person",
      "confidence": 0.833
    }
  ],
  "brands": [],
  "requestId": "ba019fe9-bb69-410e-a8e6-257910dbee2d",
  "metadata": {
    "width": 1280,
    "height": 720,
    "format": "Png"
  },
  "modelVersion": "2021-05-01"
}