{
  "categories": [
    {
      "name": "others_",
      "score": 0.0078125
    },
    {
      "name": "people_",
      "score": 0.4765625
    }
  ],
  "adult": {
    "isAdultContent": false,
    "isRacyContent": false,
    "isGoryContent": false,
    "adultScore": 0.01181037537753582,
    "racyScore": 0.013823947869241238,
    "goreScore": 0.0006462087039835751
  },
  "color": {
    "dominantColorForeground": "Black",
    "dominantColorBackground": "Black",
    "dominantColors": [
      "Black"
    ],
    "accentColor": "485B83",
    "isBWImg": false
  },
  "imageType": {
    "clipArtType": 0,
    "lineDrawingType": 0
  },
  "tags": [
    {
      "name": "human face",
      "confidence": 0.995233952999115
    },
    {
      "name": "clothing",
      "confidence": 0.9831012487411499
    },
    {
      "name": "person",
      "confidence": 0.970470130443573
    },
    {
      "name": "screenshot",
      "confidence": 0.9298313856124878
    },
    {
      "name": "man",
      "confidence": 0.8974496126174927
    },
    {
      "name": "darkness",
      "confidence": 0.892952561378479
    },
    {
      "name": "gentleman",
      "confidence": 0.8899657130241394
    },
    {
      "name": "black",
      "confidence": 0.8798717260360718
    },
    {
      "name": "dark",
      "confidence": 0.6527456045150757
    }
  ],
  "description": {
    "tags": [
      "person",
      "man",
      "indoor",
      "dark",
      "necktie"
    ],
    "captions": [
      {
        "text": "a man holding a gun",
        "confidence": 0.47280341386795044
      }
    ]
  },
  "faces": [],
  "objects": [
    {
      "rectangle": {
        "x": 195,
        "y": 33,
        "w": 279,
        "h": 516
      },
      "object": "person",
      "confidence": 0.599
    },
    {
      "rectangle": {
        "x": 710,
        "y": 81,
        "w": 403,
        "h": 568
      },
      "object": "person",
      "confidence": 0.846
    }
  ],
  "brands": [],
  "requestId": "20e533b4-3612-404d-a176-80e1083169a1",
  "metadata": {
    "width": 1280,
    "height": 720,
    "format": "Png"
  },
  "modelVersion": "2021-05-01"
}