{
  "categories": [
    {
      "name": "people_portrait",
      "score": 0.83203125,
      "detail": {
        "celebrities": []
      }
    }
  ],
  "adult": {
    "isAdultContent": false,
    "isRacyContent": false,
    "isGoryContent": false,
    "adultScore": 0.017512308433651924,
    "racyScore": 0.018258558586239815,
    "goreScore": 0.0031030962709337473
  },
  "color": {
    "dominantColorForeground": "Grey",
    "dominantColorBackground": "Black",
    "dominantColors": [
      "Black",
      "Grey"
    ],
    "accentColor": "2C4169",
    "isBWImg": false
  },
  "imageType": {
    "clipArtType": 0,
    "lineDrawingType": 0
  },
  "tags": [
    {
      "name": "human face",
      "confidence": 0.9930866956710815
    },
    {
      "name": "person",
      "confidence": 0.9684972763061523
    },
    {
      "name": "man",
      "confidence": 0.9624478816986084
    },
    {
      "name": "chin",
      "confidence": 0.9489486217498779
    },
    {
      "name": "portrait",
      "confidence": 0.9379792213439941
    },
    {
      "name": "eyebrow",
      "confidence": 0.934496283531189
    },
    {
      "name": "forehead",
      "confidence": 0.9122866988182068
    },
    {
      "name": "jaw",
      "confidence": 0.9059039950370789
    },
    {
      "name": "human",
      "confidence": 0.8875889778137207
    },
    {
      "name": "cheek",
      "confidence": 0.8813977241516113
    },
    {
      "name": "facial hair",
      "confidence": 0.8670743703842163
    },
    {
      "name": "male person",
      "confidence": 0.8641282916069031
    },
    {
      "name": "lip",
      "confidence": 0.849936842918396
    },
    {
      "name": "indoor",
      "confidence": 0.5872616171836853
    },
    {
      "name": "hat",
      "confidence": 0.5704050064086914
    }
  ],
  "description": {
    "tags": [
      "person",
      "wearing",
      "indoor",
      "headdress",
      "hat",
      "staring"
    ],
    "captions": [
      {
        "text": "a man with a straight face",
        "confidence": 0.36662834882736206
      }
    ]
  },
  "faces": [
    {
      "age": 27,
      "gender": "Male",
      "faceRectangle": {
        "left": 440,
        "top": 84,
        "width": 562,
        "height": 562
      }
    }
  ],
  "objects": [
    {
      "rectangle": {
        "x": 411,
        "y": 28,
        "w": 838,
        "h": 692
      },
      "object": "person",
      "confidence": 0.889
    }
  ],
  "brands": [],
  "requestId": "1bd1a587-666e-451b-bcca-45c61bc179de",
  "metadata": {
    "width": 1280,
    "height": 720,
    "format": "Png"
  },
  "modelVersion": "2021-05-01"
}