{
  "categories": [
    {
      "name": "others_",
      "score": 0.00390625
    }
  ],
  "adult": {
    "isAdultContent": false,
    "isRacyContent": false,
    "isGoryContent": false,
    "adultScore": 0.00781741738319397,
    "racyScore": 0.008806105703115463,
    "goreScore": 0.030135592445731163
  },
  "color": {
    "dominantColorForeground": "Black",
    "dominantColorBackground": "Black",
    "dominantColors": [
      "Black",
      "Blue"
    ],
    "accentColor": "055AC6",
    "isBWImg": false
  },
  "imageType": {
    "clipArtType": 0,
    "lineDrawingType": 0
  },
  "tags": [
    {
      "name": "human face",
      "confidence": 0.994678258895874
    },
    {
      "name": "person",
      "confidence": 0.9848881363868713
    },
    {
      "name": "clothing",
      "confidence": 0.9838606119155884
    },
    {
      "name": "hat",
      "confidence": 0.9550783038139343
    },
    {
      "name": "headgear",
      "confidence": 0.9163275361061096
    },
    {
      "name": "chin",
      "confidence": 0.8716020584106445
    },
    {
      "name": "man",
      "confidence": 0.861720085144043
    },
    {
      "name": "cap",
      "confidence": 0.8428109884262085
    },
    {
      "name": "portrait",
      "confidence": 0.8364952802658081
    },
    {
      "name": "wearing",
      "confidence": 0.7394476532936096
    },
    {
      "name": "dark",
      "confidence": 0.6431989669799805
    }
  ],
  "description": {
    "tags": [
      "person",
      "headdress",
      "man",
      "hat",
      "wearing",
      "posing"
    ],
    "captions": [
      {
        "text": "a man wearing a hat",
        "confidence": 0.5762996673583984
      }
    ]
  },
  "faces": [
    {
      "age": 67,
      "gender": "Male",
      "faceRectangle": {
        "left": 269,
        "top": 208,
        "width": 508,
        "height": 508
      }
    }
  ],
  "objects": [
    {
      "rectangle": {
        "x": 50,
        "y": 45,
        "w": 807,
        "h": 334
      },
      "object": "hat",
      "confidence": 0.578,
      "parent": {
        "object": "headwear",
        "confidence": 0.733
      }
    },
    {
      "rectangle": {
        "x": 11,
        "y": 100,
        "w": 892,
        "h": 620
      },
      "object": "person",
      "confidence": 0.616
    }
  ],
  "brands": [],
  "requestId": "f400dee5-0bbd-4ae1-b109-9612447fb3d9",
  "metadata": {
    "width": 1280,
    "height": 720,
    "format": "Png"
  },
  "modelVersion": "2021-05-01"
}