{
  "categories": [
    {
      "name": "abstract_",
      "score": 0.08984375
    },
    {
      "name": "abstract_shape",
      "score": 0.17578125
    },
    {
      "name": "others_",
      "score": 0.05859375
    }
  ],
  "adult": {
    "isAdultContent": false,
    "isRacyContent": false,
    "isGoryContent": false,
    "adultScore": 0.05690578743815422,
    "racyScore": 0.10929149389266968,
    "goreScore": 0.005673403851687908
  },
  "color": {
    "dominantColorForeground": "Black",
    "dominantColorBackground": "Black",
    "dominantColors": [
      "Black"
    ],
    "accentColor": "304E5D",
    "isBWImg": false
  },
  "imageType": {
    "clipArtType": 1,
    "lineDrawingType": 0
  },
  "tags": [
    {
      "name": "darkness",
      "confidence": 0.9492602944374084
    },
    {
      "name": "black",
      "confidence": 0.9414936304092407
    },
    {
      "name": "light",
      "confidence": 0.64463210105896
    },
    {
      "name": "night",
      "confidence": 0.5423417091369629
    },
    {
      "name": "dark",
      "confidence": 0.49376603960990906
    }
  ],
  "description": {
    "tags": [
      "dark",
      "night sky"
    ],
    "captions": [
      {
        "text": "a cat in a dark room",
        "confidence": 0.35631826519966125
      }
    ]
  },
  "faces": [],
  "objects": [],
  "brands": [],
  "requestId": "21c85212-08b4-4aea-9d09-472a6d40bac4",
  "metadata": {
    "width": 1280,
    "height": 720,
    "format": "Png"
  },
  "modelVersion": "2021-05-01"
}