{
  "categories": [
    {
      "name": "others_",
      "score": 0.0234375
    },
    {
      "name": "people_",
      "score": 0.3671875
    }
  ],
  "adult": {
    "isAdultContent": false,
    "isRacyContent": false,
    "isGoryContent": false,
    "adultScore": 0.009458951652050018,
    "racyScore": 0.011067245155572891,
    "goreScore": 0.0007880096090957522
  },
  "color": {
    "dominantColorForeground": "Black",
    "dominantColorBackground": "Black",
    "dominantColors": [
      "Black"
    ],
    "accentColor": "11160E",
    "isBWImg": false
  },
  "imageType": {
    "clipArtType": 0,
    "lineDrawingType": 0
  },
  "tags": [
    {
      "name": "human face",
      "confidence": 0.9846922159194946
    },
    {
      "name": "clothing",
      "confidence": 0.9776260852813721
    },
    {
      "name": "person",
      "confidence": 0.9503157138824463
    },
    {
      "name": "man",
      "confidence": 0.9483539462089539
    },
    {
      "name": "gentleman",
      "confidence": 0.9152619242668152
    },
    {
      "name": "screenshot",
      "confidence": 0.8519612550735474
    },
    {
      "name": "darkness",
      "confidence": 0.8447331190109253
    },
    {
      "name": "wearing",
      "confidence": 0.6294972896575928
    },
    {
      "name": "dark",
      "confidence": 0.5869399905204773
    },
    {
      "name": "indoor",
      "confidence": 0.5806943774223328
    },
    {
      "name": "hat",
      "confidence": 0.5380452871322632
    },
    {
      "name": "musician",
      "confidence": 0.4556974470615387
    },
    {
      "name": "music",
      "confidence": 0.4000603258609772
    }
  ],
  "description": {
    "tags": [
      "person",
      "man",
      "indoor",
      "music"
    ],
    "captions": [
      {
        "text": "a group of men in a dark room",
        "confidence": 0.4427447021007538
      }
    ]
  },
  "faces": [],
  "objects": [
    {
      "rectangle": {
        "x": 187,
        "y": 36,
        "w": 400,
        "h": 546
      },
      "object": "person",
      "confidence": 0.75
    },
    {
      "rectangle": {
        "x": 469,
        "y": 32,
        "w": 361,
        "h": 553
      },
      "object": "person",
      "confidence": 0.702
    },
    {
      "rectangle": {
        "x": 706,
        "y": 72,
        "w": 409,
        "h": 571
      },
      "object": "person",
      "confidence": 0.839
    }
  ],
  "brands": [],
  "requestId": "1a16165e-0e74-4361-83f5-a0d94804df55",
  "metadata": {
    "width": 1280,
    "height": 720,
    "format": "Png"
  },
  "modelVersion": "2021-05-01"
}