{
  "categories": [
    {
      "name": "others_",
      "score": 0.01171875
    }
  ],
  "adult": {
    "isAdultContent": false,
    "isRacyContent": false,
    "isGoryContent": false,
    "adultScore": 0.02968287281692028,
    "racyScore": 0.033675942569971085,
    "goreScore": 0.005635485518723726
  },
  "color": {
    "dominantColorForeground": "Grey",
    "dominantColorBackground": "Grey",
    "dominantColors": [
      "Grey"
    ],
    "accentColor": "776B54",
    "isBWImg": false
  },
  "imageType": {
    "clipArtType": 0,
    "lineDrawingType": 0
  },
  "tags": [
    {
      "name": "clothing",
      "confidence": 0.9510347247123718
    },
    {
      "name": "person",
      "confidence": 0.9398375153541565
    },
    {
      "name": "man",
      "confidence": 0.9276994466781616
    },
    {
      "name": "zebra",
      "confidence": 0.9219425916671753
    },
    {
      "name": "outdoor",
      "confidence": 0.87363600730896
    },
    {
      "name": "mammal",
      "confidence": 0.6127503514289856
    },
    {
      "name": "standing",
      "confidence": 0.6022176742553711
    },
    {
      "name": "people",
      "confidence": 0.5616830587387085
    },
    {
      "name": "animal",
      "confidence": 0.5081992149353027
    }
  ],
  "description": {
    "tags": [
      "person",
      "outdoor"
    ],
    "captions": [
      {
        "text": "a person with a gun and a tiger",
        "confidence": 0.21056319773197174
      }
    ]
  },
  "faces": [],
  "objects": [
    {
      "rectangle": {
        "x": 4,
        "y": 296,
        "w": 232,
        "h": 420
      },
      "object": "zebra",
      "confidence": 0.555,
      "parent": {
        "object": "mammal",
        "confidence": 0.573,
        "parent": {
          "object": "animal",
          "confidence": 0.575
        }
      }
    },
    {
      "rectangle": {
        "x": 131,
        "y": 52,
        "w": 409,
        "h": 654
      },
      "object": "person",
      "confidence": 0.628
    },
    {
      "rectangle": {
        "x": 595,
        "y": 77,
        "w": 493,
        "h": 615
      },
      "object": "person",
      "confidence": 0.802
    }
  ],
  "brands": [],
  "requestId": "5899b277-6cca-4a65-8c98-293bd10b1c55",
  "metadata": {
    "width": 1280,
    "height": 720,
    "format": "Png"
  },
  "modelVersion": "2021-05-01"
}