{
  "categories": [
    {
      "name": "abstract_",
      "score": 0.00390625
    },
    {
      "name": "others_",
      "score": 0.015625
    }
  ],
  "adult": {
    "isAdultContent": false,
    "isRacyContent": false,
    "isGoryContent": false,
    "adultScore": 0.007555694319307804,
    "racyScore": 0.010411989875137806,
    "goreScore": 0.0009646458202041686
  },
  "color": {
    "dominantColorForeground": "White",
    "dominantColorBackground": "Brown",
    "dominantColors": [
      "Brown",
      "White"
    ],
    "accentColor": "2F4A9C",
    "isBWImg": false
  },
  "imageType": {
    "clipArtType": 0,
    "lineDrawingType": 0
  },
  "tags": [
    {
      "name": "human face",
      "confidence": 0.9677252769470215
    },
    {
      "name": "person",
      "confidence": 0.9555902481079102
    },
    {
      "name": "man",
      "confidence": 0.9328653812408447
    },
    {
      "name": "window",
      "confidence": 0.8415194749832153
    },
    {
      "name": "indoor",
      "confidence": 0.7875310182571411
    },
    {
      "name": "telephone booth",
      "confidence": 0.5678820610046387
    }
  ],
  "description": {
    "tags": [
      "window",
      "indoor"
    ],
    "captions": [
      {
        "text": "a person talking on a phone",
        "confidence": 0.5063723921775818
      }
    ]
  },
  "faces": [
    {
      "age": 38,
      "gender": "Male",
      "faceRectangle": {
        "left": 336,
        "top": 181,
        "width": 281,
        "height": 281
      }
    }
  ],
  "objects": [
    {
      "rectangle": {
        "x": 253,
        "y": 93,
        "w": 287,
        "h": 428
      },
      "object": "person",
      "confidence": 0.565
    },
    {
      "rectangle": {
        "x": 603,
        "y": 43,
        "w": 181,
        "h": 513
      },
      "object": "window",
      "confidence": 0.65
    }
  ],
  "brands": [],
  "requestId": "d28190e6-91f7-4673-b68e-a8402306d1d7",
  "metadata": {
    "width": 1280,
    "height": 720,
    "format": "Png"
  },
  "modelVersion": "2021-05-01"
}