{
  "categories": [
    {
      "name": "others_",
      "score": 0.4375
    }
  ],
  "adult": {
    "isAdultContent": false,
    "isRacyContent": false,
    "isGoryContent": false,
    "adultScore": 0.029117999598383904,
    "racyScore": 0.05426618084311485,
    "goreScore": 0.0042214589193463326
  },
  "color": {
    "dominantColorForeground": "Black",
    "dominantColorBackground": "Grey",
    "dominantColors": [
      "Grey",
      "Black"
    ],
    "accentColor": "594E44",
    "isBWImg": false
  },
  "imageType": {
    "clipArtType": 0,
    "lineDrawingType": 0
  },
  "tags": [
    {
      "name": "clothing",
      "confidence": 0.9867781400680542
    },
    {
      "name": "furniture",
      "confidence": 0.9812774658203125
    },
    {
      "name": "indoor",
      "confidence": 0.9791347980499268
    },
    {
      "name": "person",
      "confidence": 0.9781062602996826
    },
    {
      "name": "table",
      "confidence": 0.961557924747467
    },
    {
      "name": "wall",
      "confidence": 0.9075998067855835
    },
    {
      "name": "chair",
      "confidence": 0.9003162980079651
    },
    {
      "name": "desk",
      "confidence": 0.8960512280464172
    },
    {
      "name": "kitchen",
      "confidence": 0.620402455329895
    },
    {
      "name": "classroom",
      "confidence": 0.4245520234107971
    }
  ],
  "description": {
    "tags": [
      "text",
      "indoor",
      "person"
    ],
    "captions": [
      {
        "text": "a person in a black jacket",
        "confidence": 0.3063541352748871
      }
    ]
  },
  "faces": [],
  "objects": [
    {
      "rectangle": {
        "x": 20,
        "y": 248,
        "w": 224,
        "h": 197
      },
      "object": "person",
      "confidence": 0.735
    },
    {
      "rectangle": {
        "x": 509,
        "y": 5,
        "w": 517,
        "h": 705
      },
      "object": "person",
      "confidence": 0.812
    },
    {
      "rectangle": {
        "x": 0,
        "y": 393,
        "w": 478,
        "h": 313
      },
      "object": "table",
      "confidence": 0.557
    }
  ],
  "brands": [],
  "requestId": "ff5e7d1d-5614-49c5-87ef-1ea38c3d9c2e",
  "metadata": {
    "width": 1280,
    "height": 720,
    "format": "Png"
  },
  "modelVersion": "2021-05-01"
}