{
  "categories": [
    {
      "name": "others_",
      "score": 0.00390625
    }
  ],
  "adult": {
    "isAdultContent": false,
    "isRacyContent": false,
    "isGoryContent": false,
    "adultScore": 0.006120127160102129,
    "racyScore": 0.008332946337759495,
    "goreScore": 0.0006761628319509327
  },
  "color": {
    "dominantColorForeground": "Black",
    "dominantColorBackground": "Black",
    "dominantColors": [
      "Black"
    ],
    "accentColor": "135CB8",
    "isBWImg": false
  },
  "imageType": {
    "clipArtType": 0,
    "lineDrawingType": 0
  },
  "tags": [
    {
      "name": "human face",
      "confidence": 0.9883897304534912
    },
    {
      "name": "clothing",
      "confidence": 0.979749858379364
    },
    {
      "name": "person",
      "confidence": 0.9791646003723145
    },
    {
      "name": "man",
      "confidence": 0.9320850372314453
    },
    {
      "name": "car",
      "confidence": 0.8927569389343262
    },
    {
      "name": "indoor",
      "confidence": 0.7039452195167542
    },
    {
      "name": "wearing",
      "confidence": 0.5493917465209961
    }
  ],
  "description": {
    "tags": [
      "person",
      "indoor"
    ],
    "captions": [
      {
        "text": "a group of men in a room",
        "confidence": 0.4645017087459564
      }
    ]
  },
  "faces": [
    {
      "age": 22,
      "gender": "Male",
      "faceRectangle": {
        "left": 877,
        "top": 113,
        "width": 179,
        "height": 179
      }
    }
  ],
  "objects": [
    {
      "rectangle": {
        "x": 483,
        "y": 29,
        "w": 292,
        "h": 115
      },
      "object": "headwear",
      "confidence": 0.517
    },
    {
      "rectangle": {
        "x": 208,
        "y": 36,
        "w": 369,
        "h": 542
      },
      "object": "person",
      "confidence": 0.66
    },
    {
      "rectangle": {
        "x": 428,
        "y": 27,
        "w": 383,
        "h": 558
      },
      "object": "person",
      "confidence": 0.612
    },
    {
      "rectangle": {
        "x": 738,
        "y": 55,
        "w": 397,
        "h": 583
      },
      "object": "person",
      "confidence": 0.815
    }
  ],
  "brands": [],
  "requestId": "1d4db43e-5e78-4623-8d5c-989f09bdff78",
  "metadata": {
    "width": 1280,
    "height": 720,
    "format": "Png"
  },
  "modelVersion": "2021-05-01"
}