{
  "categories": [
    {
      "name": "others_",
      "score": 0.00390625
    }
  ],
  "adult": {
    "isAdultContent": false,
    "isRacyContent": false,
    "isGoryContent": false,
    "adultScore": 0.03389693796634674,
    "racyScore": 0.036525238305330276,
    "goreScore": 0.00935744121670723
  },
  "color": {
    "dominantColorForeground": "Black",
    "dominantColorBackground": "Black",
    "dominantColors": [
      "Black"
    ],
    "accentColor": "113B7B",
    "isBWImg": false
  },
  "imageType": {
    "clipArtType": 0,
    "lineDrawingType": 0
  },
  "tags": [
    {
      "name": "human face",
      "confidence": 0.9899708032608032
    },
    {
      "name": "screenshot",
      "confidence": 0.959050178527832
    },
    {
      "name": "person",
      "confidence": 0.9500259757041931
    },
    {
      "name": "human",
      "confidence": 0.9332514405250549
    },
    {
      "name": "black",
      "confidence": 0.930020809173584
    },
    {
      "name": "jaw",
      "confidence": 0.9059024453163147
    },
    {
      "name": "eyebrow",
      "confidence": 0.8986321687698364
    },
    {
      "name": "forehead",
      "confidence": 0.8967379331588745
    },
    {
      "name": "darkness",
      "confidence": 0.8820282816886902
    },
    {
      "name": "chin",
      "confidence": 0.8772687315940857
    },
    {
      "name": "cheek",
      "confidence": 0.8452108502388
    },
    {
      "name": "portrait",
      "confidence": 0.7680167555809021
    },
    {
      "name": "dark",
      "confidence": 0.5461005568504333
    }
  ],
  "description": {
    "tags": [
      "person"
    ],
    "captions": [
      {
        "text": "a man with his mouth open",
        "confidence": 0.481745183467865
      }
    ]
  },
  "faces": [
    {
      "age": 26,
      "gender": "Male",
      "faceRectangle": {
        "left": 365,
        "top": 100,
        "width": 569,
        "height": 569
      }
    }
  ],
  "objects": [
    {
      "rectangle": {
        "x": 196,
        "y": 24,
        "w": 675,
        "h": 696
      },
      "object": "person",
      "confidence": 0.813
    }
  ],
  "brands": [],
  "requestId": "0e7e5831-ade8-4d27-8dcc-95c3f13c2fb4",
  "metadata": {
    "width": 1280,
    "height": 720,
    "format": "Png"
  },
  "modelVersion": "2021-05-01"
}