{
  "categories": [
    {
      "name": "dark_",
      "score": 0.6875
    },
    {
      "name": "others_",
      "score": 0.00390625
    }
  ],
  "adult": {
    "isAdultContent": false,
    "isRacyContent": false,
    "isGoryContent": false,
    "adultScore": 0.05221220478415489,
    "racyScore": 0.09698953479528427,
    "goreScore": 0.004650484770536423
  },
  "color": {
    "dominantColorForeground": "Blue",
    "dominantColorBackground": "Black",
    "dominantColors": [
      "Black",
      "Blue"
    ],
    "accentColor": "0352AF",
    "isBWImg": false
  },
  "imageType": {
    "clipArtType": 0,
    "lineDrawingType": 0
  },
  "tags": [
    {
      "name": "concert",
      "confidence": 0.9778536558151245
    },
    {
      "name": "music",
      "confidence": 0.9149542450904846
    },
    {
      "name": "person",
      "confidence": 0.6906414031982422
    },
    {
      "name": "band",
      "confidence": 0.6369552612304688
    },
    {
      "name": "gig",
      "confidence": 0.4941909611225128
    }
  ],
  "description": {
    "tags": [
      "dark",
      "swimming",
      "ocean floor"
    ],
    "captions": [
      {
        "text": "a person holding a microphone",
        "confidence": 0.35782429575920105
      }
    ]
  },
  "faces": [],
  "objects": [],
  "brands": [],
  "requestId": "9abc0fc7-947b-4d47-b70e-539b8ed78675",
  "metadata": {
    "width": 1280,
    "height": 720,
    "format": "Png"
  },
  "modelVersion": "2021-05-01"
}