{
  "categories": [
    {
      "name": "abstract_",
      "score": 0.00390625
    },
    {
      "name": "others_",
      "score": 0.01953125
    }
  ],
  "adult": {
    "isAdultContent": false,
    "isRacyContent": false,
    "isGoryContent": false,
    "adultScore": 0.0026088515296578407,
    "racyScore": 0.004400651436299086,
    "goreScore": 0.005015417002141476
  },
  "color": {
    "dominantColorForeground": "Black",
    "dominantColorBackground": "Black",
    "dominantColors": [
      "Black",
      "Blue"
    ],
    "accentColor": "0856C3",
    "isBWImg": false
  },
  "imageType": {
    "clipArtType": 0,
    "lineDrawingType": 0
  },
  "tags": [
    {
      "name": "human face",
      "confidence": 0.9744689464569092
    },
    {
      "name": "person",
      "confidence": 0.9651325941085815
    },
    {
      "name": "hat",
      "confidence": 0.9486821889877319
    },
    {
      "name": "clothing",
      "confidence": 0.9347290992736816
    },
    {
      "name": "man",
      "confidence": 0.8854180574417114
    },
    {
      "name": "headgear",
      "confidence": 0.8766436576843262
    },
    {
      "name": "wearing",
      "confidence": 0.7256492972373962
    },
    {
      "name": "dark",
      "confidence": 0.6858367323875427
    },
    {
      "name": "portrait",
      "confidence": 0.6479700803756714
    },
    {
      "name": "outdoor",
      "confidence": 0.5513051748275757
    }
  ],
  "description": {
    "tags": [
      "person",
      "man",
      "headdress",
      "hat",
      "staring"
    ],
    "captions": [
      {
        "text": "a man wearing a hat",
        "confidence": 0.5902783274650574
      }
    ]
  },
  "faces": [
    {
      "age": 61,
      "gender": "Male",
      "faceRectangle": {
        "left": 213,
        "top": 209,
        "width": 521,
        "height": 510
      }
    }
  ],
  "objects": [
    {
      "rectangle": {
        "x": 25,
        "y": 29,
        "w": 743,
        "h": 358
      },
      "object": "headwear",
      "confidence": 0.539
    },
    {
      "rectangle": {
        "x": 0,
        "y": 19,
        "w": 914,
        "h": 701
      },
      "object": "person",
      "confidence": 0.666
    }
  ],
  "brands": [],
  "requestId": "890afe87-5704-42d7-8105-5392ef7d02c9",
  "metadata": {
    "width": 1280,
    "height": 720,
    "format": "Png"
  },
  "modelVersion": "2021-05-01"
}