{
  "categories": [
    {
      "name": "others_",
      "score": 0.00390625
    },
    {
      "name": "people_",
      "score": 0.4140625
    }
  ],
  "adult": {
    "isAdultContent": false,
    "isRacyContent": false,
    "isGoryContent": false,
    "adultScore": 0.007705331314355135,
    "racyScore": 0.009590440429747105,
    "goreScore": 0.0006403060397133231
  },
  "color": {
    "dominantColorForeground": "Black",
    "dominantColorBackground": "Black",
    "dominantColors": [
      "Black"
    ],
    "accentColor": "3E5B8D",
    "isBWImg": false
  },
  "imageType": {
    "clipArtType": 0,
    "lineDrawingType": 0
  },
  "tags": [
    {
      "name": "human face",
      "confidence": 0.9927688241004944
    },
    {
      "name": "clothing",
      "confidence": 0.9803977012634277
    },
    {
      "name": "person",
      "confidence": 0.9695256352424622
    },
    {
      "name": "man",
      "confidence": 0.9161335229873657
    },
    {
      "name": "screenshot",
      "confidence": 0.9086962342262268
    },
    {
      "name": "darkness",
      "confidence": 0.8809757232666016
    },
    {
      "name": "gentleman",
      "confidence": 0.8788250684738159
    },
    {
      "name": "black",
      "confidence": 0.8673431873321533
    },
    {
      "name": "dark",
      "confidence": 0.6359338760375977
    },
    {
      "name": "indoor",
      "confidence": 0.5875533819198608
    },
    {
      "name": "wearing",
      "confidence": 0.5293148159980774
    }
  ],
  "description": {
    "tags": [
      "person",
      "man",
      "music",
      "dark"
    ],
    "captions": [
      {
        "text": "a group of men in a room",
        "confidence": 0.42043882608413696
      }
    ]
  },
  "faces": [],
  "objects": [
    {
      "rectangle": {
        "x": 191,
        "y": 42,
        "w": 396,
        "h": 534
      },
      "object": "person",
      "confidence": 0.707
    },
    {
      "rectangle": {
        "x": 732,
        "y": 84,
        "w": 400,
        "h": 566
      },
      "object": "person",
      "confidence": 0.788
    }
  ],
  "brands": [],
  "requestId": "f746d9cf-2629-4f3e-a07e-3312d073574f",
  "metadata": {
    "width": 1280,
    "height": 720,
    "format": "Png"
  },
  "modelVersion": "2021-05-01"
}