{
  "categories": [
    {
      "name": "abstract_",
      "score": 0.0078125
    },
    {
      "name": "others_",
      "score": 0.17578125
    },
    {
      "name": "outdoor_",
      "score": 0.0078125,
      "detail": {
        "landmarks": []
      }
    }
  ],
  "adult": {
    "isAdultContent": false,
    "isRacyContent": false,
    "isGoryContent": false,
    "adultScore": 0.021178798750042915,
    "racyScore": 0.025898443534970284,
    "goreScore": 0.0029960758984088898
  },
  "color": {
    "dominantColorForeground": "Black",
    "dominantColorBackground": "Black",
    "dominantColors": [
      "Black",
      "Grey"
    ],
    "accentColor": "384C66",
    "isBWImg": false
  },
  "imageType": {
    "clipArtType": 0,
    "lineDrawingType": 0
  },
  "tags": [
    {
      "name": "clothing",
      "confidence": 0.998069167137146
    },
    {
      "name": "person",
      "confidence": 0.994652509689331
    },
    {
      "name": "man",
      "confidence": 0.9641351103782654
    },
    {
      "name": "jeans",
      "confidence": 0.9280669689178467
    },
    {
      "name": "building",
      "confidence": 0.9231282472610474
    },
    {
      "name": "ceiling",
      "confidence": 0.8667330741882324
    },
    {
      "name": "human face",
      "confidence": 0.8462511301040649
    },
    {
      "name": "snapshot",
      "confidence": 0.8409807085990906
    },
    {
      "name": "standing",
      "confidence": 0.749717116355896
    },
    {
      "name": "indoor",
      "confidence": 0.6961694955825806
    },
    {
      "name": "jacket",
      "confidence": 0.5584942698478699
    },
    {
      "name": "wearing",
      "confidence": 0.5258914828300476
    },
    {
      "name": "street",
      "confidence": 0.4542727470397949
    }
  ],
  "description": {
    "tags": [],
    "captions": [
      {
        "text": "a man walking in a room",
        "confidence": 0.3769451677799225
      }
    ]
  },
  "faces": [],
  "objects": [
    {
      "rectangle": {
        "x": 427,
        "y": 476,
        "w": 244,
        "h": 242
      },
      "object": "Jeans",
      "confidence": 0.658,
      "parent": {
        "object": "Trousers",
        "confidence": 0.658
      }
    },
    {
      "rectangle": {
        "x": 383,
        "y": 145,
        "w": 403,
        "h": 571
      },
      "object": "person",
      "confidence": 0.845
    }
  ],
  "brands": [],
  "requestId": "c291bc89-0f0e-4ab6-a8fb-4a369a2ce525",
  "metadata": {
    "width": 1280,
    "height": 720,
    "format": "Png"
  },
  "modelVersion": "2021-05-01"
}