{
  "categories": [
    {
      "name": "others_",
      "score": 0.00390625
    }
  ],
  "adult": {
    "isAdultContent": false,
    "isRacyContent": false,
    "isGoryContent": false,
    "adultScore": 0.004861908033490181,
    "racyScore": 0.012382891029119492,
    "goreScore": 0.0034555650781840086
  },
  "color": {
    "dominantColorForeground": "Black",
    "dominantColorBackground": "Black",
    "dominantColors": [
      "Black",
      "Grey"
    ],
    "accentColor": "926339",
    "isBWImg": false
  },
  "imageType": {
    "clipArtType": 0,
    "lineDrawingType": 0
  },
  "tags": [
    {
      "name": "clothing",
      "confidence": 0.9870729446411133
    },
    {
      "name": "person",
      "confidence": 0.9791470170021057
    },
    {
      "name": "human face",
      "confidence": 0.9574568271636963
    },
    {
      "name": "man",
      "confidence": 0.924240231513977
    },
    {
      "name": "train",
      "confidence": 0.8654715418815613
    },
    {
      "name": "people",
      "confidence": 0.7775506973266602
    },
    {
      "name": "group",
      "confidence": 0.7438220977783203
    },
    {
      "name": "subway",
      "confidence": 0.6758639216423035
    }
  ],
  "description": {
    "tags": [
      "person",
      "indoor",
      "crowd"
    ],
    "captions": [
      {
        "text": "a group of people standing in a room",
        "confidence": 0.45506495237350464
      }
    ]
  },
  "faces": [],
  "objects": [
    {
      "rectangle": {
        "x": 1,
        "y": 120,
        "w": 161,
        "h": 322
      },
      "object": "person",
      "confidence": 0.623
    },
    {
      "rectangle": {
        "x": 586,
        "y": 79,
        "w": 184,
        "h": 589
      },
      "object": "person",
      "confidence": 0.695
    },
    {
      "rectangle": {
        "x": 950,
        "y": 100,
        "w": 190,
        "h": 514
      },
      "object": "person",
      "confidence": 0.761
    },
    {
      "rectangle": {
        "x": 272,
        "y": 44,
        "w": 378,
        "h": 652
      },
      "object": "person",
      "confidence": 0.731
    }
  ],
  "brands": [],
  "requestId": "3160e477-5595-4132-880c-d5d6282a727b",
  "metadata": {
    "width": 1280,
    "height": 720,
    "format": "Png"
  },
  "modelVersion": "2021-05-01"
}