{
  "categories": [],
  "adult": {
    "isAdultContent": false,
    "isRacyContent": false,
    "isGoryContent": false,
    "adultScore": 0.0007508096168749034,
    "racyScore": 0.00280491984449327,
    "goreScore": 0.00023707585933152586
  },
  "color": {
    "dominantColorForeground": "Black",
    "dominantColorBackground": "Black",
    "dominantColors": [
      "Black"
    ],
    "accentColor": "464B56",
    "isBWImg": false
  },
  "imageType": {
    "clipArtType": 0,
    "lineDrawingType": 0
  },
  "tags": [
    {
      "name": "person",
      "confidence": 0.9971326589584351
    },
    {
      "name": "human face",
      "confidence": 0.9953701496124268
    },
    {
      "name": "clothing",
      "confidence": 0.9863828420639038
    },
    {
      "name": "man",
      "confidence": 0.9184737205505371
    },
    {
      "name": "suit",
      "confidence": 0.9099302291870117
    },
    {
      "name": "gentleman",
      "confidence": 0.8437807559967041
    },
    {
      "name": "indoor",
      "confidence": 0.7197279334068298
    }
  ],
  "description": {
    "tags": [
      "text",
      "person",
      "indoor",
      "man"
    ],
    "captions": [
      {
        "text": "Neil Tennant holding a paper",
        "confidence": 0.4241126775741577
      }
    ]
  },
  "faces": [
    {
      "age": 38,
      "gender": "Male",
      "faceRectangle": {
        "left": 281,
        "top": 145,
        "width": 277,
        "height": 277
      }
    }
  ],
  "objects": [
    {
      "rectangle": {
        "x": 19,
        "y": 3,
        "w": 508,
        "h": 717
      },
      "object": "person",
      "confidence": 0.85
    },
    {
      "rectangle": {
        "x": 565,
        "y": 158,
        "w": 670,
        "h": 547
      },
      "object": "person",
      "confidence": 0.815
    }
  ],
  "brands": [],
  "requestId": "447d4b94-a22c-4dab-8c43-c9053fbae6b2",
  "metadata": {
    "width": 1280,
    "height": 720,
    "format": "Png"
  },
  "modelVersion": "2021-05-01"
}