{
  "categories": [
    {
      "name": "abstract_",
      "score": 0.015625
    },
    {
      "name": "others_",
      "score": 0.015625
    },
    {
      "name": "outdoor_",
      "score": 0.00390625,
      "detail": {
        "landmarks": []
      }
    }
  ],
  "adult": {
    "isAdultContent": false,
    "isRacyContent": false,
    "isGoryContent": false,
    "adultScore": 0.009576228447258472,
    "racyScore": 0.04506199434399605,
    "goreScore": 0.0013460125774145126
  },
  "color": {
    "dominantColorForeground": "Black",
    "dominantColorBackground": "Black",
    "dominantColors": [
      "Black",
      "Grey"
    ],
    "accentColor": "975D34",
    "isBWImg": false
  },
  "imageType": {
    "clipArtType": 0,
    "lineDrawingType": 0
  },
  "tags": [
    {
      "name": "blurry",
      "confidence": 0.919512927532196
    },
    {
      "name": "snapshot",
      "confidence": 0.8795005083084106
    },
    {
      "name": "land vehicle",
      "confidence": 0.874427318572998
    },
    {
      "name": "vehicle",
      "confidence": 0.8461297750473022
    },
    {
      "name": "train",
      "confidence": 0.7348245978355408
    },
    {
      "name": "person",
      "confidence": 0.7311393022537231
    },
    {
      "name": "street",
      "confidence": 0.7301439046859741
    },
    {
      "name": "outdoor",
      "confidence": 0.7274986505508423
    },
    {
      "name": "blur",
      "confidence": 0.5990707278251648
    }
  ],
  "description": {
    "tags": [
      "indoor"
    ],
    "captions": [
      {
        "text": "a person holding a stick",
        "confidence": 0.24284768104553223
      }
    ]
  },
  "faces": [],
  "objects": [],
  "brands": [],
  "requestId": "b2a6e828-9664-4287-9fbc-e04b5b718ae5",
  "metadata": {
    "width": 1280,
    "height": 720,
    "format": "Png"
  },
  "modelVersion": "2021-05-01"
}