{
  "categories": [
    {
      "name": "abstract_",
      "score": 0.015625
    },
    {
      "name": "others_",
      "score": 0.0546875
    },
    {
      "name": "outdoor_",
      "score": 0.0078125,
      "detail": {
        "landmarks": []
      }
    }
  ],
  "adult": {
    "isAdultContent": false,
    "isRacyContent": false,
    "isGoryContent": false,
    "adultScore": 0.0016479130135849118,
    "racyScore": 0.0034612242598086596,
    "goreScore": 0.0003922735049854964
  },
  "color": {
    "dominantColorForeground": "White",
    "dominantColorBackground": "White",
    "dominantColors": [
      "White",
      "Grey"
    ],
    "accentColor": "3A4E59",
    "isBWImg": false
  },
  "imageType": {
    "clipArtType": 0,
    "lineDrawingType": 0
  },
  "tags": [
    {
      "name": "outdoor",
      "confidence": 0.9550604820251465
    },
    {
      "name": "blurry",
      "confidence": 0.9192836284637451
    },
    {
      "name": "street",
      "confidence": 0.9146202802658081
    },
    {
      "name": "black",
      "confidence": 0.845096230506897
    },
    {
      "name": "black and white",
      "confidence": 0.7442947626113892
    },
    {
      "name": "blur",
      "confidence": 0.45365992188453674
    }
  ],
  "description": {
    "tags": [
      "text",
      "blurry"
    ],
    "captions": [
      {
        "text": "a person's hand holding a white object",
        "confidence": 0.2963613271713257
      }
    ]
  },
  "faces": [],
  "objects": [],
  "brands": [],
  "requestId": "e6ca8892-267e-4389-a196-83f6d3966dd9",
  "metadata": {
    "width": 1280,
    "height": 720,
    "format": "Png"
  },
  "modelVersion": "2021-05-01"
}