{
  "categories": [
    {
      "name": "others_",
      "score": 0.0078125
    }
  ],
  "adult": {
    "isAdultContent": false,
    "isRacyContent": false,
    "isGoryContent": false,
    "adultScore": 0.0073437620885670185,
    "racyScore": 0.009013993665575981,
    "goreScore": 0.0006869590724818408
  },
  "color": {
    "dominantColorForeground": "Black",
    "dominantColorBackground": "Black",
    "dominantColors": [
      "Black"
    ],
    "accentColor": "0A51C1",
    "isBWImg": false
  },
  "imageType": {
    "clipArtType": 0,
    "lineDrawingType": 0
  },
  "tags": [
    {
      "name": "human face",
      "confidence": 0.9855176210403442
    },
    {
      "name": "person",
      "confidence": 0.9828715324401855
    },
    {
      "name": "clothing",
      "confidence": 0.9783594608306885
    },
    {
      "name": "man",
      "confidence": 0.9496618509292603
    },
    {
      "name": "screenshot",
      "confidence": 0.8443717956542969
    },
    {
      "name": "indoor",
      "confidence": 0.7686340808868408
    }
  ],
  "description": {
    "tags": [
      "person",
      "indoor",
      "man",
      "screen"
    ],
    "captions": [
      {
        "text": "a group of men in a room",
        "confidence": 0.46118441224098206
      }
    ]
  },
  "faces": [
    {
      "age": 24,
      "gender": "Male",
      "faceRectangle": {
        "left": 948,
        "top": 143,
        "width": 154,
        "height": 154
      }
    }
  ],
  "objects": [
    {
      "rectangle": {
        "x": 524,
        "y": 31,
        "w": 268,
        "h": 109
      },
      "object": "headwear",
      "confidence": 0.508
    },
    {
      "rectangle": {
        "x": 234,
        "y": 57,
        "w": 282,
        "h": 480
      },
      "object": "person",
      "confidence": 0.596
    },
    {
      "rectangle": {
        "x": 468,
        "y": 32,
        "w": 371,
        "h": 548
      },
      "object": "person",
      "confidence": 0.584
    },
    {
      "rectangle": {
        "x": 728,
        "y": 33,
        "w": 445,
        "h": 629
      },
      "object": "person",
      "confidence": 0.77
    }
  ],
  "brands": [],
  "requestId": "de04ca47-238d-44fb-a848-b246a4461a99",
  "metadata": {
    "width": 1280,
    "height": 720,
    "format": "Png"
  },
  "modelVersion": "2021-05-01"
}