{
  "categories": [
    {
      "name": "others_",
      "score": 0.015625
    },
    {
      "name": "outdoor_",
      "score": 0.00390625,
      "detail": {
        "landmarks": []
      }
    }
  ],
  "adult": {
    "isAdultContent": false,
    "isRacyContent": false,
    "isGoryContent": false,
    "adultScore": 0.006094837095588446,
    "racyScore": 0.008616285398602486,
    "goreScore": 0.0016929570119827986
  },
  "color": {
    "dominantColorForeground": "Black",
    "dominantColorBackground": "Black",
    "dominantColors": [
      "Black",
      "Blue"
    ],
    "accentColor": "0858C3",
    "isBWImg": false
  },
  "imageType": {
    "clipArtType": 0,
    "lineDrawingType": 0
  },
  "tags": [
    {
      "name": "human face",
      "confidence": 0.9908813238143921
    },
    {
      "name": "person",
      "confidence": 0.974153995513916
    },
    {
      "name": "smile",
      "confidence": 0.91590416431427
    },
    {
      "name": "chin",
      "confidence": 0.8448232412338257
    },
    {
      "name": "screenshot",
      "confidence": 0.8419280052185059
    },
    {
      "name": "hat",
      "confidence": 0.6987050771713257
    }
  ],
  "description": {
    "tags": [
      "person",
      "close"
    ],
    "captions": [
      {
        "text": "a man wearing a hat",
        "confidence": 0.46280941367149353
      }
    ]
  },
  "faces": [],
  "objects": [
    {
      "rectangle": {
        "x": 18,
        "y": 36,
        "w": 880,
        "h": 680
      },
      "object": "person",
      "confidence": 0.677
    }
  ],
  "brands": [],
  "requestId": "275478be-fb7d-4c28-baf1-2ccfe12d5fd4",
  "metadata": {
    "width": 1280,
    "height": 720,
    "format": "Png"
  },
  "modelVersion": "2021-05-01"
}