{
  "categories": [
    {
      "name": "abstract_",
      "score": 0.00390625
    },
    {
      "name": "dark_",
      "score": 0.76171875
    }
  ],
  "adult": {
    "isAdultContent": false,
    "isRacyContent": false,
    "isGoryContent": false,
    "adultScore": 0.02444579266011715,
    "racyScore": 0.038467518985271454,
    "goreScore": 0.002193459076806903
  },
  "color": {
    "dominantColorForeground": "Black",
    "dominantColorBackground": "Black",
    "dominantColors": [
      "Black"
    ],
    "accentColor": "0A110F",
    "isBWImg": false
  },
  "imageType": {
    "clipArtType": 0,
    "lineDrawingType": 0
  },
  "tags": [
    {
      "name": "darkness",
      "confidence": 0.9495360851287842
    },
    {
      "name": "black",
      "confidence": 0.9434496164321899
    },
    {
      "name": "night",
      "confidence": 0.5615375638008118
    },
    {
      "name": "dark",
      "confidence": 0.4381254017353058
    }
  ],
  "description": {
    "tags": [
      "night sky"
    ],
    "captions": [
      {
        "text": "a black rectangle with a blue background",
        "confidence": 0.3587287664413452
      }
    ]
  },
  "faces": [],
  "objects": [],
  "brands": [],
  "requestId": "28d8d054-f896-464d-b442-c207dd3e72f9",
  "metadata": {
    "width": 1280,
    "height": 720,
    "format": "Png"
  },
  "modelVersion": "2021-05-01"
}