{
  "categories": [
    {
      "name": "others_",
      "score": 0.01171875
    },
    {
      "name": "outdoor_",
      "score": 0.01953125,
      "detail": {
        "landmarks": []
      }
    }
  ],
  "adult": {
    "isAdultContent": false,
    "isRacyContent": false,
    "isGoryContent": false,
    "adultScore": 0.00586749566718936,
    "racyScore": 0.03677831217646599,
    "goreScore": 0.0008386303670704365
  },
  "color": {
    "dominantColorForeground": "Grey",
    "dominantColorBackground": "Black",
    "dominantColors": [
      "Grey",
      "Black"
    ],
    "accentColor": "3C678F",
    "isBWImg": false
  },
  "imageType": {
    "clipArtType": 0,
    "lineDrawingType": 0
  },
  "tags": [
    {
      "name": "outdoor",
      "confidence": 0.9833033084869385
    },
    {
      "name": "sky",
      "confidence": 0.9603573083877563
    },
    {
      "name": "person",
      "confidence": 0.9571983814239502
    },
    {
      "name": "blurry",
      "confidence": 0.9098801612854004
    },
    {
      "name": "dance",
      "confidence": 0.9004858732223511
    },
    {
      "name": "water",
      "confidence": 0.8983433246612549
    },
    {
      "name": "clothing",
      "confidence": 0.8522061109542847
    },
    {
      "name": "people",
      "confidence": 0.8360068798065186
    },
    {
      "name": "group",
      "confidence": 0.7888791561126709
    },
    {
      "name": "swimming",
      "confidence": 0.6663957834243774
    },
    {
      "name": "girl",
      "confidence": 0.4743504524230957
    }
  ],
  "description": {
    "tags": [
      "dog",
      "outdoor"
    ],
    "captions": [
      {
        "text": "a group of people dancing",
        "confidence": 0.5783796906471252
      }
    ]
  },
  "faces": [],
  "objects": [
    {
      "rectangle": {
        "x": 26,
        "y": 190,
        "w": 277,
        "h": 529
      },
      "object": "person",
      "confidence": 0.73
    },
    {
      "rectangle": {
        "x": 626,
        "y": 134,
        "w": 390,
        "h": 579
      },
      "object": "person",
      "confidence": 0.616
    }
  ],
  "brands": [],
  "requestId": "791a25a3-fbc2-4ed8-b668-b64ab81bc3a8",
  "metadata": {
    "width": 1280,
    "height": 720,
    "format": "Png"
  },
  "modelVersion": "2021-05-01"
}