{
  "categories": [
    {
      "name": "others_",
      "score": 0.0078125
    },
    {
      "name": "outdoor_",
      "score": 0.00390625,
      "detail": {
        "landmarks": []
      }
    },
    {
      "name": "sky_cloud",
      "score": 0.3515625
    }
  ],
  "adult": {
    "isAdultContent": false,
    "isRacyContent": false,
    "isGoryContent": false,
    "adultScore": 0.012495726346969604,
    "racyScore": 0.013473017141222954,
    "goreScore": 0.022459009662270546
  },
  "color": {
    "dominantColorForeground": "White",
    "dominantColorBackground": "Blue",
    "dominantColors": [
      "Blue",
      "Black",
      "White"
    ],
    "accentColor": "0F5EBC",
    "isBWImg": false
  },
  "imageType": {
    "clipArtType": 0,
    "lineDrawingType": 0
  },
  "tags": [
    {
      "name": "person",
      "confidence": 0.9955897331237793
    },
    {
      "name": "human face",
      "confidence": 0.9869859218597412
    },
    {
      "name": "hat",
      "confidence": 0.9532282948493958
    },
    {
      "name": "man",
      "confidence": 0.923045814037323
    },
    {
      "name": "clothing",
      "confidence": 0.865066647529602
    },
    {
      "name": "headgear",
      "confidence": 0.8585984706878662
    },
    {
      "name": "fashion accessory",
      "confidence": 0.8450090885162354
    },
    {
      "name": "wearing",
      "confidence": 0.7117551565170288
    },
    {
      "name": "outdoor",
      "confidence": 0.5454049110412598
    }
  ],
  "description": {
    "tags": [
      "person",
      "man",
      "headdress",
      "hat",
      "staring",
      "spectacles"
    ],
    "captions": [
      {
        "text": "a man wearing a hat",
        "confidence": 0.5577864646911621
      }
    ]
  },
  "faces": [],
  "objects": [
    {
      "rectangle": {
        "x": 164,
        "y": 14,
        "w": 768,
        "h": 244
      },
      "object": "headwear",
      "confidence": 0.572
    },
    {
      "rectangle": {
        "x": 118,
        "y": 28,
        "w": 854,
        "h": 682
      },
      "object": "person",
      "confidence": 0.722
    }
  ],
  "brands": [],
  "requestId": "010a438a-0293-4329-b64e-d05cf786887e",
  "metadata": {
    "width": 1280,
    "height": 720,
    "format": "Png"
  },
  "modelVersion": "2021-05-01"
}