{
  "categories": [
    {
      "name": "abstract_",
      "score": 0.00390625
    },
    {
      "name": "others_",
      "score": 0.0078125
    },
    {
      "name": "people_portrait",
      "score": 0.33984375,
      "detail": {
        "celebrities": []
      }
    }
  ],
  "adult": {
    "isAdultContent": false,
    "isRacyContent": false,
    "isGoryContent": false,
    "adultScore": 0.0376240611076355,
    "racyScore": 0.042623501271009445,
    "goreScore": 0.01685275137424469
  },
  "color": {
    "dominantColorForeground": "Black",
    "dominantColorBackground": "Black",
    "dominantColors": [
      "Black"
    ],
    "accentColor": "143D7B",
    "isBWImg": false
  },
  "imageType": {
    "clipArtType": 0,
    "lineDrawingType": 0
  },
  "tags": [
    {
      "name": "human face",
      "confidence": 0.9786559343338013
    },
    {
      "name": "screenshot",
      "confidence": 0.9468289613723755
    },
    {
      "name": "person",
      "confidence": 0.9262469410896301
    },
    {
      "name": "human",
      "confidence": 0.9219321012496948
    },
    {
      "name": "black",
      "confidence": 0.9176851511001587
    },
    {
      "name": "jaw",
      "confidence": 0.9161074161529541
    },
    {
      "name": "darkness",
      "confidence": 0.8888641595840454
    },
    {
      "name": "forehead",
      "confidence": 0.8844254016876221
    },
    {
      "name": "eyebrow",
      "confidence": 0.8815702795982361
    },
    {
      "name": "chin",
      "confidence": 0.8736571073532104
    },
    {
      "name": "portrait",
      "confidence": 0.6466755270957947
    },
    {
      "name": "dark",
      "confidence": 0.5701289772987366
    }
  ],
  "description": {
    "tags": [
      "person",
      "man",
      "dark",
      "staring"
    ],
    "captions": [
      {
        "text": "a man with his mouth open",
        "confidence": 0.5437157154083252
      }
    ]
  },
  "faces": [
    {
      "age": 28,
      "gender": "Male",
      "faceRectangle": {
        "left": 311,
        "top": 78,
        "width": 618,
        "height": 618
      }
    }
  ],
  "objects": [
    {
      "rectangle": {
        "x": 126,
        "y": 6,
        "w": 818,
        "h": 714
      },
      "object": "person",
      "confidence": 0.733
    }
  ],
  "brands": [],
  "requestId": "12ccb32c-2abb-4f67-858e-24b556530b8e",
  "metadata": {
    "width": 1280,
    "height": 720,
    "format": "Png"
  },
  "modelVersion": "2021-05-01"
}