{
  "categories": [
    {
      "name": "others_",
      "score": 0.0078125
    }
  ],
  "adult": {
    "isAdultContent": false,
    "isRacyContent": false,
    "isGoryContent": false,
    "adultScore": 0.01151326671242714,
    "racyScore": 0.013109665364027023,
    "goreScore": 0.0008684306521899998
  },
  "color": {
    "dominantColorForeground": "Black",
    "dominantColorBackground": "Black",
    "dominantColors": [
      "Black"
    ],
    "accentColor": "3C5C8D",
    "isBWImg": false
  },
  "imageType": {
    "clipArtType": 0,
    "lineDrawingType": 0
  },
  "tags": [
    {
      "name": "human face",
      "confidence": 0.9900551438331604
    },
    {
      "name": "clothing",
      "confidence": 0.9736163020133972
    },
    {
      "name": "person",
      "confidence": 0.9676068425178528
    },
    {
      "name": "man",
      "confidence": 0.9168197512626648
    },
    {
      "name": "screenshot",
      "confidence": 0.8937707543373108
    },
    {
      "name": "gentleman",
      "confidence": 0.8885265588760376
    },
    {
      "name": "darkness",
      "confidence": 0.845906138420105
    },
    {
      "name": "black",
      "confidence": 0.8449903726577759
    },
    {
      "name": "indoor",
      "confidence": 0.6765563488006592
    },
    {
      "name": "dark",
      "confidence": 0.6529653072357178
    },
    {
      "name": "wearing",
      "confidence": 0.5773206949234009
    }
  ],
  "description": {
    "tags": [
      "indoor",
      "person",
      "man",
      "dark"
    ],
    "captions": [
      {
        "text": "a group of men",
        "confidence": 0.4114479124546051
      }
    ]
  },
  "faces": [],
  "objects": [
    {
      "rectangle": {
        "x": 703,
        "y": 83,
        "w": 408,
        "h": 579
      },
      "object": "person",
      "confidence": 0.839
    }
  ],
  "brands": [],
  "requestId": "8f782f07-0dd0-40c4-ba5d-57eb6e0b34b7",
  "metadata": {
    "width": 1280,
    "height": 720,
    "format": "Png"
  },
  "modelVersion": "2021-05-01"
}