{
  "categories": [
    {
      "name": "abstract_",
      "score": 0.0078125
    },
    {
      "name": "others_",
      "score": 0.01171875
    }
  ],
  "adult": {
    "isAdultContent": false,
    "isRacyContent": false,
    "isGoryContent": false,
    "adultScore": 0.03448830544948578,
    "racyScore": 0.036920979619026184,
    "goreScore": 0.01224336214363575
  },
  "color": {
    "dominantColorForeground": "Brown",
    "dominantColorBackground": "Black",
    "dominantColors": [
      "Black",
      "Brown"
    ],
    "accentColor": "281D06",
    "isBWImg": false
  },
  "imageType": {
    "clipArtType": 0,
    "lineDrawingType": 0
  },
  "tags": [
    {
      "name": "clothing",
      "confidence": 0.9267702102661133
    },
    {
      "name": "person",
      "confidence": 0.9256846904754639
    },
    {
      "name": "photograph",
      "confidence": 0.9152963161468506
    },
    {
      "name": "indoor",
      "confidence": 0.89178866147995
    },
    {
      "name": "scene",
      "confidence": 0.8600655794143677
    },
    {
      "name": "wedding dress",
      "confidence": 0.857938826084137
    },
    {
      "name": "wall",
      "confidence": 0.7834875583648682
    },
    {
      "name": "woman",
      "confidence": 0.6616566181182861
    },
    {
      "name": "wedding",
      "confidence": 0.46065980195999146
    }
  ],
  "description": {
    "tags": [
      "nature",
      "fireplace"
    ],
    "captions": [
      {
        "text": "a couple of people in clothing",
        "confidence": 0.3534363806247711
      }
    ]
  },
  "faces": [
    {
      "age": 29,
      "gender": "Female",
      "faceRectangle": {
        "left": 383,
        "top": 100,
        "width": 68,
        "height": 68
      }
    }
  ],
  "objects": [
    {
      "rectangle": {
        "x": 541,
        "y": 185,
        "w": 251,
        "h": 524
      },
      "object": "person",
      "confidence": 0.698
    }
  ],
  "brands": [],
  "requestId": "b3d8a26b-da90-4283-bba5-e1d6b460df70",
  "metadata": {
    "width": 1280,
    "height": 720,
    "format": "Png"
  },
  "modelVersion": "2021-05-01"
}