{
  "categories": [
    {
      "name": "abstract_",
      "score": 0.03125
    },
    {
      "name": "others_",
      "score": 0.015625
    },
    {
      "name": "outdoor_",
      "score": 0.00390625,
      "detail": {
        "landmarks": []
      }
    }
  ],
  "adult": {
    "isAdultContent": false,
    "isRacyContent": false,
    "isGoryContent": false,
    "adultScore": 0.013313106261193752,
    "racyScore": 0.018265753984451294,
    "goreScore": 0.0009477160056121647
  },
  "color": {
    "dominantColorForeground": "Black",
    "dominantColorBackground": "Black",
    "dominantColors": [
      "Black",
      "Grey"
    ],
    "accentColor": "5F4E3B",
    "isBWImg": false
  },
  "imageType": {
    "clipArtType": 0,
    "lineDrawingType": 0
  },
  "tags": [
    {
      "name": "person",
      "confidence": 0.9959186315536499
    },
    {
      "name": "clothing",
      "confidence": 0.9906641244888306
    },
    {
      "name": "furniture",
      "confidence": 0.8794960975646973
    },
    {
      "name": "woman",
      "confidence": 0.8775131702423096
    },
    {
      "name": "wall",
      "confidence": 0.8481298685073853
    },
    {
      "name": "indoor",
      "confidence": 0.8467506766319275
    },
    {
      "name": "girl",
      "confidence": 0.7004821300506592
    },
    {
      "name": "table",
      "confidence": 0.5430818200111389
    }
  ],
  "description": {
    "tags": [
      "person",
      "indoor"
    ],
    "captions": [
      {
        "text": "a man holding a woman",
        "confidence": 0.34218254685401917
      }
    ]
  },
  "faces": [],
  "objects": [
    {
      "rectangle": {
        "x": 976,
        "y": 395,
        "w": 268,
        "h": 321
      },
      "object": "person",
      "confidence": 0.736
    },
    {
      "rectangle": {
        "x": 211,
        "y": 0,
        "w": 403,
        "h": 717
      },
      "object": "person",
      "confidence": 0.784
    }
  ],
  "brands": [],
  "requestId": "7ac46eff-243f-4b19-b438-cd257be55ace",
  "metadata": {
    "width": 1280,
    "height": 720,
    "format": "Png"
  },
  "modelVersion": "2021-05-01"
}