{
  "categories": [
    {
      "name": "people_portrait",
      "score": 0.5078125,
      "detail": {
        "celebrities": []
      }
    }
  ],
  "adult": {
    "isAdultContent": false,
    "isRacyContent": false,
    "isGoryContent": false,
    "adultScore": 0.01623079739511013,
    "racyScore": 0.01782943680882454,
    "goreScore": 0.021661749109625816
  },
  "color": {
    "dominantColorForeground": "Black",
    "dominantColorBackground": "Black",
    "dominantColors": [
      "Black"
    ],
    "accentColor": "263F6C",
    "isBWImg": false
  },
  "imageType": {
    "clipArtType": 0,
    "lineDrawingType": 0
  },
  "tags": [
    {
      "name": "human face",
      "confidence": 0.9884194135665894
    },
    {
      "name": "person",
      "confidence": 0.9696294069290161
    },
    {
      "name": "man",
      "confidence": 0.9579061269760132
    },
    {
      "name": "chin",
      "confidence": 0.9329913854598999
    },
    {
      "name": "eyebrow",
      "confidence": 0.925866961479187
    },
    {
      "name": "portrait",
      "confidence": 0.9254556894302368
    },
    {
      "name": "jaw",
      "confidence": 0.8853644132614136
    },
    {
      "name": "forehead",
      "confidence": 0.8830381631851196
    },
    {
      "name": "human",
      "confidence": 0.8763872981071472
    },
    {
      "name": "facial hair",
      "confidence": 0.8685471415519714
    },
    {
      "name": "cheek",
      "confidence": 0.8547261953353882
    },
    {
      "name": "hat",
      "confidence": 0.6486817002296448
    },
    {
      "name": "wearing",
      "confidence": 0.6121351718902588
    },
    {
      "name": "indoor",
      "confidence": 0.5676703453063965
    },
    {
      "name": "dark",
      "confidence": 0.550167441368103
    }
  ],
  "description": {
    "tags": [
      "wearing",
      "headdress",
      "staring"
    ],
    "captions": [
      {
        "text": "a person with a straight face",
        "confidence": 0.3631909489631653
      }
    ]
  },
  "faces": [
    {
      "age": 30,
      "gender": "Male",
      "faceRectangle": {
        "left": 357,
        "top": 93,
        "width": 570,
        "height": 570
      }
    }
  ],
  "objects": [
    {
      "rectangle": {
        "x": 344,
        "y": 37,
        "w": 809,
        "h": 683
      },
      "object": "person",
      "confidence": 0.85
    }
  ],
  "brands": [],
  "requestId": "b7780c10-fbe3-4f16-b41c-efaf61055b12",
  "metadata": {
    "width": 1280,
    "height": 720,
    "format": "Png"
  },
  "modelVersion": "2021-05-01"
}