{
  "categories": [
    {
      "name": "abstract_",
      "score": 0.00390625
    },
    {
      "name": "others_",
      "score": 0.01171875
    },
    {
      "name": "outdoor_",
      "score": 0.00390625,
      "detail": {
        "landmarks": []
      }
    }
  ],
  "adult": {
    "isAdultContent": false,
    "isRacyContent": false,
    "isGoryContent": false,
    "adultScore": 0.002515980741009116,
    "racyScore": 0.002763766795396805,
    "goreScore": 0.003256268799304962
  },
  "color": {
    "dominantColorForeground": "Black",
    "dominantColorBackground": "Black",
    "dominantColors": [
      "Black",
      "Blue",
      "White"
    ],
    "accentColor": "135EB8",
    "isBWImg": false
  },
  "imageType": {
    "clipArtType": 0,
    "lineDrawingType": 0
  },
  "tags": [
    {
      "name": "human face",
      "confidence": 0.9913289546966553
    },
    {
      "name": "person",
      "confidence": 0.9901840686798096
    },
    {
      "name": "clothing",
      "confidence": 0.9490939378738403
    },
    {
      "name": "hat",
      "confidence": 0.9230238199234009
    },
    {
      "name": "headgear",
      "confidence": 0.8925513029098511
    },
    {
      "name": "man",
      "confidence": 0.8720588684082031
    },
    {
      "name": "smile",
      "confidence": 0.8686439394950867
    },
    {
      "name": "wearing",
      "confidence": 0.7997217178344727
    }
  ],
  "description": {
    "tags": [
      "person",
      "headdress",
      "hat",
      "close"
    ],
    "captions": [
      {
        "text": "a man wearing a hat",
        "confidence": 0.5734888315200806
      }
    ]
  },
  "faces": [
    {
      "age": 43,
      "gender": "Male",
      "faceRectangle": {
        "left": 346,
        "top": 162,
        "width": 400,
        "height": 400
      }
    }
  ],
  "objects": [
    {
      "rectangle": {
        "x": 183,
        "y": 10,
        "w": 700,
        "h": 258
      },
      "object": "headwear",
      "confidence": 0.506
    },
    {
      "rectangle": {
        "x": 172,
        "y": 29,
        "w": 859,
        "h": 675
      },
      "object": "person",
      "confidence": 0.706
    }
  ],
  "brands": [],
  "requestId": "b587617e-2483-4fc1-8bb2-e912e8d9939f",
  "metadata": {
    "width": 1280,
    "height": 720,
    "format": "Png"
  },
  "modelVersion": "2021-05-01"
}