{
  "categories": [
    {
      "name": "abstract_",
      "score": 0.05859375
    },
    {
      "name": "others_",
      "score": 0.14453125
    },
    {
      "name": "outdoor_",
      "score": 0.00390625,
      "detail": {
        "landmarks": []
      }
    }
  ],
  "adult": {
    "isAdultContent": false,
    "isRacyContent": false,
    "isGoryContent": false,
    "adultScore": 0.05212469398975372,
    "racyScore": 0.13477656245231628,
    "goreScore": 0.0036048709880560637
  },
  "color": {
    "dominantColorForeground": "Black",
    "dominantColorBackground": "Black",
    "dominantColors": [
      "Black"
    ],
    "accentColor": "304E60",
    "isBWImg": false
  },
  "imageType": {
    "clipArtType": 0,
    "lineDrawingType": 0
  },
  "tags": [
    {
      "name": "black",
      "confidence": 0.956791877746582
    },
    {
      "name": "darkness",
      "confidence": 0.9401684999465942
    },
    {
      "name": "screenshot",
      "confidence": 0.9119734764099121
    },
    {
      "name": "snapshot",
      "confidence": 0.8615372180938721
    },
    {
      "name": "blurry",
      "confidence": 0.8539958596229553
    },
    {
      "name": "light",
      "confidence": 0.7243506908416748
    },
    {
      "name": "person",
      "confidence": 0.6248888969421387
    },
    {
      "name": "dark",
      "confidence": 0.5780983567237854
    },
    {
      "name": "night",
      "confidence": 0.5287318825721741
    }
  ],
  "description": {
    "tags": [
      "television",
      "indoor",
      "screen",
      "dark"
    ],
    "captions": [
      {
        "text": "a person holding a cigarette",
        "confidence": 0.30583786964416504
      }
    ]
  },
  "faces": [],
  "objects": [],
  "brands": [],
  "requestId": "6f9ff49f-e4f0-43a6-84bc-757e839abd02",
  "metadata": {
    "width": 1280,
    "height": 720,
    "format": "Png"
  },
  "modelVersion": "2021-05-01"
}