{
  "categories": [
    {
      "name": "others_",
      "score": 0.01171875
    },
    {
      "name": "sky_cloud",
      "score": 0.31640625
    }
  ],
  "adult": {
    "isAdultContent": false,
    "isRacyContent": false,
    "isGoryContent": false,
    "adultScore": 0.015408771112561226,
    "racyScore": 0.016487881541252136,
    "goreScore": 0.011055168695747852
  },
  "color": {
    "dominantColorForeground": "Black",
    "dominantColorBackground": "Black",
    "dominantColors": [
      "Black",
      "Blue"
    ],
    "accentColor": "1451B7",
    "isBWImg": false
  },
  "imageType": {
    "clipArtType": 0,
    "lineDrawingType": 0
  },
  "tags": [
    {
      "name": "human face",
      "confidence": 0.9832679629325867
    },
    {
      "name": "person",
      "confidence": 0.9775384068489075
    },
    {
      "name": "sky",
      "confidence": 0.9679938554763794
    },
    {
      "name": "hat",
      "confidence": 0.8983843922615051
    },
    {
      "name": "man",
      "confidence": 0.8898289203643799
    },
    {
      "name": "headgear",
      "confidence": 0.8682922124862671
    },
    {
      "name": "black",
      "confidence": 0.745720624923706
    },
    {
      "name": "wearing",
      "confidence": 0.6759641170501709
    },
    {
      "name": "outdoor",
      "confidence": 0.6499099731445312
    },
    {
      "name": "dark",
      "confidence": 0.6498717665672302
    },
    {
      "name": "head",
      "confidence": 0.5920910835266113
    }
  ],
  "description": {
    "tags": [
      "man",
      "person",
      "looking",
      "staring"
    ],
    "captions": [
      {
        "text": "a man wearing a hat",
        "confidence": 0.5841779708862305
      }
    ]
  },
  "faces": [
    {
      "age": 50,
      "gender": "Male",
      "faceRectangle": {
        "left": 324,
        "top": 130,
        "width": 394,
        "height": 394
      }
    }
  ],
  "objects": [
    {
      "rectangle": {
        "x": 24,
        "y": 29,
        "w": 878,
        "h": 687
      },
      "object": "person",
      "confidence": 0.663
    }
  ],
  "brands": [],
  "requestId": "4ef2e543-31f5-4585-b433-d48ad7c06432",
  "metadata": {
    "width": 1280,
    "height": 720,
    "format": "Png"
  },
  "modelVersion": "2021-05-01"
}