{
  "categories": [
    {
      "name": "others_",
      "score": 0.0078125
    },
    {
      "name": "people_",
      "score": 0.44921875
    }
  ],
  "adult": {
    "isAdultContent": false,
    "isRacyContent": false,
    "isGoryContent": false,
    "adultScore": 0.004273256286978722,
    "racyScore": 0.00634233932942152,
    "goreScore": 0.0007482919609174132
  },
  "color": {
    "dominantColorForeground": "Black",
    "dominantColorBackground": "Black",
    "dominantColors": [
      "Black"
    ],
    "accentColor": "0B5EC0",
    "isBWImg": false
  },
  "imageType": {
    "clipArtType": 0,
    "lineDrawingType": 0
  },
  "tags": [
    {
      "name": "human face",
      "confidence": 0.9890831708908081
    },
    {
      "name": "person",
      "confidence": 0.9618086814880371
    },
    {
      "name": "clothing",
      "confidence": 0.9393982887268066
    },
    {
      "name": "man",
      "confidence": 0.9086381196975708
    },
    {
      "name": "indoor",
      "confidence": 0.8305312395095825
    }
  ],
  "description": {
    "tags": [
      "man",
      "indoor",
      "person"
    ],
    "captions": [
      {
        "text": "a group of men in a dark room",
        "confidence": 0.45624974370002747
      }
    ]
  },
  "faces": [],
  "objects": [
    {
      "rectangle": {
        "x": 185,
        "y": 37,
        "w": 400,
        "h": 545
      },
      "object": "person",
      "confidence": 0.684
    },
    {
      "rectangle": {
        "x": 687,
        "y": 41,
        "w": 433,
        "h": 612
      },
      "object": "person",
      "confidence": 0.812
    }
  ],
  "brands": [],
  "requestId": "37e287f7-da4a-4f96-a677-ffa012ed8a93",
  "metadata": {
    "width": 1280,
    "height": 720,
    "format": "Png"
  },
  "modelVersion": "2021-05-01"
}