{
  "categories": [
    {
      "name": "others_",
      "score": 0.00390625
    },
    {
      "name": "people_",
      "score": 0.34765625,
      "detail": {
        "celebrities": []
      }
    }
  ],
  "adult": {
    "isAdultContent": false,
    "isRacyContent": false,
    "isGoryContent": false,
    "adultScore": 0.007746255956590176,
    "racyScore": 0.01446011383086443,
    "goreScore": 0.001971082529053092
  },
  "color": {
    "dominantColorForeground": "Grey",
    "dominantColorBackground": "Grey",
    "dominantColors": [
      "Grey",
      "Brown"
    ],
    "accentColor": "412B18",
    "isBWImg": false
  },
  "imageType": {
    "clipArtType": 0,
    "lineDrawingType": 0
  },
  "tags": [
    {
      "name": "person",
      "confidence": 0.9969443082809448
    },
    {
      "name": "human face",
      "confidence": 0.9961650967597961
    },
    {
      "name": "wall",
      "confidence": 0.9866924285888672
    },
    {
      "name": "indoor",
      "confidence": 0.9739081859588623
    },
    {
      "name": "clothing",
      "confidence": 0.9687149524688721
    },
    {
      "name": "furniture",
      "confidence": 0.942479133605957
    },
    {
      "name": "woman",
      "confidence": 0.8791294097900391
    },
    {
      "name": "girl",
      "confidence": 0.5364203453063965
    }
  ],
  "description": {
    "tags": [
      "person",
      "indoor",
      "wall"
    ],
    "captions": [
      {
        "text": "a woman drinking from a cup",
        "confidence": 0.5415693521499634
      }
    ]
  },
  "faces": [
    {
      "age": 27,
      "gender": "Female",
      "faceRectangle": {
        "left": 316,
        "top": 178,
        "width": 279,
        "height": 279
      }
    }
  ],
  "objects": [
    {
      "rectangle": {
        "x": 29,
        "y": 45,
        "w": 843,
        "h": 675
      },
      "object": "person",
      "confidence": 0.742
    }
  ],
  "brands": [],
  "requestId": "1ab66151-bc01-4586-878e-389c43047248",
  "metadata": {
    "width": 1280,
    "height": 720,
    "format": "Png"
  },
  "modelVersion": "2021-05-01"
}