{
  "categories": [
    {
      "name": "abstract_",
      "score": 0.00390625
    },
    {
      "name": "others_",
      "score": 0.0078125
    }
  ],
  "adult": {
    "isAdultContent": false,
    "isRacyContent": false,
    "isGoryContent": false,
    "adultScore": 0.027435043826699257,
    "racyScore": 0.034171830862760544,
    "goreScore": 0.010975870303809643
  },
  "color": {
    "dominantColorForeground": "Brown",
    "dominantColorBackground": "Black",
    "dominantColors": [
      "Black",
      "Brown"
    ],
    "accentColor": "281D06",
    "isBWImg": false
  },
  "imageType": {
    "clipArtType": 0,
    "lineDrawingType": 0
  },
  "tags": [
    {
      "name": "statue",
      "confidence": 0.9301830530166626
    },
    {
      "name": "photograph",
      "confidence": 0.9027639627456665
    },
    {
      "name": "art",
      "confidence": 0.8471853733062744
    },
    {
      "name": "indoor",
      "confidence": 0.842144250869751
    },
    {
      "name": "wall",
      "confidence": 0.759284496307373
    },
    {
      "name": "person",
      "confidence": 0.6579166650772095
    },
    {
      "name": "woman",
      "confidence": 0.555742621421814
    }
  ],
  "description": {
    "tags": [
      "fireplace"
    ],
    "captions": [
      {
        "text": "a person in a mask",
        "confidence": 0.28357383608818054
      }
    ]
  },
  "faces": [],
  "objects": [],
  "brands": [],
  "requestId": "4c025837-a59f-4fb6-bfa0-31f357920b81",
  "metadata": {
    "width": 1280,
    "height": 720,
    "format": "Png"
  },
  "modelVersion": "2021-05-01"
}