{
  "categories": [
    {
      "name": "abstract_",
      "score": 0.00390625
    },
    {
      "name": "others_",
      "score": 0.00390625
    },
    {
      "name": "outdoor_",
      "score": 0.01171875,
      "detail": {
        "landmarks": []
      }
    }
  ],
  "adult": {
    "isAdultContent": false,
    "isRacyContent": false,
    "isGoryContent": false,
    "adultScore": 0.008679606020450592,
    "racyScore": 0.010052126832306385,
    "goreScore": 0.0015338243683800101
  },
  "color": {
    "dominantColorForeground": "Black",
    "dominantColorBackground": "Black",
    "dominantColors": [
      "Black"
    ],
    "accentColor": "9C5E2F",
    "isBWImg": false
  },
  "imageType": {
    "clipArtType": 1,
    "lineDrawingType": 0
  },
  "tags": [
    {
      "name": "outdoor",
      "confidence": 0.9639285206794739
    },
    {
      "name": "building",
      "confidence": 0.950143575668335
    },
    {
      "name": "night",
      "confidence": 0.9473754167556763
    },
    {
      "name": "blurry",
      "confidence": 0.9007611274719238
    },
    {
      "name": "darkness",
      "confidence": 0.8808437585830688
    },
    {
      "name": "lighting",
      "confidence": 0.8592681884765625
    },
    {
      "name": "town",
      "confidence": 0.8534713387489319
    },
    {
      "name": "street",
      "confidence": 0.8118253350257874
    },
    {
      "name": "light",
      "confidence": 0.7978836297988892
    },
    {
      "name": "city",
      "confidence": 0.7534844279289246
    }
  ],
  "description": {
    "tags": [
      "night"
    ],
    "captions": [
      {
        "text": "a blurry image of a city",
        "confidence": 0.36769598722457886
      }
    ]
  },
  "faces": [],
  "objects": [],
  "brands": [],
  "requestId": "d5735bf0-a63d-4e9c-b57f-136c11f9d001",
  "metadata": {
    "width": 1280,
    "height": 720,
    "format": "Png"
  },
  "modelVersion": "2021-05-01"
}