{
  "categories": [
    {
      "name": "others_",
      "score": 0.00390625
    },
    {
      "name": "people_",
      "score": 0.47265625
    }
  ],
  "adult": {
    "isAdultContent": false,
    "isRacyContent": false,
    "isGoryContent": false,
    "adultScore": 0.006350335199385881,
    "racyScore": 0.007739066146314144,
    "goreScore": 0.0005029041203670204
  },
  "color": {
    "dominantColorForeground": "Black",
    "dominantColorBackground": "Black",
    "dominantColors": [
      "Black"
    ],
    "accentColor": "284474",
    "isBWImg": false
  },
  "imageType": {
    "clipArtType": 0,
    "lineDrawingType": 0
  },
  "tags": [
    {
      "name": "human face",
      "confidence": 0.9928469657897949
    },
    {
      "name": "clothing",
      "confidence": 0.9807330369949341
    },
    {
      "name": "person",
      "confidence": 0.9722405672073364
    },
    {
      "name": "man",
      "confidence": 0.9403444528579712
    },
    {
      "name": "gentleman",
      "confidence": 0.8953264951705933
    },
    {
      "name": "darkness",
      "confidence": 0.8691383600234985
    },
    {
      "name": "screenshot",
      "confidence": 0.8626353740692139
    },
    {
      "name": "black",
      "confidence": 0.8473007082939148
    },
    {
      "name": "dark",
      "confidence": 0.6554983854293823
    },
    {
      "name": "wearing",
      "confidence": 0.6073510646820068
    }
  ],
  "description": {
    "tags": [
      "person",
      "man",
      "indoor"
    ],
    "captions": [
      {
        "text": "a man in a black shirt",
        "confidence": 0.2954227924346924
      }
    ]
  },
  "faces": [],
  "objects": [
    {
      "rectangle": {
        "x": 181,
        "y": 64,
        "w": 415,
        "h": 563
      },
      "object": "person",
      "confidence": 0.66
    },
    {
      "rectangle": {
        "x": 699,
        "y": 67,
        "w": 406,
        "h": 579
      },
      "object": "person",
      "confidence": 0.853
    }
  ],
  "brands": [],
  "requestId": "4ea13e45-fd27-43a0-af69-a11ef79d6c0f",
  "metadata": {
    "width": 1280,
    "height": 720,
    "format": "Png"
  },
  "modelVersion": "2021-05-01"
}