{
  "categories": [
    {
      "name": "others_",
      "score": 0.0078125
    },
    {
      "name": "outdoor_",
      "score": 0.00390625,
      "detail": {
        "landmarks": []
      }
    },
    {
      "name": "sky_cloud",
      "score": 0.29296875
    }
  ],
  "adult": {
    "isAdultContent": false,
    "isRacyContent": false,
    "isGoryContent": false,
    "adultScore": 0.005878207739442587,
    "racyScore": 0.006429638713598251,
    "goreScore": 0.0008888178272172809
  },
  "color": {
    "dominantColorForeground": "White",
    "dominantColorBackground": "Blue",
    "dominantColors": [
      "Blue",
      "Black",
      "White"
    ],
    "accentColor": "0D5CBE",
    "isBWImg": false
  },
  "imageType": {
    "clipArtType": 0,
    "lineDrawingType": 0
  },
  "tags": [
    {
      "name": "person",
      "confidence": 0.9932535886764526
    },
    {
      "name": "human face",
      "confidence": 0.9910304546356201
    },
    {
      "name": "hat",
      "confidence": 0.9655022621154785
    },
    {
      "name": "smile",
      "confidence": 0.9552072882652283
    },
    {
      "name": "clothing",
      "confidence": 0.9011919498443604
    },
    {
      "name": "headgear",
      "confidence": 0.8568886518478394
    },
    {
      "name": "wearing",
      "confidence": 0.7537286281585693
    },
    {
      "name": "outdoor",
      "confidence": 0.5438060760498047
    }
  ],
  "description": {
    "tags": [
      "sky",
      "man",
      "person",
      "looking",
      "hat",
      "blue",
      "staring"
    ],
    "captions": [
      {
        "text": "a man wearing a hat",
        "confidence": 0.5516672730445862
      }
    ]
  },
  "faces": [
    {
      "age": 36,
      "gender": "Male",
      "faceRectangle": {
        "left": 319,
        "top": 107,
        "width": 401,
        "height": 401
      }
    }
  ],
  "objects": [
    {
      "rectangle": {
        "x": 101,
        "y": 34,
        "w": 854,
        "h": 671
      },
      "object": "person",
      "confidence": 0.666
    }
  ],
  "brands": [],
  "requestId": "bbce526a-e975-4c37-9b9d-60e42470f150",
  "metadata": {
    "width": 1280,
    "height": 720,
    "format": "Png"
  },
  "modelVersion": "2021-05-01"
}