{
  "categories": [
    {
      "name": "abstract_",
      "score": 0.00390625
    },
    {
      "name": "others_",
      "score": 0.0078125
    }
  ],
  "adult": {
    "isAdultContent": false,
    "isRacyContent": false,
    "isGoryContent": false,
    "adultScore": 0.015020626597106457,
    "racyScore": 0.016566960141062737,
    "goreScore": 0.0012863422743976116
  },
  "color": {
    "dominantColorForeground": "Black",
    "dominantColorBackground": "Black",
    "dominantColors": [
      "Black"
    ],
    "accentColor": "594734",
    "isBWImg": false
  },
  "imageType": {
    "clipArtType": 0,
    "lineDrawingType": 0
  },
  "tags": [
    {
      "name": "human face",
      "confidence": 0.9850002527236938
    },
    {
      "name": "person",
      "confidence": 0.9309353232383728
    },
    {
      "name": "clothing",
      "confidence": 0.9227458238601685
    },
    {
      "name": "screenshot",
      "confidence": 0.9063181281089783
    },
    {
      "name": "man",
      "confidence": 0.8932206630706787
    },
    {
      "name": "darkness",
      "confidence": 0.8719622492790222
    },
    {
      "name": "black",
      "confidence": 0.8582322597503662
    },
    {
      "name": "indoor",
      "confidence": 0.588646411895752
    },
    {
      "name": "dark",
      "confidence": 0.5620681047439575
    }
  ],
  "description": {
    "tags": [
      "person",
      "man",
      "dark"
    ],
    "captions": [
      {
        "text": "a group of men in a dark room",
        "confidence": 0.4374731183052063
      }
    ]
  },
  "faces": [],
  "objects": [
    {
      "rectangle": {
        "x": 817,
        "y": 102,
        "w": 446,
        "h": 541
      },
      "object": "person",
      "confidence": 0.837
    }
  ],
  "brands": [],
  "requestId": "feb6eec5-15bb-4447-8846-a9421ae94933",
  "metadata": {
    "width": 1280,
    "height": 720,
    "format": "Png"
  },
  "modelVersion": "2021-05-01"
}