{
  "categories": [
    {
      "name": "dark_",
      "score": 0.546875
    },
    {
      "name": "others_",
      "score": 0.00390625
    },
    {
      "name": "people_show",
      "score": 0.30859375
    }
  ],
  "adult": {
    "isAdultContent": false,
    "isRacyContent": false,
    "isGoryContent": false,
    "adultScore": 0.009924499318003654,
    "racyScore": 0.015491774305701256,
    "goreScore": 0.0018988650990650058
  },
  "color": {
    "dominantColorForeground": "Blue",
    "dominantColorBackground": "Black",
    "dominantColors": [
      "Black",
      "Blue"
    ],
    "accentColor": "0254B1",
    "isBWImg": false
  },
  "imageType": {
    "clipArtType": 0,
    "lineDrawingType": 0
  },
  "tags": [],
  "description": {
    "tags": [
      "dark"
    ],
    "captions": [
      {
        "text": "a group of people in a dark room",
        "confidence": 0.46727806329727173
      }
    ]
  },
  "faces": [],
  "objects": [],
  "brands": [],
  "requestId": "a9ece320-14b0-421d-96db-5383e2f2b777",
  "metadata": {
    "width": 1280,
    "height": 720,
    "format": "Png"
  },
  "modelVersion": "2021-05-01"
}