{
  "categories": [
    {
      "name": "others_",
      "score": 0.01171875
    },
    {
      "name": "people_",
      "score": 0.4375
    }
  ],
  "adult": {
    "isAdultContent": false,
    "isRacyContent": false,
    "isGoryContent": false,
    "adultScore": 0.0054662455804646015,
    "racyScore": 0.007619661279022694,
    "goreScore": 0.00048645251081325114
  },
  "color": {
    "dominantColorForeground": "Black",
    "dominantColorBackground": "Black",
    "dominantColors": [
      "Black"
    ],
    "accentColor": "10160E",
    "isBWImg": false
  },
  "imageType": {
    "clipArtType": 0,
    "lineDrawingType": 0
  },
  "tags": [
    {
      "name": "human face",
      "confidence": 0.9796038866043091
    },
    {
      "name": "clothing",
      "confidence": 0.9701527953147888
    },
    {
      "name": "person",
      "confidence": 0.9548025727272034
    },
    {
      "name": "man",
      "confidence": 0.9512003660202026
    },
    {
      "name": "gentleman",
      "confidence": 0.9099844694137573
    },
    {
      "name": "screenshot",
      "confidence": 0.8615567684173584
    },
    {
      "name": "darkness",
      "confidence": 0.8458348512649536
    },
    {
      "name": "wearing",
      "confidence": 0.6323972344398499
    },
    {
      "name": "dark",
      "confidence": 0.6161507368087769
    },
    {
      "name": "musician",
      "confidence": 0.5710825324058533
    },
    {
      "name": "music",
      "confidence": 0.48768651485443115
    }
  ],
  "description": {
    "tags": [
      "person",
      "indoor",
      "man"
    ],
    "captions": [
      {
        "text": "a man in a garment",
        "confidence": 0.3354128897190094
      }
    ]
  },
  "faces": [],
  "objects": [
    {
      "rectangle": {
        "x": 195,
        "y": 40,
        "w": 392,
        "h": 536
      },
      "object": "person",
      "confidence": 0.671
    },
    {
      "rectangle": {
        "x": 707,
        "y": 77,
        "w": 409,
        "h": 569
      },
      "object": "person",
      "confidence": 0.844
    }
  ],
  "brands": [],
  "requestId": "b30abed9-12e9-4fcd-bbc5-b2f7d39b2273",
  "metadata": {
    "width": 1280,
    "height": 720,
    "format": "Png"
  },
  "modelVersion": "2021-05-01"
}