{
  "categories": [
    {
      "name": "people_portrait",
      "score": 0.44140625,
      "detail": {
        "celebrities": []
      }
    },
    {
      "name": "people_young",
      "score": 0.44921875,
      "detail": {
        "celebrities": []
      }
    }
  ],
  "adult": {
    "isAdultContent": false,
    "isRacyContent": false,
    "isGoryContent": false,
    "adultScore": 0.005675103981047869,
    "racyScore": 0.006490492727607489,
    "goreScore": 0.009447953663766384
  },
  "color": {
    "dominantColorForeground": "Black",
    "dominantColorBackground": "Black",
    "dominantColors": [
      "Black",
      "Blue"
    ],
    "accentColor": "1553B0",
    "isBWImg": false
  },
  "imageType": {
    "clipArtType": 0,
    "lineDrawingType": 0
  },
  "tags": [
    {
      "name": "human face",
      "confidence": 0.9900615811347961
    },
    {
      "name": "person",
      "confidence": 0.9596786499023438
    },
    {
      "name": "man",
      "confidence": 0.9235077500343323
    },
    {
      "name": "screenshot",
      "confidence": 0.9013710618019104
    },
    {
      "name": "human",
      "confidence": 0.8949123620986938
    },
    {
      "name": "chin",
      "confidence": 0.8534848093986511
    },
    {
      "name": "wearing",
      "confidence": 0.5520188212394714
    },
    {
      "name": "portrait",
      "confidence": 0.4687865972518921
    }
  ],
  "description": {
    "tags": [
      "person",
      "staring"
    ],
    "captions": [
      {
        "text": "a man with a surprised expression",
        "confidence": 0.33238208293914795
      }
    ]
  },
  "faces": [
    {
      "age": 29,
      "gender": "Male",
      "faceRectangle": {
        "left": 474,
        "top": 44,
        "width": 624,
        "height": 624
      }
    }
  ],
  "objects": [
    {
      "rectangle": {
        "x": 401,
        "y": 2,
        "w": 852,
        "h": 718
      },
      "object": "person",
      "confidence": 0.851
    }
  ],
  "brands": [],
  "requestId": "0c866f6a-7213-4f66-b436-3c385dcccb6c",
  "metadata": {
    "width": 1280,
    "height": 720,
    "format": "Png"
  },
  "modelVersion": "2021-05-01"
}