{
  "categories": [
    {
      "name": "others_",
      "score": 0.01171875
    },
    {
      "name": "people_",
      "score": 0.33984375
    }
  ],
  "adult": {
    "isAdultContent": false,
    "isRacyContent": false,
    "isGoryContent": false,
    "adultScore": 0.011120137758553028,
    "racyScore": 0.013564176857471466,
    "goreScore": 0.0005473471246659756
  },
  "color": {
    "dominantColorForeground": "Black",
    "dominantColorBackground": "Black",
    "dominantColors": [
      "Black"
    ],
    "accentColor": "3F5B8C",
    "isBWImg": false
  },
  "imageType": {
    "clipArtType": 1,
    "lineDrawingType": 0
  },
  "tags": [
    {
      "name": "human face",
      "confidence": 0.9883902072906494
    },
    {
      "name": "clothing",
      "confidence": 0.9768242835998535
    },
    {
      "name": "person",
      "confidence": 0.9690735340118408
    },
    {
      "name": "man",
      "confidence": 0.938914954662323
    },
    {
      "name": "screenshot",
      "confidence": 0.9037179350852966
    },
    {
      "name": "gentleman",
      "confidence": 0.8858464956283569
    },
    {
      "name": "black",
      "confidence": 0.8856804370880127
    },
    {
      "name": "darkness",
      "confidence": 0.873907744884491
    },
    {
      "name": "glasses",
      "confidence": 0.854839563369751
    },
    {
      "name": "wearing",
      "confidence": 0.6450290679931641
    },
    {
      "name": "dark",
      "confidence": 0.6243542432785034
    },
    {
      "name": "indoor",
      "confidence": 0.5586143732070923
    }
  ],
  "description": {
    "tags": [
      "man",
      "person",
      "necktie",
      "dark"
    ],
    "captions": [
      {
        "text": "a man holding a gun",
        "confidence": 0.4347647726535797
      }
    ]
  },
  "faces": [],
  "objects": [
    {
      "rectangle": {
        "x": 190,
        "y": 39,
        "w": 399,
        "h": 536
      },
      "object": "person",
      "confidence": 0.65
    },
    {
      "rectangle": {
        "x": 701,
        "y": 62,
        "w": 416,
        "h": 587
      },
      "object": "person",
      "confidence": 0.831
    }
  ],
  "brands": [],
  "requestId": "c5f1fa66-4814-435e-89b6-708ce067bb0b",
  "metadata": {
    "width": 1280,
    "height": 720,
    "format": "Png"
  },
  "modelVersion": "2021-05-01"
}