{
  "categories": [
    {
      "name": "abstract_",
      "score": 0.01171875
    },
    {
      "name": "others_",
      "score": 0.00390625
    },
    {
      "name": "outdoor_",
      "score": 0.03515625,
      "detail": {
        "landmarks": []
      }
    }
  ],
  "adult": {
    "isAdultContent": false,
    "isRacyContent": false,
    "isGoryContent": false,
    "adultScore": 0.0026885054539889097,
    "racyScore": 0.0037800627760589123,
    "goreScore": 0.0006774085923098028
  },
  "color": {
    "dominantColorForeground": "Yellow",
    "dominantColorBackground": "Black",
    "dominantColors": [
      "Black",
      "Brown"
    ],
    "accentColor": "B39718",
    "isBWImg": false
  },
  "imageType": {
    "clipArtType": 0,
    "lineDrawingType": 0
  },
  "tags": [
    {
      "name": "clothing",
      "confidence": 0.9984195232391357
    },
    {
      "name": "person",
      "confidence": 0.9883939623832703
    },
    {
      "name": "man",
      "confidence": 0.9778083562850952
    },
    {
      "name": "building",
      "confidence": 0.8915680050849915
    },
    {
      "name": "electronic signage",
      "confidence": 0.8914352655410767
    },
    {
      "name": "street",
      "confidence": 0.8794453144073486
    },
    {
      "name": "people",
      "confidence": 0.8653303384780884
    },
    {
      "name": "snapshot",
      "confidence": 0.8413562774658203
    },
    {
      "name": "walking",
      "confidence": 0.8177390098571777
    },
    {
      "name": "standing",
      "confidence": 0.7909522652626038
    },
    {
      "name": "night",
      "confidence": 0.7436404824256897
    },
    {
      "name": "ceiling",
      "confidence": 0.6637051105499268
    },
    {
      "name": "outdoor",
      "confidence": 0.6592270731925964
    },
    {
      "name": "store",
      "confidence": 0.5757453441619873
    },
    {
      "name": "business",
      "confidence": 0.5406436324119568
    },
    {
      "name": "city",
      "confidence": 0.5224326252937317
    }
  ],
  "description": {
    "tags": [
      "text",
      "person",
      "standing"
    ],
    "captions": [
      {
        "text": "a group of people standing in front of a sign",
        "confidence": 0.489474892616272
      }
    ]
  },
  "faces": [],
  "objects": [
    {
      "rectangle": {
        "x": 150,
        "y": 196,
        "w": 240,
        "h": 506
      },
      "object": "person",
      "confidence": 0.649
    },
    {
      "rectangle": {
        "x": 953,
        "y": 53,
        "w": 320,
        "h": 650
      },
      "object": "person",
      "confidence": 0.806
    }
  ],
  "brands": [],
  "requestId": "277b2fec-1c01-4f95-a22b-605f3f7bfd03",
  "metadata": {
    "width": 1280,
    "height": 720,
    "format": "Png"
  },
  "modelVersion": "2021-05-01"
}