{
  "categories": [
    {
      "name": "others_",
      "score": 0.421875
    }
  ],
  "adult": {
    "isAdultContent": false,
    "isRacyContent": false,
    "isGoryContent": false,
    "adultScore": 0.0281341802328825,
    "racyScore": 0.0507647767663002,
    "goreScore": 0.0053649661131203175
  },
  "color": {
    "dominantColorForeground": "Grey",
    "dominantColorBackground": "Grey",
    "dominantColors": [
      "Grey",
      "Black"
    ],
    "accentColor": "5B4E44",
    "isBWImg": false
  },
  "imageType": {
    "clipArtType": 0,
    "lineDrawingType": 0
  },
  "tags": [
    {
      "name": "clothing",
      "confidence": 0.9875290393829346
    },
    {
      "name": "person",
      "confidence": 0.981453537940979
    },
    {
      "name": "indoor",
      "confidence": 0.9779617786407471
    },
    {
      "name": "furniture",
      "confidence": 0.9730066061019897
    },
    {
      "name": "table",
      "confidence": 0.9528753757476807
    },
    {
      "name": "wall",
      "confidence": 0.9147927761077881
    },
    {
      "name": "desk",
      "confidence": 0.9104521870613098
    },
    {
      "name": "chair",
      "confidence": 0.8615900278091431
    },
    {
      "name": "classroom",
      "confidence": 0.48856374621391296
    }
  ],
  "description": {
    "tags": [
      "text",
      "indoor",
      "person"
    ],
    "captions": [
      {
        "text": "a person in a uniform",
        "confidence": 0.3121645152568817
      }
    ]
  },
  "faces": [],
  "objects": [
    {
      "rectangle": {
        "x": 17,
        "y": 247,
        "w": 221,
        "h": 213
      },
      "object": "person",
      "confidence": 0.731
    },
    {
      "rectangle": {
        "x": 551,
        "y": 8,
        "w": 516,
        "h": 705
      },
      "object": "person",
      "confidence": 0.864
    },
    {
      "rectangle": {
        "x": 0,
        "y": 395,
        "w": 481,
        "h": 312
      },
      "object": "table",
      "confidence": 0.565
    }
  ],
  "brands": [],
  "requestId": "1202d606-555c-4f45-8d72-caf754d47982",
  "metadata": {
    "width": 1280,
    "height": 720,
    "format": "Png"
  },
  "modelVersion": "2021-05-01"
}