{
  "categories": [
    {
      "name": "abstract_",
      "score": 0.00390625
    },
    {
      "name": "dark_",
      "score": 0.62109375
    }
  ],
  "adult": {
    "isAdultContent": false,
    "isRacyContent": false,
    "isGoryContent": false,
    "adultScore": 0.004998320713639259,
    "racyScore": 0.007799358572810888,
    "goreScore": 0.0007271803333424032
  },
  "color": {
    "dominantColorForeground": "Black",
    "dominantColorBackground": "Black",
    "dominantColors": [
      "Black"
    ],
    "accentColor": "5B503F",
    "isBWImg": false
  },
  "imageType": {
    "clipArtType": 1,
    "lineDrawingType": 0
  },
  "tags": [
    {
      "name": "darkness",
      "confidence": 0.963539719581604
    },
    {
      "name": "black",
      "confidence": 0.9313657283782959
    },
    {
      "name": "concert",
      "confidence": 0.8712227940559387
    },
    {
      "name": "music",
      "confidence": 0.8208989500999451
    }
  ],
  "description": {
    "tags": [
      "dark",
      "night sky"
    ],
    "captions": [
      {
        "text": "a group of small animals",
        "confidence": 0.24197736382484436
      }
    ]
  },
  "faces": [],
  "objects": [
    {
      "rectangle": {
        "x": 3,
        "y": 188,
        "w": 162,
        "h": 174
      },
      "object": "animal",
      "confidence": 0.508
    }
  ],
  "brands": [],
  "requestId": "4c758d0c-bb5d-407b-ac31-77441da98fef",
  "metadata": {
    "width": 1280,
    "height": 720,
    "format": "Png"
  },
  "modelVersion": "2021-05-01"
}