{
  "categories": [
    {
      "name": "people_portrait",
      "score": 0.6015625,
      "detail": {
        "celebrities": []
      }
    }
  ],
  "adult": {
    "isAdultContent": false,
    "isRacyContent": false,
    "isGoryContent": false,
    "adultScore": 0.0010787660721689463,
    "racyScore": 0.001831296132877469,
    "goreScore": 0.00027696616598404944
  },
  "color": {
    "dominantColorForeground": "Black",
    "dominantColorBackground": "Black",
    "dominantColors": [
      "Black",
      "Grey"
    ],
    "accentColor": "282820",
    "isBWImg": false
  },
  "imageType": {
    "clipArtType": 0,
    "lineDrawingType": 0
  },
  "tags": [
    {
      "name": "human face",
      "confidence": 0.9981727600097656
    },
    {
      "name": "person",
      "confidence": 0.9939199686050415
    },
    {
      "name": "clothing",
      "confidence": 0.9652032852172852
    },
    {
      "name": "man",
      "confidence": 0.9274610280990601
    },
    {
      "name": "chin",
      "confidence": 0.8970450162887573
    },
    {
      "name": "human",
      "confidence": 0.8471417427062988
    },
    {
      "name": "eyebrow",
      "confidence": 0.8440629243850708
    },
    {
      "name": "hat",
      "confidence": 0.5969693660736084
    },
    {
      "name": "wearing",
      "confidence": 0.5785986185073853
    }
  ],
  "description": {
    "tags": [
      "person",
      "indoor",
      "wall",
      "man",
      "looking"
    ],
    "captions": [
      {
        "text": "a person in a suit",
        "confidence": 0.3809610903263092
      }
    ]
  },
  "faces": [
    {
      "age": 30,
      "gender": "Male",
      "faceRectangle": {
        "left": 345,
        "top": 179,
        "width": 386,
        "height": 386
      }
    },
    {
      "age": 26,
      "gender": "Male",
      "faceRectangle": {
        "left": 897,
        "top": 359,
        "width": 333,
        "height": 333
      }
    }
  ],
  "objects": [
    {
      "rectangle": {
        "x": 652,
        "y": 10,
        "w": 606,
        "h": 708
      },
      "object": "person",
      "confidence": 0.759
    },
    {
      "rectangle": {
        "x": 208,
        "y": 0,
        "w": 521,
        "h": 254
      },
      "object": "hat",
      "confidence": 0.613,
      "parent": {
        "object": "headwear",
        "confidence": 0.793
      }
    },
    {
      "rectangle": {
        "x": 34,
        "y": 14,
        "w": 826,
        "h": 706
      },
      "object": "person",
      "confidence": 0.915
    }
  ],
  "brands": [],
  "requestId": "ca91a082-ed86-4157-ba68-6b2fb67dcbae",
  "metadata": {
    "width": 1280,
    "height": 720,
    "format": "Png"
  },
  "modelVersion": "2021-05-01"
}