{
  "categories": [
    {
      "name": "others_",
      "score": 0.00390625
    },
    {
      "name": "people_",
      "score": 0.671875
    }
  ],
  "adult": {
    "isAdultContent": false,
    "isRacyContent": false,
    "isGoryContent": false,
    "adultScore": 0.010882583446800709,
    "racyScore": 0.01546252891421318,
    "goreScore": 0.002208779100328684
  },
  "color": {
    "dominantColorForeground": "Black",
    "dominantColorBackground": "Black",
    "dominantColors": [
      "Black"
    ],
    "accentColor": "955D36",
    "isBWImg": false
  },
  "imageType": {
    "clipArtType": 0,
    "lineDrawingType": 0
  },
  "tags": [
    {
      "name": "clothing",
      "confidence": 0.9871963262557983
    },
    {
      "name": "person",
      "confidence": 0.979182243347168
    },
    {
      "name": "human face",
      "confidence": 0.940719485282898
    }
  ],
  "description": {
    "tags": [
      "indoor",
      "person"
    ],
    "captions": [
      {
        "text": "a person holding a cat",
        "confidence": 0.4602389931678772
      }
    ]
  },
  "faces": [],
  "objects": [
    {
      "rectangle": {
        "x": 522,
        "y": 143,
        "w": 405,
        "h": 574
      },
      "object": "person",
      "confidence": 0.779
    }
  ],
  "brands": [],
  "requestId": "d9a388fd-17ed-4a85-af79-0bb394fb87a0",
  "metadata": {
    "width": 1280,
    "height": 720,
    "format": "Png"
  },
  "modelVersion": "2021-05-01"
}