{
  "categories": [
    {
      "name": "abstract_",
      "score": 0.01171875
    },
    {
      "name": "others_",
      "score": 0.08984375
    },
    {
      "name": "outdoor_",
      "score": 0.00390625,
      "detail": {
        "landmarks": []
      }
    }
  ],
  "adult": {
    "isAdultContent": false,
    "isRacyContent": false,
    "isGoryContent": false,
    "adultScore": 0.008182337507605553,
    "racyScore": 0.025011727586388588,
    "goreScore": 0.00083980115596205
  },
  "color": {
    "dominantColorForeground": "Black",
    "dominantColorBackground": "Black",
    "dominantColors": [
      "Black"
    ],
    "accentColor": "5D4E3C",
    "isBWImg": false
  },
  "imageType": {
    "clipArtType": 0,
    "lineDrawingType": 0
  },
  "tags": [
    {
      "name": "person",
      "confidence": 0.9639195203781128
    },
    {
      "name": "clothing",
      "confidence": 0.8933650851249695
    },
    {
      "name": "transport",
      "confidence": 0.8919010162353516
    },
    {
      "name": "standing",
      "confidence": 0.8752739429473877
    },
    {
      "name": "public transport",
      "confidence": 0.8687196969985962
    },
    {
      "name": "snapshot",
      "confidence": 0.8686487674713135
    },
    {
      "name": "passenger",
      "confidence": 0.8663716912269592
    },
    {
      "name": "train",
      "confidence": 0.8198217749595642
    },
    {
      "name": "subway",
      "confidence": 0.7856254577636719
    }
  ],
  "description": {
    "tags": [
      "person",
      "indoor"
    ],
    "captions": [
      {
        "text": "a man in a suit",
        "confidence": 0.38254284858703613
      }
    ]
  },
  "faces": [],
  "objects": [
    {
      "rectangle": {
        "x": 1017,
        "y": 58,
        "w": 203,
        "h": 431
      },
      "object": "person",
      "confidence": 0.754
    },
    {
      "rectangle": {
        "x": 457,
        "y": 16,
        "w": 287,
        "h": 697
      },
      "object": "person",
      "confidence": 0.841
    }
  ],
  "brands": [],
  "requestId": "ea4e1999-ee30-480a-9038-203fedd7b357",
  "metadata": {
    "width": 1280,
    "height": 720,
    "format": "Png"
  },
  "modelVersion": "2021-05-01"
}