{
  "categories": [
    {
      "name": "abstract_",
      "score": 0.00390625
    },
    {
      "name": "others_",
      "score": 0.1328125
    }
  ],
  "adult": {
    "isAdultContent": false,
    "isRacyContent": false,
    "isGoryContent": false,
    "adultScore": 0.01149202324450016,
    "racyScore": 0.025770679116249084,
    "goreScore": 0.0009784959256649017
  },
  "color": {
    "dominantColorForeground": "Black",
    "dominantColorBackground": "Black",
    "dominantColors": [
      "Black"
    ],
    "accentColor": "395292",
    "isBWImg": false
  },
  "imageType": {
    "clipArtType": 1,
    "lineDrawingType": 0
  },
  "tags": [
    {
      "name": "black",
      "confidence": 0.9254238605499268
    },
    {
      "name": "darkness",
      "confidence": 0.8924094438552856
    },
    {
      "name": "mirror",
      "confidence": 0.8703081011772156
    },
    {
      "name": "car",
      "confidence": 0.7879977226257324
    },
    {
      "name": "car mirror",
      "confidence": 0.7657783031463623
    },
    {
      "name": "night",
      "confidence": 0.4710479974746704
    },
    {
      "name": "dark",
      "confidence": 0.4383580684661865
    },
    {
      "name": "light",
      "confidence": 0.4106862545013428
    }
  ],
  "description": {
    "tags": [
      "indoor",
      "dark",
      "night sky"
    ],
    "captions": [
      {
        "text": "a person in a dark room",
        "confidence": 0.3112550377845764
      }
    ]
  },
  "faces": [],
  "objects": [],
  "brands": [],
  "requestId": "887a3926-aba1-4118-89d2-339ea1af58eb",
  "metadata": {
    "width": 1280,
    "height": 720,
    "format": "Png"
  },
  "modelVersion": "2021-05-01"
}