{
  "categories": [
    {
      "name": "dark_",
      "score": 0.8515625
    }
  ],
  "adult": {
    "isAdultContent": false,
    "isRacyContent": false,
    "isGoryContent": false,
    "adultScore": 0.012390518561005592,
    "racyScore": 0.029315417632460594,
    "goreScore": 0.0011471257312223315
  },
  "color": {
    "dominantColorForeground": "Blue",
    "dominantColorBackground": "Black",
    "dominantColors": [
      "Black",
      "Blue"
    ],
    "accentColor": "0572C6",
    "isBWImg": false
  },
  "imageType": {
    "clipArtType": 0,
    "lineDrawingType": 0
  },
  "tags": [],
  "description": {
    "tags": [
      "swimming",
      "dark"
    ],
    "captions": [
      {
        "text": "a group of people in a room",
        "confidence": 0.4639315605163574
      }
    ]
  },
  "faces": [],
  "objects": [],
  "brands": [],
  "requestId": "a5a44fac-3a02-4590-aec6-1b23183549e8",
  "metadata": {
    "width": 1280,
    "height": 720,
    "format": "Png"
  },
  "modelVersion": "2021-05-01"
}