{
  "categories": [
    {
      "name": "others_",
      "score": 0.00390625
    },
    {
      "name": "people_",
      "score": 0.53515625
    }
  ],
  "adult": {
    "isAdultContent": false,
    "isRacyContent": false,
    "isGoryContent": false,
    "adultScore": 0.007042181212455034,
    "racyScore": 0.008441220037639141,
    "goreScore": 0.0005451785400509834
  },
  "color": {
    "dominantColorForeground": "Black",
    "dominantColorBackground": "Black",
    "dominantColors": [
      "Black"
    ],
    "accentColor": "224175",
    "isBWImg": false
  },
  "imageType": {
    "clipArtType": 0,
    "lineDrawingType": 0
  },
  "tags": [
    {
      "name": "human face",
      "confidence": 0.9940543174743652
    },
    {
      "name": "clothing",
      "confidence": 0.9797544479370117
    },
    {
      "name": "person",
      "confidence": 0.9470968246459961
    },
    {
      "name": "screenshot",
      "confidence": 0.9379503726959229
    },
    {
      "name": "man",
      "confidence": 0.9281947612762451
    },
    {
      "name": "darkness",
      "confidence": 0.8866970539093018
    },
    {
      "name": "gentleman",
      "confidence": 0.8825985193252563
    },
    {
      "name": "black",
      "confidence": 0.8599772453308105
    },
    {
      "name": "indoor",
      "confidence": 0.6142876744270325
    },
    {
      "name": "dark",
      "confidence": 0.6045544147491455
    },
    {
      "name": "wearing",
      "confidence": 0.5308340787887573
    },
    {
      "name": "music",
      "confidence": 0.42479294538497925
    }
  ],
  "description": {
    "tags": [
      "person",
      "indoor",
      "man",
      "dark"
    ],
    "captions": [
      {
        "text": "a man in a suit",
        "confidence": 0.28152599930763245
      }
    ]
  },
  "faces": [],
  "objects": [
    {
      "rectangle": {
        "x": 193,
        "y": 43,
        "w": 394,
        "h": 530
      },
      "object": "person",
      "confidence": 0.665
    },
    {
      "rectangle": {
        "x": 714,
        "y": 84,
        "w": 397,
        "h": 569
      },
      "object": "person",
      "confidence": 0.839
    }
  ],
  "brands": [],
  "requestId": "88a42dba-c071-42c4-955b-dd49200e15be",
  "metadata": {
    "width": 1280,
    "height": 720,
    "format": "Png"
  },
  "modelVersion": "2021-05-01"
}