{
  "categories": [
    {
      "name": "others_",
      "score": 0.00390625
    },
    {
      "name": "people_",
      "score": 0.32421875,
      "detail": {
        "celebrities": []
      }
    }
  ],
  "adult": {
    "isAdultContent": false,
    "isRacyContent": false,
    "isGoryContent": false,
    "adultScore": 0.003832312533631921,
    "racyScore": 0.005488481838256121,
    "goreScore": 0.000480565067846328
  },
  "color": {
    "dominantColorForeground": "Black",
    "dominantColorBackground": "Black",
    "dominantColors": [
      "Black"
    ],
    "accentColor": "1C5BAF",
    "isBWImg": false
  },
  "imageType": {
    "clipArtType": 0,
    "lineDrawingType": 0
  },
  "tags": [
    {
      "name": "human face",
      "confidence": 0.9907350540161133
    },
    {
      "name": "clothing",
      "confidence": 0.988045334815979
    },
    {
      "name": "person",
      "confidence": 0.9752184152603149
    },
    {
      "name": "man",
      "confidence": 0.9280559420585632
    },
    {
      "name": "gentleman",
      "confidence": 0.886102557182312
    },
    {
      "name": "darkness",
      "confidence": 0.8409265875816345
    },
    {
      "name": "indoor",
      "confidence": 0.6671581268310547
    },
    {
      "name": "music",
      "confidence": 0.6554721593856812
    },
    {
      "name": "band",
      "confidence": 0.5973492860794067
    },
    {
      "name": "dark",
      "confidence": 0.5785481929779053
    },
    {
      "name": "wearing",
      "confidence": 0.5574164986610413
    },
    {
      "name": "musician",
      "confidence": 0.5304862856864929
    }
  ],
  "description": {
    "tags": [
      "person",
      "indoor",
      "man"
    ],
    "captions": [
      {
        "text": "a man holding a gun",
        "confidence": 0.39210206270217896
      }
    ]
  },
  "faces": [
    {
      "age": 23,
      "gender": "Male",
      "faceRectangle": {
        "left": 227,
        "top": 87,
        "width": 175,
        "height": 175
      }
    },
    {
      "age": 23,
      "gender": "Male",
      "faceRectangle": {
        "left": 891,
        "top": 142,
        "width": 168,
        "height": 168
      }
    }
  ],
  "objects": [
    {
      "rectangle": {
        "x": 198,
        "y": 34,
        "w": 383,
        "h": 547
      },
      "object": "person",
      "confidence": 0.674
    },
    {
      "rectangle": {
        "x": 718,
        "y": 79,
        "w": 389,
        "h": 570
      },
      "object": "person",
      "confidence": 0.837
    }
  ],
  "brands": [],
  "requestId": "603ad4e4-6c13-4835-a951-6a32c4ac3d90",
  "metadata": {
    "width": 1280,
    "height": 720,
    "format": "Png"
  },
  "modelVersion": "2021-05-01"
}