{
  "categories": [
    {
      "name": "abstract_",
      "score": 0.01171875
    },
    {
      "name": "others_",
      "score": 0.13671875
    },
    {
      "name": "outdoor_",
      "score": 0.05078125,
      "detail": {
        "landmarks": []
      }
    }
  ],
  "adult": {
    "isAdultContent": false,
    "isRacyContent": false,
    "isGoryContent": false,
    "adultScore": 0.0077680847607553005,
    "racyScore": 0.013122131116688251,
    "goreScore": 0.0010866731172427535
  },
  "color": {
    "dominantColorForeground": "Grey",
    "dominantColorBackground": "Black",
    "dominantColors": [
      "Black",
      "Grey"
    ],
    "accentColor": "7D5F4E",
    "isBWImg": false
  },
  "imageType": {
    "clipArtType": 0,
    "lineDrawingType": 0
  },
  "tags": [
    {
      "name": "train",
      "confidence": 0.950356662273407
    },
    {
      "name": "person",
      "confidence": 0.8745405673980713
    },
    {
      "name": "track",
      "confidence": 0.8590186834335327
    },
    {
      "name": "outdoor",
      "confidence": 0.8336328268051147
    },
    {
      "name": "blurry",
      "confidence": 0.8214596509933472
    },
    {
      "name": "ground",
      "confidence": 0.6356263756752014
    }
  ],
  "description": {
    "tags": [],
    "captions": [
      {
        "text": "a person looking out a window",
        "confidence": 0.39337363839149475
      }
    ]
  },
  "faces": [],
  "objects": [
    {
      "rectangle": {
        "x": 17,
        "y": 15,
        "w": 448,
        "h": 705
      },
      "object": "person",
      "confidence": 0.633
    }
  ],
  "brands": [],
  "requestId": "7e0e23ed-767c-4f57-8d25-0d8f019d1ac3",
  "metadata": {
    "width": 1280,
    "height": 720,
    "format": "Png"
  },
  "modelVersion": "2021-05-01"
}