{
  "categories": [
    {
      "name": "others_",
      "score": 0.01171875
    },
    {
      "name": "people_",
      "score": 0.390625
    },
    {
      "name": "people_show",
      "score": 0.26953125
    }
  ],
  "adult": {
    "isAdultContent": false,
    "isRacyContent": false,
    "isGoryContent": false,
    "adultScore": 0.006855721119791269,
    "racyScore": 0.008874541148543358,
    "goreScore": 0.0005753888399340212
  },
  "color": {
    "dominantColorForeground": "Black",
    "dominantColorBackground": "Black",
    "dominantColors": [
      "Black"
    ],
    "accentColor": "1F5BAC",
    "isBWImg": false
  },
  "imageType": {
    "clipArtType": 0,
    "lineDrawingType": 0
  },
  "tags": [
    {
      "name": "human face",
      "confidence": 0.9811756610870361
    },
    {
      "name": "person",
      "confidence": 0.9705862998962402
    },
    {
      "name": "clothing",
      "confidence": 0.9408040046691895
    },
    {
      "name": "man",
      "confidence": 0.9077963829040527
    },
    {
      "name": "screenshot",
      "confidence": 0.8501023054122925
    },
    {
      "name": "indoor",
      "confidence": 0.7843418717384338
    },
    {
      "name": "wearing",
      "confidence": 0.5464784502983093
    }
  ],
  "description": {
    "tags": [
      "person",
      "indoor",
      "man"
    ],
    "captions": [
      {
        "text": "a group of men in a room",
        "confidence": 0.46266722679138184
      }
    ]
  },
  "faces": [],
  "objects": [
    {
      "rectangle": {
        "x": 87,
        "y": 31,
        "w": 477,
        "h": 554
      },
      "object": "person",
      "confidence": 0.686
    },
    {
      "rectangle": {
        "x": 658,
        "y": 63,
        "w": 465,
        "h": 585
      },
      "object": "person",
      "confidence": 0.817
    }
  ],
  "brands": [],
  "requestId": "4e32aed8-bd7c-4fbf-a864-ba405b0e7380",
  "metadata": {
    "width": 1280,
    "height": 720,
    "format": "Png"
  },
  "modelVersion": "2021-05-01"
}