{
  "categories": [
    {
      "name": "people_young",
      "score": 0.37109375,
      "detail": {
        "celebrities": [
          {
            "name": "Joss Ackland",
            "confidence": 0.9527742862701416,
            "faceRectangle": {
              "left": 280,
              "top": 204,
              "width": 485,
              "height": 485
            }
          }
        ]
      }
    }
  ],
  "adult": {
    "isAdultContent": false,
    "isRacyContent": false,
    "isGoryContent": false,
    "adultScore": 0.0059069381095469,
    "racyScore": 0.006358512677252293,
    "goreScore": 0.0034526290837675333
  },
  "color": {
    "dominantColorForeground": "Blue",
    "dominantColorBackground": "Black",
    "dominantColors": [
      "Blue",
      "Black"
    ],
    "accentColor": "085EC3",
    "isBWImg": false
  },
  "imageType": {
    "clipArtType": 0,
    "lineDrawingType": 0
  },
  "tags": [
    {
      "name": "human face",
      "confidence": 0.9921237230300903
    },
    {
      "name": "person",
      "confidence": 0.9846426844596863
    },
    {
      "name": "clothing",
      "confidence": 0.9599210023880005
    },
    {
      "name": "hat",
      "confidence": 0.9399585723876953
    },
    {
      "name": "man",
      "confidence": 0.8989474773406982
    },
    {
      "name": "headgear",
      "confidence": 0.8943473696708679
    },
    {
      "name": "wrinkle",
      "confidence": 0.8854506015777588
    },
    {
      "name": "chin",
      "confidence": 0.8804950714111328
    },
    {
      "name": "portrait",
      "confidence": 0.8715655207633972
    },
    {
      "name": "human",
      "confidence": 0.8599194288253784
    },
    {
      "name": "wearing",
      "confidence": 0.7430901527404785
    },
    {
      "name": "dark",
      "confidence": 0.6665287017822266
    }
  ],
  "description": {
    "tags": [
      "person",
      "man",
      "wearing",
      "hat",
      "posing",
      "staring"
    ],
    "captions": [
      {
        "text": "Joss Ackland wearing a hat",
        "confidence": 0.5895473957061768
      }
    ]
  },
  "faces": [
    {
      "age": 65,
      "gender": "Male",
      "faceRectangle": {
        "left": 281,
        "top": 205,
        "width": 486,
        "height": 486
      }
    }
  ],
  "objects": [
    {
      "rectangle": {
        "x": 99,
        "y": 49,
        "w": 838,
        "h": 331
      },
      "object": "hat",
      "confidence": 0.805,
      "parent": {
        "object": "headwear",
        "confidence": 0.891
      }
    },
    {
      "rectangle": {
        "x": 98,
        "y": 89,
        "w": 868,
        "h": 631
      },
      "object": "person",
      "confidence": 0.569
    }
  ],
  "brands": [],
  "requestId": "7155c8ca-4f7f-43de-a094-fd42144ddaee",
  "metadata": {
    "width": 1280,
    "height": 720,
    "format": "Png"
  },
  "modelVersion": "2021-05-01"
}