{
  "categories": [
    {
      "name": "abstract_",
      "score": 0.015625
    },
    {
      "name": "others_",
      "score": 0.13671875
    },
    {
      "name": "outdoor_",
      "score": 0.00390625,
      "detail": {
        "landmarks": []
      }
    }
  ],
  "adult": {
    "isAdultContent": false,
    "isRacyContent": false,
    "isGoryContent": false,
    "adultScore": 0.010515603236854076,
    "racyScore": 0.037155140191316605,
    "goreScore": 0.0008778991759754717
  },
  "color": {
    "dominantColorForeground": "Black",
    "dominantColorBackground": "Black",
    "dominantColors": [
      "Black"
    ],
    "accentColor": "2F6C9C",
    "isBWImg": false
  },
  "imageType": {
    "clipArtType": 0,
    "lineDrawingType": 0
  },
  "tags": [
    {
      "name": "black",
      "confidence": 0.8871708512306213
    },
    {
      "name": "darkness",
      "confidence": 0.8604981303215027
    },
    {
      "name": "screenshot",
      "confidence": 0.8532564043998718
    },
    {
      "name": "person",
      "confidence": 0.8311944007873535
    },
    {
      "name": "night",
      "confidence": 0.5793299674987793
    }
  ],
  "description": {
    "tags": [],
    "captions": [
      {
        "text": "a person in a garment",
        "confidence": 0.3407132923603058
      }
    ]
  },
  "faces": [],
  "objects": [
    {
      "rectangle": {
        "x": 7,
        "y": 191,
        "w": 364,
        "h": 528
      },
      "object": "person",
      "confidence": 0.595
    }
  ],
  "brands": [],
  "requestId": "6a6ac578-b8b6-4396-aa45-b7ba24ee52df",
  "metadata": {
    "width": 1280,
    "height": 720,
    "format": "Png"
  },
  "modelVersion": "2021-05-01"
}