{
  "categories": [
    {
      "name": "others_",
      "score": 0.00390625
    },
    {
      "name": "people_portrait",
      "score": 0.44140625,
      "detail": {
        "celebrities": [
          {
            "name": "Neil Tennant",
            "confidence": 0.8173692226409912,
            "faceRectangle": {
              "left": 369,
              "top": 52,
              "width": 614,
              "height": 614
            }
          }
        ]
      }
    }
  ],
  "adult": {
    "isAdultContent": false,
    "isRacyContent": false,
    "isGoryContent": false,
    "adultScore": 0.01843661069869995,
    "racyScore": 0.019728703424334526,
    "goreScore": 0.004730978514999151
  },
  "color": {
    "dominantColorForeground": "Black",
    "dominantColorBackground": "Black",
    "dominantColors": [
      "Black"
    ],
    "accentColor": "0E3676",
    "isBWImg": false
  },
  "imageType": {
    "clipArtType": 0,
    "lineDrawingType": 0
  },
  "tags": [
    {
      "name": "human face",
      "confidence": 0.991318941116333
    },
    {
      "name": "person",
      "confidence": 0.9782472252845764
    },
    {
      "name": "screenshot",
      "confidence": 0.943834662437439
    },
    {
      "name": "eyebrow",
      "confidence": 0.9398013949394226
    },
    {
      "name": "human",
      "confidence": 0.9330338835716248
    },
    {
      "name": "black",
      "confidence": 0.9196298122406006
    },
    {
      "name": "forehead",
      "confidence": 0.911994218826294
    },
    {
      "name": "jaw",
      "confidence": 0.8910350799560547
    },
    {
      "name": "chin",
      "confidence": 0.8809529542922974
    },
    {
      "name": "cheek",
      "confidence": 0.8727142810821533
    },
    {
      "name": "lip",
      "confidence": 0.8633572459220886
    },
    {
      "name": "skin",
      "confidence": 0.8582429885864258
    },
    {
      "name": "portrait",
      "confidence": 0.7779886722564697
    }
  ],
  "description": {
    "tags": [
      "person",
      "dark"
    ],
    "captions": [
      {
        "text": "Neil Tennant with a mustache",
        "confidence": 0.2834566831588745
      }
    ]
  },
  "faces": [
    {
      "age": 30,
      "gender": "Male",
      "faceRectangle": {
        "left": 370,
        "top": 53,
        "width": 615,
        "height": 615
      }
    }
  ],
  "objects": [
    {
      "rectangle": {
        "x": 197,
        "y": 25,
        "w": 667,
        "h": 695
      },
      "object": "person",
      "confidence": 0.816
    }
  ],
  "brands": [],
  "requestId": "a63542fd-89c7-4355-ad89-0fa2acd00ed5",
  "metadata": {
    "width": 1280,
    "height": 720,
    "format": "Png"
  },
  "modelVersion": "2021-05-01"
}