{
  "categories": [
    {
      "name": "abstract_",
      "score": 0.00390625
    },
    {
      "name": "others_",
      "score": 0.046875
    },
    {
      "name": "outdoor_",
      "score": 0.00390625,
      "detail": {
        "landmarks": []
      }
    }
  ],
  "adult": {
    "isAdultContent": false,
    "isRacyContent": false,
    "isGoryContent": false,
    "adultScore": 0.005717493128031492,
    "racyScore": 0.006313931662589312,
    "goreScore": 0.01804766058921814
  },
  "color": {
    "dominantColorForeground": "Black",
    "dominantColorBackground": "Black",
    "dominantColors": [
      "Black",
      "Blue"
    ],
    "accentColor": "0759C4",
    "isBWImg": false
  },
  "imageType": {
    "clipArtType": 0,
    "lineDrawingType": 0
  },
  "tags": [
    {
      "name": "human face",
      "confidence": 0.9913648366928101
    },
    {
      "name": "person",
      "confidence": 0.9589451551437378
    },
    {
      "name": "screenshot",
      "confidence": 0.8539944291114807
    },
    {
      "name": "hat",
      "confidence": 0.6580693125724792
    },
    {
      "name": "indoor",
      "confidence": 0.5821459293365479
    },
    {
      "name": "dark",
      "confidence": 0.5516626834869385
    },
    {
      "name": "portrait",
      "confidence": 0.45792314410209656
    }
  ],
  "description": {
    "tags": [
      "man",
      "person"
    ],
    "captions": [
      {
        "text": "a man wearing a hat",
        "confidence": 0.47087571024894714
      }
    ]
  },
  "faces": [],
  "objects": [
    {
      "rectangle": {
        "x": 13,
        "y": 28,
        "w": 892,
        "h": 692
      },
      "object": "person",
      "confidence": 0.693
    }
  ],
  "brands": [],
  "requestId": "ec928413-4fac-4ba6-90f3-59ae8a486798",
  "metadata": {
    "width": 1280,
    "height": 720,
    "format": "Png"
  },
  "modelVersion": "2021-05-01"
}