{
  "categories": [
    {
      "name": "others_",
      "score": 0.00390625
    },
    {
      "name": "people_",
      "score": 0.37890625
    }
  ],
  "adult": {
    "isAdultContent": false,
    "isRacyContent": false,
    "isGoryContent": false,
    "adultScore": 0.0065091270953416824,
    "racyScore": 0.008558366447687149,
    "goreScore": 0.0005769822164438665
  },
  "color": {
    "dominantColorForeground": "Black",
    "dominantColorBackground": "Black",
    "dominantColors": [
      "Black"
    ],
    "accentColor": "364768",
    "isBWImg": false
  },
  "imageType": {
    "clipArtType": 0,
    "lineDrawingType": 0
  },
  "tags": [
    {
      "name": "human face",
      "confidence": 0.99464350938797
    },
    {
      "name": "clothing",
      "confidence": 0.9809257984161377
    },
    {
      "name": "man",
      "confidence": 0.964591920375824
    },
    {
      "name": "person",
      "confidence": 0.9580587148666382
    },
    {
      "name": "screenshot",
      "confidence": 0.9198906421661377
    },
    {
      "name": "darkness",
      "confidence": 0.8681133389472961
    },
    {
      "name": "gentleman",
      "confidence": 0.8400825262069702
    },
    {
      "name": "indoor",
      "confidence": 0.6525846719741821
    },
    {
      "name": "dark",
      "confidence": 0.569500744342804
    },
    {
      "name": "musician",
      "confidence": 0.4316064119338989
    }
  ],
  "description": {
    "tags": [
      "person",
      "indoor"
    ],
    "captions": [
      {
        "text": "a man holding a gun",
        "confidence": 0.3942813277244568
      }
    ]
  },
  "faces": [],
  "objects": [
    {
      "rectangle": {
        "x": 189,
        "y": 34,
        "w": 389,
        "h": 543
      },
      "object": "person",
      "confidence": 0.634
    },
    {
      "rectangle": {
        "x": 709,
        "y": 101,
        "w": 400,
        "h": 550
      },
      "object": "person",
      "confidence": 0.847
    }
  ],
  "brands": [],
  "requestId": "6afd064b-964e-4a85-b8cf-fd8e34ac0e19",
  "metadata": {
    "width": 1280,
    "height": 720,
    "format": "Png"
  },
  "modelVersion": "2021-05-01"
}