{
  "categories": [
    {
      "name": "others_",
      "score": 0.00390625
    },
    {
      "name": "people_",
      "score": 0.453125
    }
  ],
  "adult": {
    "isAdultContent": false,
    "isRacyContent": false,
    "isGoryContent": false,
    "adultScore": 0.004914818797260523,
    "racyScore": 0.006424388848245144,
    "goreScore": 0.0006388516048900783
  },
  "color": {
    "dominantColorForeground": "Black",
    "dominantColorBackground": "Black",
    "dominantColors": [
      "Black"
    ],
    "accentColor": "1F5BAC",
    "isBWImg": false
  },
  "imageType": {
    "clipArtType": 0,
    "lineDrawingType": 0
  },
  "tags": [
    {
      "name": "human face",
      "confidence": 0.9869217872619629
    },
    {
      "name": "clothing",
      "confidence": 0.9348838925361633
    },
    {
      "name": "man",
      "confidence": 0.9172821044921875
    },
    {
      "name": "person",
      "confidence": 0.9169836044311523
    },
    {
      "name": "screenshot",
      "confidence": 0.9122050404548645
    },
    {
      "name": "darkness",
      "confidence": 0.8879963159561157
    },
    {
      "name": "black",
      "confidence": 0.8560994863510132
    },
    {
      "name": "gentleman",
      "confidence": 0.851864755153656
    },
    {
      "name": "dark",
      "confidence": 0.5853036046028137
    },
    {
      "name": "indoor",
      "confidence": 0.5252017974853516
    }
  ],
  "description": {
    "tags": [
      "person",
      "man",
      "indoor",
      "dark"
    ],
    "captions": [
      {
        "text": "a group of men in a dark room",
        "confidence": 0.4023650586605072
      }
    ]
  },
  "faces": [],
  "objects": [
    {
      "rectangle": {
        "x": 192,
        "y": 44,
        "w": 391,
        "h": 533
      },
      "object": "person",
      "confidence": 0.649
    },
    {
      "rectangle": {
        "x": 716,
        "y": 82,
        "w": 390,
        "h": 571
      },
      "object": "person",
      "confidence": 0.828
    }
  ],
  "brands": [],
  "requestId": "efa797a4-8017-4fa2-a312-5db44ef0c1bf",
  "metadata": {
    "width": 1280,
    "height": 720,
    "format": "Png"
  },
  "modelVersion": "2021-05-01"
}