{
  "categories": [
    {
      "name": "abstract_",
      "score": 0.00390625
    },
    {
      "name": "others_",
      "score": 0.01953125
    }
  ],
  "adult": {
    "isAdultContent": false,
    "isRacyContent": false,
    "isGoryContent": false,
    "adultScore": 0.7877235412597656,
    "racyScore": 0.9187754988670349,
    "goreScore": 0.003939594142138958
  },
  "color": {
    "dominantColorForeground": "Brown",
    "dominantColorBackground": "Black",
    "dominantColors": [
      "Black",
      "Brown"
    ],
    "accentColor": "281F08",
    "isBWImg": false
  },
  "imageType": {
    "clipArtType": 0,
    "lineDrawingType": 0
  },
  "tags": [
    {
      "name": "indoor",
      "confidence": 0.9501591324806213
    },
    {
      "name": "curtain",
      "confidence": 0.8854911923408508
    },
    {
      "name": "photograph",
      "confidence": 0.8754698038101196
    },
    {
      "name": "wall",
      "confidence": 0.7663751840591431
    },
    {
      "name": "room",
      "confidence": 0.680188775062561
    },
    {
      "name": "night",
      "confidence": 0.5428895354270935
    },
    {
      "name": "dark",
      "confidence": 0.4525562524795532
    }
  ],
  "description": {
    "tags": [
      "indoor",
      "dark",
      "light"
    ],
    "captions": [
      {
        "text": "a person in a garment",
        "confidence": 0.4529457688331604
      }
    ]
  },
  "faces": [],
  "objects": [
    {
      "rectangle": {
        "x": 611,
        "y": 267,
        "w": 239,
        "h": 437
      },
      "object": "person",
      "confidence": 0.557
    },
    {
      "rectangle": {
        "x": 10,
        "y": 21,
        "w": 375,
        "h": 559
      },
      "object": "Curtain",
      "confidence": 0.533
    }
  ],
  "brands": [],
  "requestId": "9e7cb742-57cc-4d09-b1e6-2706f8df35ef",
  "metadata": {
    "width": 1280,
    "height": 720,
    "format": "Png"
  },
  "modelVersion": "2021-05-01"
}