{
  "categories": [
    {
      "name": "abstract_",
      "score": 0.00390625
    },
    {
      "name": "others_",
      "score": 0.13671875
    }
  ],
  "adult": {
    "isAdultContent": false,
    "isRacyContent": false,
    "isGoryContent": false,
    "adultScore": 0.02762470208108425,
    "racyScore": 0.04540398716926575,
    "goreScore": 0.010605694726109505
  },
  "color": {
    "dominantColorForeground": "Blue",
    "dominantColorBackground": "Blue",
    "dominantColors": [
      "Blue"
    ],
    "accentColor": "115EBA",
    "isBWImg": false
  },
  "imageType": {
    "clipArtType": 0,
    "lineDrawingType": 0
  },
  "tags": [
    {
      "name": "person",
      "confidence": 0.985450029373169
    },
    {
      "name": "human face",
      "confidence": 0.9818986654281616
    },
    {
      "name": "headdress",
      "confidence": 0.980484127998352
    },
    {
      "name": "clothing",
      "confidence": 0.9502004384994507
    },
    {
      "name": "hat",
      "confidence": 0.9171528220176697
    },
    {
      "name": "headgear",
      "confidence": 0.9082388877868652
    },
    {
      "name": "cap",
      "confidence": 0.8797844648361206
    },
    {
      "name": "wearing",
      "confidence": 0.6358087658882141
    }
  ],
  "description": {
    "tags": [
      "person",
      "headdress",
      "hat",
      "blue"
    ],
    "captions": [
      {
        "text": "a man wearing a hat",
        "confidence": 0.3932152986526489
      }
    ]
  },
  "faces": [],
  "objects": [
    {
      "rectangle": {
        "x": 0,
        "y": 15,
        "w": 636,
        "h": 426
      },
      "object": "Sun hat",
      "confidence": 0.624,
      "parent": {
        "object": "hat",
        "confidence": 0.824,
        "parent": {
          "object": "headwear",
          "confidence": 0.863
        }
      }
    },
    {
      "rectangle": {
        "x": 11,
        "y": 7,
        "w": 888,
        "h": 713
      },
      "object": "person",
      "confidence": 0.614
    }
  ],
  "brands": [],
  "requestId": "d048c734-4f2a-46a6-8caf-224ae4ea5e0b",
  "metadata": {
    "width": 1280,
    "height": 720,
    "format": "Png"
  },
  "modelVersion": "2021-05-01"
}