{
  "categories": [
    {
      "name": "abstract_",
      "score": 0.0078125
    },
    {
      "name": "dark_",
      "score": 0.4375
    },
    {
      "name": "others_",
      "score": 0.01953125
    }
  ],
  "adult": {
    "isAdultContent": false,
    "isRacyContent": false,
    "isGoryContent": false,
    "adultScore": 0.00740636233240366,
    "racyScore": 0.013036544434726238,
    "goreScore": 0.0008176973788067698
  },
  "color": {
    "dominantColorForeground": "Black",
    "dominantColorBackground": "Black",
    "dominantColors": [
      "Black"
    ],
    "accentColor": "2550A6",
    "isBWImg": false
  },
  "imageType": {
    "clipArtType": 1,
    "lineDrawingType": 0
  },
  "tags": [
    {
      "name": "darkness",
      "confidence": 0.9722371101379395
    },
    {
      "name": "black",
      "confidence": 0.9523543119430542
    },
    {
      "name": "night",
      "confidence": 0.7329181432723999
    },
    {
      "name": "light",
      "confidence": 0.6587694883346558
    },
    {
      "name": "dark",
      "confidence": 0.5943759083747864
    }
  ],
  "description": {
    "tags": [
      "dark",
      "night sky"
    ],
    "captions": [
      {
        "text": "a person in a dark room",
        "confidence": 0.38815736770629883
      }
    ]
  },
  "faces": [],
  "objects": [],
  "brands": [],
  "requestId": "a272eedb-f813-47c0-a45c-0ae789317501",
  "metadata": {
    "width": 1280,
    "height": 720,
    "format": "Png"
  },
  "modelVersion": "2021-05-01"
}