{
  "categories": [
    {
      "name": "others_",
      "score": 0.00390625
    },
    {
      "name": "people_",
      "score": 0.5
    }
  ],
  "adult": {
    "isAdultContent": false,
    "isRacyContent": false,
    "isGoryContent": false,
    "adultScore": 0.011414187029004097,
    "racyScore": 0.012955249287188053,
    "goreScore": 0.0009370719781145453
  },
  "color": {
    "dominantColorForeground": "Black",
    "dominantColorBackground": "Black",
    "dominantColors": [
      "Black"
    ],
    "accentColor": "1455B7",
    "isBWImg": false
  },
  "imageType": {
    "clipArtType": 0,
    "lineDrawingType": 0
  },
  "tags": [
    {
      "name": "human face",
      "confidence": 0.9926178455352783
    },
    {
      "name": "clothing",
      "confidence": 0.9695911407470703
    },
    {
      "name": "person",
      "confidence": 0.9664117097854614
    },
    {
      "name": "man",
      "confidence": 0.899215817451477
    },
    {
      "name": "indoor",
      "confidence": 0.7145487666130066
    },
    {
      "name": "wearing",
      "confidence": 0.5745830535888672
    }
  ],
  "description": {
    "tags": [
      "person",
      "man",
      "indoor"
    ],
    "captions": [
      {
        "text": "a group of men in a room",
        "confidence": 0.48196297883987427
      }
    ]
  },
  "faces": [],
  "objects": [
    {
      "rectangle": {
        "x": 199,
        "y": 28,
        "w": 378,
        "h": 559
      },
      "object": "person",
      "confidence": 0.525
    },
    {
      "rectangle": {
        "x": 430,
        "y": 59,
        "w": 389,
        "h": 563
      },
      "object": "person",
      "confidence": 0.766
    },
    {
      "rectangle": {
        "x": 703,
        "y": 35,
        "w": 411,
        "h": 613
      },
      "object": "person",
      "confidence": 0.801
    }
  ],
  "brands": [],
  "requestId": "1f85373e-cd78-4095-a30f-bb0aa16ccfa3",
  "metadata": {
    "width": 1280,
    "height": 720,
    "format": "Png"
  },
  "modelVersion": "2021-05-01"
}