{
  "categories": [
    {
      "name": "people_portrait",
      "score": 0.66796875,
      "detail": {
        "celebrities": []
      }
    }
  ],
  "adult": {
    "isAdultContent": false,
    "isRacyContent": false,
    "isGoryContent": false,
    "adultScore": 0.0012454814277589321,
    "racyScore": 0.002144008409231901,
    "goreScore": 0.00027566723292693496
  },
  "color": {
    "dominantColorForeground": "Black",
    "dominantColorBackground": "Black",
    "dominantColors": [
      "Black",
      "Grey"
    ],
    "accentColor": "282A20",
    "isBWImg": false
  },
  "imageType": {
    "clipArtType": 0,
    "lineDrawingType": 0
  },
  "tags": [
    {
      "name": "human face",
      "confidence": 0.9978450536727905
    },
    {
      "name": "person",
      "confidence": 0.9940320253372192
    },
    {
      "name": "clothing",
      "confidence": 0.958799421787262
    },
    {
      "name": "man",
      "confidence": 0.9172747135162354
    },
    {
      "name": "chin",
      "confidence": 0.8778753280639648
    },
    {
      "name": "human",
      "confidence": 0.8463116884231567
    },
    {
      "name": "hat",
      "confidence": 0.6086231470108032
    },
    {
      "name": "wearing",
      "confidence": 0.561140775680542
    }
  ],
  "description": {
    "tags": [
      "person",
      "indoor",
      "wall",
      "man",
      "looking"
    ],
    "captions": [
      {
        "text": "a person looking at another man",
        "confidence": 0.5023407936096191
      }
    ]
  },
  "faces": [
    {
      "age": 28,
      "gender": "Male",
      "faceRectangle": {
        "left": 354,
        "top": 177,
        "width": 387,
        "height": 387
      }
    }
  ],
  "objects": [
    {
      "rectangle": {
        "x": 651,
        "y": 14,
        "w": 611,
        "h": 706
      },
      "object": "person",
      "confidence": 0.772
    },
    {
      "rectangle": {
        "x": 223,
        "y": 0,
        "w": 526,
        "h": 262
      },
      "object": "hat",
      "confidence": 0.645,
      "parent": {
        "object": "headwear",
        "confidence": 0.814
      }
    },
    {
      "rectangle": {
        "x": 35,
        "y": 15,
        "w": 822,
        "h": 705
      },
      "object": "person",
      "confidence": 0.922
    }
  ],
  "brands": [],
  "requestId": "f9253d4b-1cb3-4e77-8474-33bce18f2e0c",
  "metadata": {
    "width": 1280,
    "height": 720,
    "format": "Png"
  },
  "modelVersion": "2021-05-01"
}