{
  "categories": [
    {
      "name": "others_",
      "score": 0.01171875
    }
  ],
  "adult": {
    "isAdultContent": false,
    "isRacyContent": false,
    "isGoryContent": false,
    "adultScore": 0.0061729541048407555,
    "racyScore": 0.007598876953125,
    "goreScore": 0.0005335986497811973
  },
  "color": {
    "dominantColorForeground": "Black",
    "dominantColorBackground": "Black",
    "dominantColors": [
      "Black"
    ],
    "accentColor": "1F59AC",
    "isBWImg": false
  },
  "imageType": {
    "clipArtType": 0,
    "lineDrawingType": 0
  },
  "tags": [
    {
      "name": "human face",
      "confidence": 0.9950676560401917
    },
    {
      "name": "clothing",
      "confidence": 0.9796171188354492
    },
    {
      "name": "person",
      "confidence": 0.9780491590499878
    },
    {
      "name": "screenshot",
      "confidence": 0.9220371246337891
    },
    {
      "name": "man",
      "confidence": 0.8881985545158386
    },
    {
      "name": "indoor",
      "confidence": 0.780593752861023
    },
    {
      "name": "wearing",
      "confidence": 0.5819366574287415
    }
  ],
  "description": {
    "tags": [
      "person",
      "man",
      "indoor",
      "dark",
      "necktie"
    ],
    "captions": [
      {
        "text": "a group of men in a dark room",
        "confidence": 0.4644618332386017
      }
    ]
  },
  "faces": [],
  "objects": [
    {
      "rectangle": {
        "x": 176,
        "y": 57,
        "w": 422,
        "h": 569
      },
      "object": "person",
      "confidence": 0.676
    },
    {
      "rectangle": {
        "x": 687,
        "y": 67,
        "w": 443,
        "h": 580
      },
      "object": "person",
      "confidence": 0.842
    }
  ],
  "brands": [],
  "requestId": "409fefb6-69fc-493b-8a91-3dc711b12879",
  "metadata": {
    "width": 1280,
    "height": 720,
    "format": "Png"
  },
  "modelVersion": "2021-05-01"
}