{
  "categories": [
    {
      "name": "abstract_",
      "score": 0.01953125
    },
    {
      "name": "others_",
      "score": 0.02734375
    },
    {
      "name": "outdoor_",
      "score": 0.00390625,
      "detail": {
        "landmarks": []
      }
    }
  ],
  "adult": {
    "isAdultContent": false,
    "isRacyContent": false,
    "isGoryContent": false,
    "adultScore": 0.007435934618115425,
    "racyScore": 0.03968847543001175,
    "goreScore": 0.0017125792801380157
  },
  "color": {
    "dominantColorForeground": "White",
    "dominantColorBackground": "Grey",
    "dominantColors": [
      "Grey",
      "Black"
    ],
    "accentColor": "5C4F3B",
    "isBWImg": false
  },
  "imageType": {
    "clipArtType": 0,
    "lineDrawingType": 0
  },
  "tags": [
    {
      "name": "person",
      "confidence": 0.944582462310791
    },
    {
      "name": "blurry",
      "confidence": 0.9375362396240234
    },
    {
      "name": "clothing",
      "confidence": 0.9034751057624817
    },
    {
      "name": "fog",
      "confidence": 0.8716075420379639
    },
    {
      "name": "snapshot",
      "confidence": 0.8444393873214722
    },
    {
      "name": "street",
      "confidence": 0.644562304019928
    },
    {
      "name": "outdoor",
      "confidence": 0.5780297517776489
    },
    {
      "name": "smoke",
      "confidence": 0.41216617822647095
    }
  ],
  "description": {
    "tags": [],
    "captions": [
      {
        "text": "a blurry image of a person holding a white object",
        "confidence": 0.3980679214000702
      }
    ]
  },
  "faces": [],
  "objects": [
    {
      "rectangle": {
        "x": 8,
        "y": 44,
        "w": 592,
        "h": 653
      },
      "object": "animal",
      "confidence": 0.714
    }
  ],
  "brands": [],
  "requestId": "6f4482c3-5213-4773-a062-60732d8a290e",
  "metadata": {
    "width": 1280,
    "height": 720,
    "format": "Png"
  },
  "modelVersion": "2021-05-01"
}