{
  "categories": [
    {
      "name": "others_",
      "score": 0.0078125
    },
    {
      "name": "people_",
      "score": 0.57421875
    }
  ],
  "adult": {
    "isAdultContent": false,
    "isRacyContent": false,
    "isGoryContent": false,
    "adultScore": 0.006335574667900801,
    "racyScore": 0.007364582270383835,
    "goreScore": 0.0005681468755938113
  },
  "color": {
    "dominantColorForeground": "Black",
    "dominantColorBackground": "Black",
    "dominantColors": [
      "Black"
    ],
    "accentColor": "1559B6",
    "isBWImg": false
  },
  "imageType": {
    "clipArtType": 0,
    "lineDrawingType": 0
  },
  "tags": [
    {
      "name": "human face",
      "confidence": 0.9945964813232422
    },
    {
      "name": "clothing",
      "confidence": 0.9789954423904419
    },
    {
      "name": "person",
      "confidence": 0.9650194644927979
    },
    {
      "name": "man",
      "confidence": 0.8670922517776489
    },
    {
      "name": "screenshot",
      "confidence": 0.8569962978363037
    },
    {
      "name": "indoor",
      "confidence": 0.6898051500320435
    }
  ],
  "description": {
    "tags": [
      "person",
      "man",
      "dark"
    ],
    "captions": [
      {
        "text": "a man in a suit",
        "confidence": 0.2537219822406769
      }
    ]
  },
  "faces": [],
  "objects": [
    {
      "rectangle": {
        "x": 189,
        "y": 32,
        "w": 409,
        "h": 548
      },
      "object": "person",
      "confidence": 0.724
    },
    {
      "rectangle": {
        "x": 707,
        "y": 45,
        "w": 408,
        "h": 601
      },
      "object": "person",
      "confidence": 0.808
    }
  ],
  "brands": [],
  "requestId": "d704ab88-73bd-43ae-81e2-a6853e715b36",
  "metadata": {
    "width": 1280,
    "height": 720,
    "format": "Png"
  },
  "modelVersion": "2021-05-01"
}