{
  "categories": [
    {
      "name": "others_",
      "score": 0.00390625
    },
    {
      "name": "people_",
      "score": 0.46875
    }
  ],
  "adult": {
    "isAdultContent": false,
    "isRacyContent": false,
    "isGoryContent": false,
    "adultScore": 0.00530040031298995,
    "racyScore": 0.0064581651240587234,
    "goreScore": 0.0006482299650087953
  },
  "color": {
    "dominantColorForeground": "Black",
    "dominantColorBackground": "Black",
    "dominantColors": [
      "Black"
    ],
    "accentColor": "175FB4",
    "isBWImg": false
  },
  "imageType": {
    "clipArtType": 0,
    "lineDrawingType": 0
  },
  "tags": [
    {
      "name": "human face",
      "confidence": 0.9885558485984802
    },
    {
      "name": "clothing",
      "confidence": 0.972729504108429
    },
    {
      "name": "person",
      "confidence": 0.9692872166633606
    },
    {
      "name": "man",
      "confidence": 0.9647610187530518
    },
    {
      "name": "indoor",
      "confidence": 0.734433650970459
    },
    {
      "name": "music",
      "confidence": 0.6682875156402588
    },
    {
      "name": "band",
      "confidence": 0.5947884917259216
    }
  ],
  "description": {
    "tags": [
      "indoor",
      "person",
      "man"
    ],
    "captions": [
      {
        "text": "a group of men in a room",
        "confidence": 0.42014122009277344
      }
    ]
  },
  "faces": [],
  "objects": [
    {
      "rectangle": {
        "x": 195,
        "y": 32,
        "w": 406,
        "h": 551
      },
      "object": "person",
      "confidence": 0.584
    },
    {
      "rectangle": {
        "x": 704,
        "y": 74,
        "w": 409,
        "h": 569
      },
      "object": "person",
      "confidence": 0.824
    }
  ],
  "brands": [],
  "requestId": "3cf3cb75-c3f9-4433-8e20-ef1e3e0775be",
  "metadata": {
    "width": 1280,
    "height": 720,
    "format": "Png"
  },
  "modelVersion": "2021-05-01"
}