{
  "categories": [
    {
      "name": "abstract_",
      "score": 0.00390625
    },
    {
      "name": "others_",
      "score": 0.01953125
    },
    {
      "name": "people_portrait",
      "score": 0.41796875,
      "detail": {
        "celebrities": []
      }
    }
  ],
  "adult": {
    "isAdultContent": false,
    "isRacyContent": false,
    "isGoryContent": false,
    "adultScore": 0.010063051246106625,
    "racyScore": 0.017345715314149857,
    "goreScore": 0.35887712240219116
  },
  "color": {
    "dominantColorForeground": "Black",
    "dominantColorBackground": "Black",
    "dominantColors": [
      "Black",
      "Brown"
    ],
    "accentColor": "683F2B",
    "isBWImg": false
  },
  "imageType": {
    "clipArtType": 0,
    "lineDrawingType": 0
  },
  "tags": [
    {
      "name": "human face",
      "confidence": 0.9475946426391602
    },
    {
      "name": "person",
      "confidence": 0.9110684394836426
    },
    {
      "name": "head covering",
      "confidence": 0.7493714094161987
    },
    {
      "name": "woman",
      "confidence": 0.7271944284439087
    },
    {
      "name": "night",
      "confidence": 0.5260872840881348
    }
  ],
  "description": {
    "tags": [],
    "captions": [
      {
        "text": "a person with a large head of fire on the face",
        "confidence": 0.2614971101284027
      }
    ]
  },
  "faces": [
    {
      "age": 4,
      "gender": "Male",
      "faceRectangle": {
        "left": 414,
        "top": 146,
        "width": 410,
        "height": 410
      }
    }
  ],
  "objects": [
    {
      "rectangle": {
        "x": 305,
        "y": 24,
        "w": 580,
        "h": 683
      },
      "object": "person",
      "confidence": 0.65
    }
  ],
  "brands": [],
  "requestId": "688bdff8-adf6-4901-be0b-7350d0047dc6",
  "metadata": {
    "width": 1280,
    "height": 720,
    "format": "Png"
  },
  "modelVersion": "2021-05-01"
}