{
  "categories": [
    {
      "name": "others_",
      "score": 0.0078125
    },
    {
      "name": "people_",
      "score": 0.35546875
    }
  ],
  "adult": {
    "isAdultContent": false,
    "isRacyContent": false,
    "isGoryContent": false,
    "adultScore": 0.005063764750957489,
    "racyScore": 0.006210769526660442,
    "goreScore": 0.0005743516376242042
  },
  "color": {
    "dominantColorForeground": "Black",
    "dominantColorBackground": "Black",
    "dominantColors": [
      "Black"
    ],
    "accentColor": "1E5DAD",
    "isBWImg": false
  },
  "imageType": {
    "clipArtType": 0,
    "lineDrawingType": 0
  },
  "tags": [
    {
      "name": "human face",
      "confidence": 0.9942678213119507
    },
    {
      "name": "clothing",
      "confidence": 0.9899083375930786
    },
    {
      "name": "person",
      "confidence": 0.9818563461303711
    },
    {
      "name": "man",
      "confidence": 0.938694953918457
    },
    {
      "name": "hat",
      "confidence": 0.8727370500564575
    },
    {
      "name": "gentleman",
      "confidence": 0.8619173765182495
    },
    {
      "name": "indoor",
      "confidence": 0.7186161875724792
    },
    {
      "name": "wearing",
      "confidence": 0.5728598833084106
    }
  ],
  "description": {
    "tags": [
      "person",
      "indoor",
      "man",
      "dark"
    ],
    "captions": [
      {
        "text": "a group of men in a room",
        "confidence": 0.4395096004009247
      }
    ]
  },
  "faces": [],
  "objects": [
    {
      "rectangle": {
        "x": 455,
        "y": 30,
        "w": 408,
        "h": 549
      },
      "object": "person",
      "confidence": 0.583
    },
    {
      "rectangle": {
        "x": 192,
        "y": 66,
        "w": 380,
        "h": 554
      },
      "object": "person",
      "confidence": 0.547
    },
    {
      "rectangle": {
        "x": 739,
        "y": 45,
        "w": 418,
        "h": 604
      },
      "object": "person",
      "confidence": 0.793
    }
  ],
  "brands": [],
  "requestId": "c89f4d37-40af-4779-88b6-8611ea3b4127",
  "metadata": {
    "width": 1280,
    "height": 720,
    "format": "Png"
  },
  "modelVersion": "2021-05-01"
}