{
  "categories": [
    {
      "name": "others_",
      "score": 0.00390625
    },
    {
      "name": "people_",
      "score": 0.44921875
    }
  ],
  "adult": {
    "isAdultContent": false,
    "isRacyContent": false,
    "isGoryContent": false,
    "adultScore": 0.003856122260913253,
    "racyScore": 0.0050249239429831505,
    "goreScore": 0.0005178535939194262
  },
  "color": {
    "dominantColorForeground": "Black",
    "dominantColorBackground": "Black",
    "dominantColors": [
      "Black"
    ],
    "accentColor": "145AB7",
    "isBWImg": false
  },
  "imageType": {
    "clipArtType": 0,
    "lineDrawingType": 0
  },
  "tags": [
    {
      "name": "human face",
      "confidence": 0.9935109615325928
    },
    {
      "name": "clothing",
      "confidence": 0.9790331721305847
    },
    {
      "name": "person",
      "confidence": 0.9519649147987366
    },
    {
      "name": "man",
      "confidence": 0.9130837321281433
    },
    {
      "name": "screenshot",
      "confidence": 0.9048978686332703
    },
    {
      "name": "darkness",
      "confidence": 0.8752187490463257
    },
    {
      "name": "gentleman",
      "confidence": 0.8645232915878296
    },
    {
      "name": "dark",
      "confidence": 0.6120283603668213
    },
    {
      "name": "indoor",
      "confidence": 0.5859119892120361
    }
  ],
  "description": {
    "tags": [
      "person",
      "man",
      "indoor",
      "dark"
    ],
    "captions": [
      {
        "text": "a man holding a gun",
        "confidence": 0.37713104486465454
      }
    ]
  },
  "faces": [],
  "objects": [
    {
      "rectangle": {
        "x": 190,
        "y": 41,
        "w": 408,
        "h": 536
      },
      "object": "person",
      "confidence": 0.682
    },
    {
      "rectangle": {
        "x": 703,
        "y": 69,
        "w": 413,
        "h": 575
      },
      "object": "person",
      "confidence": 0.831
    }
  ],
  "brands": [],
  "requestId": "6fa4ebec-3242-436f-8fbb-bc50c08c74e3",
  "metadata": {
    "width": 1280,
    "height": 720,
    "format": "Png"
  },
  "modelVersion": "2021-05-01"
}