{
  "categories": [
    {
      "name": "others_",
      "score": 0.00390625
    },
    {
      "name": "people_",
      "score": 0.40625,
      "detail": {
        "celebrities": []
      }
    }
  ],
  "adult": {
    "isAdultContent": false,
    "isRacyContent": false,
    "isGoryContent": false,
    "adultScore": 0.0043861474841833115,
    "racyScore": 0.006263088900595903,
    "goreScore": 0.0005318060866557062
  },
  "color": {
    "dominantColorForeground": "Black",
    "dominantColorBackground": "Black",
    "dominantColors": [
      "Black"
    ],
    "accentColor": "1F4175",
    "isBWImg": false
  },
  "imageType": {
    "clipArtType": 0,
    "lineDrawingType": 0
  },
  "tags": [
    {
      "name": "human face",
      "confidence": 0.992316484451294
    },
    {
      "name": "clothing",
      "confidence": 0.9823116064071655
    },
    {
      "name": "person",
      "confidence": 0.9715497493743896
    },
    {
      "name": "man",
      "confidence": 0.9027973413467407
    },
    {
      "name": "gentleman",
      "confidence": 0.8732360601425171
    },
    {
      "name": "darkness",
      "confidence": 0.8665380477905273
    },
    {
      "name": "screenshot",
      "confidence": 0.8650582432746887
    },
    {
      "name": "indoor",
      "confidence": 0.6809021234512329
    },
    {
      "name": "dark",
      "confidence": 0.5572696924209595
    },
    {
      "name": "music",
      "confidence": 0.49781501293182373
    },
    {
      "name": "musician",
      "confidence": 0.42189323902130127
    }
  ],
  "description": {
    "tags": [
      "person",
      "man",
      "dark"
    ],
    "captions": [
      {
        "text": "a man in a suit and tie",
        "confidence": 0.3005965054035187
      }
    ]
  },
  "faces": [
    {
      "age": 26,
      "gender": "Male",
      "faceRectangle": {
        "left": 838,
        "top": 104,
        "width": 166,
        "height": 166
      }
    }
  ],
  "objects": [
    {
      "rectangle": {
        "x": 196,
        "y": 46,
        "w": 396,
        "h": 526
      },
      "object": "person",
      "confidence": 0.769
    },
    {
      "rectangle": {
        "x": 696,
        "y": 77,
        "w": 425,
        "h": 577
      },
      "object": "person",
      "confidence": 0.855
    }
  ],
  "brands": [],
  "requestId": "b3dd7a5c-7460-4385-821f-ad7108a8374e",
  "metadata": {
    "width": 1280,
    "height": 720,
    "format": "Png"
  },
  "modelVersion": "2021-05-01"
}