{
  "categories": [
    {
      "name": "others_",
      "score": 0.0234375
    },
    {
      "name": "people_",
      "score": 0.45703125,
      "detail": {
        "celebrities": []
      }
    }
  ],
  "adult": {
    "isAdultContent": false,
    "isRacyContent": false,
    "isGoryContent": false,
    "adultScore": 0.007228636648505926,
    "racyScore": 0.009315830655395985,
    "goreScore": 0.0007570161833427846
  },
  "color": {
    "dominantColorForeground": "Black",
    "dominantColorBackground": "Black",
    "dominantColors": [
      "Black"
    ],
    "accentColor": "1156BA",
    "isBWImg": false
  },
  "imageType": {
    "clipArtType": 0,
    "lineDrawingType": 0
  },
  "tags": [
    {
      "name": "human face",
      "confidence": 0.9894933700561523
    },
    {
      "name": "person",
      "confidence": 0.973753035068512
    },
    {
      "name": "clothing",
      "confidence": 0.9572688937187195
    },
    {
      "name": "man",
      "confidence": 0.9445877075195312
    },
    {
      "name": "screenshot",
      "confidence": 0.8749684691429138
    },
    {
      "name": "indoor",
      "confidence": 0.8120775818824768
    }
  ],
  "description": {
    "tags": [
      "person",
      "man",
      "indoor"
    ],
    "captions": [
      {
        "text": "a group of people in a vehicle",
        "confidence": 0.4736432433128357
      }
    ]
  },
  "faces": [
    {
      "age": 22,
      "gender": "Female",
      "faceRectangle": {
        "left": 254,
        "top": 215,
        "width": 150,
        "height": 150
      }
    }
  ],
  "objects": [
    {
      "rectangle": {
        "x": 183,
        "y": 38,
        "w": 394,
        "h": 534
      },
      "object": "person",
      "confidence": 0.694
    },
    {
      "rectangle": {
        "x": 660,
        "y": 31,
        "w": 466,
        "h": 627
      },
      "object": "person",
      "confidence": 0.749
    }
  ],
  "brands": [],
  "requestId": "3b317eaf-ad6f-40d4-b139-b300a8b8a4c9",
  "metadata": {
    "width": 1280,
    "height": 720,
    "format": "Png"
  },
  "modelVersion": "2021-05-01"
}