{
  "categories": [
    {
      "name": "others_",
      "score": 0.0078125
    }
  ],
  "adult": {
    "isAdultContent": false,
    "isRacyContent": false,
    "isGoryContent": false,
    "adultScore": 0.0003834271337836981,
    "racyScore": 0.0012473869137465954,
    "goreScore": 0.00011906400322914124
  },
  "color": {
    "dominantColorForeground": "Black",
    "dominantColorBackground": "Black",
    "dominantColors": [
      "Black"
    ],
    "accentColor": "282B20",
    "isBWImg": false
  },
  "imageType": {
    "clipArtType": 0,
    "lineDrawingType": 0
  },
  "tags": [
    {
      "name": "person",
      "confidence": 0.9940433502197266
    },
    {
      "name": "human face",
      "confidence": 0.987160861492157
    },
    {
      "name": "clothing",
      "confidence": 0.9733287692070007
    },
    {
      "name": "man",
      "confidence": 0.887024998664856
    },
    {
      "name": "indoor",
      "confidence": 0.8633741140365601
    },
    {
      "name": "wall",
      "confidence": 0.7590817213058472
    },
    {
      "name": "wearing",
      "confidence": 0.6856734156608582
    },
    {
      "name": "bow tie",
      "confidence": 0.630437970161438
    },
    {
      "name": "kitchen",
      "confidence": 0.559018611907959
    }
  ],
  "description": {
    "tags": [
      "text",
      "person",
      "indoor",
      "man"
    ],
    "captions": [
      {
        "text": "Neil Tennant in a suit",
        "confidence": 0.44728296995162964
      }
    ]
  },
  "faces": [
    {
      "age": 38,
      "gender": "Male",
      "faceRectangle": {
        "left": 249,
        "top": 141,
        "width": 283,
        "height": 283
      }
    }
  ],
  "objects": [
    {
      "rectangle": {
        "x": 16,
        "y": 0,
        "w": 513,
        "h": 720
      },
      "object": "person",
      "confidence": 0.834
    }
  ],
  "brands": [],
  "requestId": "bacbac18-f83e-4e82-a4d2-4a79a5789b9a",
  "metadata": {
    "width": 1280,
    "height": 720,
    "format": "Png"
  },
  "modelVersion": "2021-05-01"
}