{
  "categories": [
    {
      "name": "abstract_",
      "score": 0.00390625
    },
    {
      "name": "dark_",
      "score": 0.6953125
    },
    {
      "name": "others_",
      "score": 0.00390625
    }
  ],
  "adult": {
    "isAdultContent": false,
    "isRacyContent": false,
    "isGoryContent": false,
    "adultScore": 0.016972405835986137,
    "racyScore": 0.03503207862377167,
    "goreScore": 0.0012279348447918892
  },
  "color": {
    "dominantColorForeground": "Black",
    "dominantColorBackground": "Black",
    "dominantColors": [
      "Black"
    ],
    "accentColor": "2244A9",
    "isBWImg": false
  },
  "imageType": {
    "clipArtType": 1,
    "lineDrawingType": 0
  },
  "tags": [
    {
      "name": "darkness",
      "confidence": 0.9557723999023438
    },
    {
      "name": "black",
      "confidence": 0.9453128576278687
    },
    {
      "name": "light",
      "confidence": 0.8527968525886536
    },
    {
      "name": "night",
      "confidence": 0.7895787954330444
    },
    {
      "name": "dark",
      "confidence": 0.6938735842704773
    },
    {
      "name": "car",
      "confidence": 0.4009897708892822
    }
  ],
  "description": {
    "tags": [
      "dark",
      "lit",
      "night sky"
    ],
    "captions": [
      {
        "text": "a blue light in the dark",
        "confidence": 0.4576748013496399
      }
    ]
  },
  "faces": [],
  "objects": [],
  "brands": [],
  "requestId": "ad210af0-f160-47d8-bed1-f77612141c3e",
  "metadata": {
    "width": 1280,
    "height": 720,
    "format": "Png"
  },
  "modelVersion": "2021-05-01"
}