{
  "categories": [
    {
      "name": "abstract_",
      "score": 0.00390625
    },
    {
      "name": "others_",
      "score": 0.0078125
    }
  ],
  "adult": {
    "isAdultContent": false,
    "isRacyContent": false,
    "isGoryContent": false,
    "adultScore": 0.012217738665640354,
    "racyScore": 0.017101265490055084,
    "goreScore": 0.00602049520239234
  },
  "color": {
    "dominantColorForeground": "Blue",
    "dominantColorBackground": "Black",
    "dominantColors": [
      "Black",
      "Blue"
    ],
    "accentColor": "17417E",
    "isBWImg": false
  },
  "imageType": {
    "clipArtType": 0,
    "lineDrawingType": 0
  },
  "tags": [
    {
      "name": "human face",
      "confidence": 0.982308030128479
    },
    {
      "name": "screenshot",
      "confidence": 0.9534953832626343
    },
    {
      "name": "black",
      "confidence": 0.92863929271698
    },
    {
      "name": "human",
      "confidence": 0.9243706464767456
    },
    {
      "name": "person",
      "confidence": 0.9107711315155029
    },
    {
      "name": "jaw",
      "confidence": 0.9019527435302734
    },
    {
      "name": "darkness",
      "confidence": 0.8983752727508545
    },
    {
      "name": "forehead",
      "confidence": 0.894136369228363
    },
    {
      "name": "eyebrow",
      "confidence": 0.8926763534545898
    },
    {
      "name": "chin",
      "confidence": 0.8874539732933044
    },
    {
      "name": "portrait",
      "confidence": 0.8135566711425781
    },
    {
      "name": "dark",
      "confidence": 0.5995762348175049
    }
  ],
  "description": {
    "tags": [
      "person",
      "staring"
    ],
    "captions": [
      {
        "text": "a man with his mouth open",
        "confidence": 0.48434683680534363
      }
    ]
  },
  "faces": [],
  "objects": [
    {
      "rectangle": {
        "x": 125,
        "y": 13,
        "w": 818,
        "h": 707
      },
      "object": "person",
      "confidence": 0.751
    }
  ],
  "brands": [],
  "requestId": "8be07d4a-cfba-409c-b018-e3b9ea89ccb5",
  "metadata": {
    "width": 1280,
    "height": 720,
    "format": "Png"
  },
  "modelVersion": "2021-05-01"
}