{
  "categories": [
    {
      "name": "abstract_",
      "score": 0.00390625
    },
    {
      "name": "dark_",
      "score": 0.25390625
    },
    {
      "name": "others_",
      "score": 0.01171875
    }
  ],
  "adult": {
    "isAdultContent": false,
    "isRacyContent": false,
    "isGoryContent": false,
    "adultScore": 0.019978174939751625,
    "racyScore": 0.02136785164475441,
    "goreScore": 0.013051485642790794
  },
  "color": {
    "dominantColorForeground": "Black",
    "dominantColorBackground": "Black",
    "dominantColors": [
      "Black",
      "Blue"
    ],
    "accentColor": "085AC3",
    "isBWImg": false
  },
  "imageType": {
    "clipArtType": 0,
    "lineDrawingType": 0
  },
  "tags": [
    {
      "name": "person",
      "confidence": 0.9961152076721191
    },
    {
      "name": "human face",
      "confidence": 0.9886883497238159
    },
    {
      "name": "fashion accessory",
      "confidence": 0.9274722933769226
    },
    {
      "name": "hat",
      "confidence": 0.9048528671264648
    },
    {
      "name": "man",
      "confidence": 0.8997223377227783
    },
    {
      "name": "smile",
      "confidence": 0.8901088237762451
    },
    {
      "name": "headgear",
      "confidence": 0.8503056168556213
    },
    {
      "name": "wearing",
      "confidence": 0.7423919439315796
    },
    {
      "name": "black",
      "confidence": 0.6417413949966431
    }
  ],
  "description": {
    "tags": [
      "headdress",
      "hat",
      "helmet"
    ],
    "captions": [
      {
        "text": "a person wearing a hat",
        "confidence": 0.4971606731414795
      }
    ]
  },
  "faces": [],
  "objects": [
    {
      "rectangle": {
        "x": 113,
        "y": 9,
        "w": 806,
        "h": 286
      },
      "object": "hat",
      "confidence": 0.598,
      "parent": {
        "object": "headwear",
        "confidence": 0.752
      }
    },
    {
      "rectangle": {
        "x": 867,
        "y": 266,
        "w": 413,
        "h": 425
      },
      "object": "animal",
      "confidence": 0.589
    },
    {
      "rectangle": {
        "x": 14,
        "y": 31,
        "w": 891,
        "h": 683
      },
      "object": "person",
      "confidence": 0.741
    }
  ],
  "brands": [],
  "requestId": "f771b2d5-f1b9-4db1-aaa8-bc3350ac2a17",
  "metadata": {
    "width": 1280,
    "height": 720,
    "format": "Png"
  },
  "modelVersion": "2021-05-01"
}