{
  "categories": [
    {
      "name": "others_",
      "score": 0.00390625
    },
    {
      "name": "people_",
      "score": 0.42578125,
      "detail": {
        "celebrities": []
      }
    }
  ],
  "adult": {
    "isAdultContent": false,
    "isRacyContent": false,
    "isGoryContent": false,
    "adultScore": 0.005913060158491135,
    "racyScore": 0.007465252187103033,
    "goreScore": 0.0006389238988049328
  },
  "color": {
    "dominantColorForeground": "Black",
    "dominantColorBackground": "Black",
    "dominantColors": [
      "Black"
    ],
    "accentColor": "1B5CB0",
    "isBWImg": false
  },
  "imageType": {
    "clipArtType": 0,
    "lineDrawingType": 0
  },
  "tags": [
    {
      "name": "human face",
      "confidence": 0.9918593168258667
    },
    {
      "name": "clothing",
      "confidence": 0.9610297679901123
    },
    {
      "name": "person",
      "confidence": 0.9584751129150391
    },
    {
      "name": "man",
      "confidence": 0.9368624687194824
    },
    {
      "name": "screenshot",
      "confidence": 0.8755545020103455
    },
    {
      "name": "gentleman",
      "confidence": 0.8503235578536987
    },
    {
      "name": "indoor",
      "confidence": 0.6265158653259277
    },
    {
      "name": "wearing",
      "confidence": 0.5910367965698242
    }
  ],
  "description": {
    "tags": [
      "man",
      "person",
      "indoor",
      "dark"
    ],
    "captions": [
      {
        "text": "a man holding a gun",
        "confidence": 0.42247337102890015
      }
    ]
  },
  "faces": [
    {
      "age": 33,
      "gender": "Male",
      "faceRectangle": {
        "left": 778,
        "top": 121,
        "width": 166,
        "height": 166
      }
    }
  ],
  "objects": [
    {
      "rectangle": {
        "x": 191,
        "y": 41,
        "w": 395,
        "h": 537
      },
      "object": "person",
      "confidence": 0.684
    },
    {
      "rectangle": {
        "x": 725,
        "y": 54,
        "w": 414,
        "h": 592
      },
      "object": "person",
      "confidence": 0.817
    }
  ],
  "brands": [],
  "requestId": "a28a9a18-f2fb-463f-871d-83f692508bb1",
  "metadata": {
    "width": 1280,
    "height": 720,
    "format": "Png"
  },
  "modelVersion": "2021-05-01"
}