{
  "categories": [
    {
      "name": "others_",
      "score": 0.04296875
    },
    {
      "name": "people_",
      "score": 0.36328125
    }
  ],
  "adult": {
    "isAdultContent": false,
    "isRacyContent": false,
    "isGoryContent": false,
    "adultScore": 0.006905292626470327,
    "racyScore": 0.008696851320564747,
    "goreScore": 0.0006306039867922664
  },
  "color": {
    "dominantColorForeground": "Black",
    "dominantColorBackground": "Black",
    "dominantColors": [
      "Black"
    ],
    "accentColor": "195AB2",
    "isBWImg": false
  },
  "imageType": {
    "clipArtType": 0,
    "lineDrawingType": 0
  },
  "tags": [
    {
      "name": "human face",
      "confidence": 0.9885905981063843
    },
    {
      "name": "person",
      "confidence": 0.9648265838623047
    },
    {
      "name": "clothing",
      "confidence": 0.9393365383148193
    },
    {
      "name": "indoor",
      "confidence": 0.9042419791221619
    },
    {
      "name": "man",
      "confidence": 0.9016196727752686
    }
  ],
  "description": {
    "tags": [
      "person",
      "man",
      "indoor"
    ],
    "captions": [
      {
        "text": "a group of men in a room",
        "confidence": 0.485120564699173
      }
    ]
  },
  "faces": [],
  "objects": [
    {
      "rectangle": {
        "x": 463,
        "y": 46,
        "w": 281,
        "h": 509
      },
      "object": "person",
      "confidence": 0.56
    },
    {
      "rectangle": {
        "x": 197,
        "y": 40,
        "w": 373,
        "h": 536
      },
      "object": "person",
      "confidence": 0.699
    },
    {
      "rectangle": {
        "x": 654,
        "y": 12,
        "w": 469,
        "h": 603
      },
      "object": "person",
      "confidence": 0.748
    }
  ],
  "brands": [],
  "requestId": "cfc45358-f57b-42b0-8d20-071dfbd9a6d1",
  "metadata": {
    "width": 1280,
    "height": 720,
    "format": "Png"
  },
  "modelVersion": "2021-05-01"
}