{
  "categories": [
    {
      "name": "abstract_",
      "score": 0.00390625
    },
    {
      "name": "dark_",
      "score": 0.69921875
    }
  ],
  "adult": {
    "isAdultContent": false,
    "isRacyContent": false,
    "isGoryContent": false,
    "adultScore": 0.06275796890258789,
    "racyScore": 0.2323106825351715,
    "goreScore": 0.0023184691090136766
  },
  "color": {
    "dominantColorForeground": "Black",
    "dominantColorBackground": "Black",
    "dominantColors": [
      "Black"
    ],
    "accentColor": "2A50A1",
    "isBWImg": false
  },
  "imageType": {
    "clipArtType": 1,
    "lineDrawingType": 0
  },
  "tags": [
    {
      "name": "darkness",
      "confidence": 0.963796854019165
    },
    {
      "name": "black",
      "confidence": 0.9458588361740112
    },
    {
      "name": "music",
      "confidence": 0.6372334957122803
    },
    {
      "name": "dark",
      "confidence": 0.5740046501159668
    }
  ],
  "description": {
    "tags": [
      "dark",
      "night sky"
    ],
    "captions": [
      {
        "text": "a person playing a piano",
        "confidence": 0.39887529611587524
      }
    ]
  },
  "faces": [],
  "objects": [
    {
      "rectangle": {
        "x": 566,
        "y": 182,
        "w": 235,
        "h": 326
      },
      "object": "person",
      "confidence": 0.567
    }
  ],
  "brands": [],
  "requestId": "e507a24b-ef02-4c4e-bbbd-488bee4b2e6b",
  "metadata": {
    "width": 1280,
    "height": 720,
    "format": "Png"
  },
  "modelVersion": "2021-05-01"
}