{
  "categories": [
    {
      "name": "others_",
      "score": 0.0078125
    },
    {
      "name": "people_",
      "score": 0.42578125,
      "detail": {
        "celebrities": []
      }
    }
  ],
  "adult": {
    "isAdultContent": false,
    "isRacyContent": false,
    "isGoryContent": false,
    "adultScore": 0.006891306955367327,
    "racyScore": 0.008514863438904285,
    "goreScore": 0.0006900971638970077
  },
  "color": {
    "dominantColorForeground": "Black",
    "dominantColorBackground": "Black",
    "dominantColors": [
      "Black"
    ],
    "accentColor": "2359A8",
    "isBWImg": false
  },
  "imageType": {
    "clipArtType": 0,
    "lineDrawingType": 0
  },
  "tags": [
    {
      "name": "human face",
      "confidence": 0.9936039447784424
    },
    {
      "name": "clothing",
      "confidence": 0.9820120334625244
    },
    {
      "name": "person",
      "confidence": 0.9805428981781006
    },
    {
      "name": "screenshot",
      "confidence": 0.9007782340049744
    },
    {
      "name": "man",
      "confidence": 0.8983544111251831
    },
    {
      "name": "gentleman",
      "confidence": 0.8426965475082397
    },
    {
      "name": "indoor",
      "confidence": 0.7235667705535889
    },
    {
      "name": "wearing",
      "confidence": 0.5768097639083862
    }
  ],
  "description": {
    "tags": [
      "person",
      "man",
      "indoor"
    ],
    "captions": [
      {
        "text": "a couple of men in a dark room",
        "confidence": 0.39798370003700256
      }
    ]
  },
  "faces": [
    {
      "age": 27,
      "gender": "Male",
      "faceRectangle": {
        "left": 893,
        "top": 135,
        "width": 158,
        "height": 158
      }
    }
  ],
  "objects": [
    {
      "rectangle": {
        "x": 179,
        "y": 37,
        "w": 406,
        "h": 548
      },
      "object": "person",
      "confidence": 0.687
    },
    {
      "rectangle": {
        "x": 701,
        "y": 39,
        "w": 423,
        "h": 600
      },
      "object": "person",
      "confidence": 0.805
    }
  ],
  "brands": [],
  "requestId": "400fac4b-c015-4265-a122-294e703d934e",
  "metadata": {
    "width": 1280,
    "height": 720,
    "format": "Png"
  },
  "modelVersion": "2021-05-01"
}