{
  "categories": [
    {
      "name": "abstract_",
      "score": 0.0078125
    },
    {
      "name": "others_",
      "score": 0.00390625
    }
  ],
  "adult": {
    "isAdultContent": false,
    "isRacyContent": false,
    "isGoryContent": false,
    "adultScore": 0.03962906822562218,
    "racyScore": 0.0464877225458622,
    "goreScore": 0.012645390816032887
  },
  "color": {
    "dominantColorForeground": "Brown",
    "dominantColorBackground": "Black",
    "dominantColors": [
      "Black",
      "Brown"
    ],
    "accentColor": "281D06",
    "isBWImg": false
  },
  "imageType": {
    "clipArtType": 0,
    "lineDrawingType": 0
  },
  "tags": [
    {
      "name": "wedding dress",
      "confidence": 0.9636391401290894
    },
    {
      "name": "bride",
      "confidence": 0.9396094679832458
    },
    {
      "name": "photograph",
      "confidence": 0.905728280544281
    },
    {
      "name": "wedding",
      "confidence": 0.8925111293792725
    },
    {
      "name": "dress",
      "confidence": 0.8902369737625122
    },
    {
      "name": "indoor",
      "confidence": 0.8871344327926636
    },
    {
      "name": "curtain",
      "confidence": 0.8494076728820801
    },
    {
      "name": "person",
      "confidence": 0.7698351144790649
    },
    {
      "name": "woman",
      "confidence": 0.6006597876548767
    }
  ],
  "description": {
    "tags": [
      "indoor",
      "dark",
      "fireplace"
    ],
    "captions": [
      {
        "text": "a person dancing in a room",
        "confidence": 0.38687852025032043
      }
    ]
  },
  "faces": [],
  "objects": [
    {
      "rectangle": {
        "x": 419,
        "y": 169,
        "w": 263,
        "h": 547
      },
      "object": "person",
      "confidence": 0.665
    }
  ],
  "brands": [],
  "requestId": "a79573ea-1793-41c7-a390-27b8287a0410",
  "metadata": {
    "width": 1280,
    "height": 720,
    "format": "Png"
  },
  "modelVersion": "2021-05-01"
}