{
  "categories": [
    {
      "name": "others_",
      "score": 0.0078125
    },
    {
      "name": "people_portrait",
      "score": 0.33984375
    }
  ],
  "adult": {
    "isAdultContent": false,
    "isRacyContent": false,
    "isGoryContent": false,
    "adultScore": 0.009696193970739841,
    "racyScore": 0.011135869659483433,
    "goreScore": 0.004579559434205294
  },
  "color": {
    "dominantColorForeground": "Grey",
    "dominantColorBackground": "Grey",
    "dominantColors": [
      "Grey",
      "Black"
    ],
    "accentColor": "5D4D3C",
    "isBWImg": false
  },
  "imageType": {
    "clipArtType": 0,
    "lineDrawingType": 0
  },
  "tags": [
    {
      "name": "human face",
      "confidence": 0.9920545816421509
    },
    {
      "name": "person",
      "confidence": 0.9871053695678711
    },
    {
      "name": "indoor",
      "confidence": 0.9323759078979492
    },
    {
      "name": "smile",
      "confidence": 0.9056316018104553
    },
    {
      "name": "eyebrow",
      "confidence": 0.8901596069335938
    },
    {
      "name": "wall",
      "confidence": 0.858500599861145
    },
    {
      "name": "lip",
      "confidence": 0.856419563293457
    },
    {
      "name": "portrait",
      "confidence": 0.855926513671875
    },
    {
      "name": "clothing",
      "confidence": 0.8475538492202759
    },
    {
      "name": "young",
      "confidence": 0.6202042102813721
    },
    {
      "name": "bow tie",
      "confidence": 0.587655782699585
    },
    {
      "name": "wearing",
      "confidence": 0.5796123743057251
    }
  ],
  "description": {
    "tags": [
      "person",
      "indoor"
    ],
    "captions": [
      {
        "text": "a close-up of a doll",
        "confidence": 0.5621249079704285
      }
    ]
  },
  "faces": [],
  "objects": [
    {
      "rectangle": {
        "x": 334,
        "y": 0,
        "w": 830,
        "h": 720
      },
      "object": "person",
      "confidence": 0.755
    }
  ],
  "brands": [],
  "requestId": "55f03b85-b9a9-4762-ba36-4481a9f8ed94",
  "metadata": {
    "width": 1280,
    "height": 720,
    "format": "Png"
  },
  "modelVersion": "2021-05-01"
}