{
  "categories": [
    {
      "name": "others_",
      "score": 0.0078125
    },
    {
      "name": "people_",
      "score": 0.47265625
    }
  ],
  "adult": {
    "isAdultContent": false,
    "isRacyContent": false,
    "isGoryContent": false,
    "adultScore": 0.007315933704376221,
    "racyScore": 0.00894253235310316,
    "goreScore": 0.0005912708002142608
  },
  "color": {
    "dominantColorForeground": "Black",
    "dominantColorBackground": "Black",
    "dominantColors": [
      "Black"
    ],
    "accentColor": "244273",
    "isBWImg": false
  },
  "imageType": {
    "clipArtType": 0,
    "lineDrawingType": 0
  },
  "tags": [
    {
      "name": "human face",
      "confidence": 0.9917631149291992
    },
    {
      "name": "clothing",
      "confidence": 0.9823821783065796
    },
    {
      "name": "person",
      "confidence": 0.9580367207527161
    },
    {
      "name": "man",
      "confidence": 0.8985702991485596
    },
    {
      "name": "darkness",
      "confidence": 0.8701528906822205
    },
    {
      "name": "screenshot",
      "confidence": 0.8631150722503662
    },
    {
      "name": "gentleman",
      "confidence": 0.8602182865142822
    },
    {
      "name": "dark",
      "confidence": 0.623381495475769
    },
    {
      "name": "indoor",
      "confidence": 0.5536903142929077
    }
  ],
  "description": {
    "tags": [
      "indoor",
      "person"
    ],
    "captions": [
      {
        "text": "a group of men in a dark room",
        "confidence": 0.46191540360450745
      }
    ]
  },
  "faces": [],
  "objects": [
    {
      "rectangle": {
        "x": 171,
        "y": 65,
        "w": 420,
        "h": 554
      },
      "object": "person",
      "confidence": 0.647
    },
    {
      "rectangle": {
        "x": 426,
        "y": 55,
        "w": 372,
        "h": 571
      },
      "object": "person",
      "confidence": 0.789
    },
    {
      "rectangle": {
        "x": 691,
        "y": 79,
        "w": 410,
        "h": 565
      },
      "object": "person",
      "confidence": 0.825
    }
  ],
  "brands": [],
  "requestId": "94a855e7-f449-49b3-8696-84d8db5ed67e",
  "metadata": {
    "width": 1280,
    "height": 720,
    "format": "Png"
  },
  "modelVersion": "2021-05-01"
}