{
  "categories": [
    {
      "name": "abstract_",
      "score": 0.01171875
    },
    {
      "name": "dark_",
      "score": 0.22265625
    },
    {
      "name": "others_",
      "score": 0.00390625
    }
  ],
  "adult": {
    "isAdultContent": false,
    "isRacyContent": false,
    "isGoryContent": false,
    "adultScore": 0.19151045382022858,
    "racyScore": 0.2756192088127136,
    "goreScore": 0.008240504190325737
  },
  "color": {
    "dominantColorForeground": "Black",
    "dominantColorBackground": "Black",
    "dominantColors": [
      "Black",
      "Grey"
    ],
    "accentColor": "5D4D39",
    "isBWImg": false
  },
  "imageType": {
    "clipArtType": 0,
    "lineDrawingType": 0
  },
  "tags": [
    {
      "name": "person",
      "confidence": 0.9131494760513306
    },
    {
      "name": "weapon",
      "confidence": 0.9044123888015747
    },
    {
      "name": "rifle",
      "confidence": 0.8480350375175476
    }
  ],
  "description": {
    "tags": [
      "indoor"
    ],
    "captions": [
      {
        "text": "a person holding a gun",
        "confidence": 0.3450922966003418
      }
    ]
  },
  "faces": [],
  "objects": [
    {
      "rectangle": {
        "x": 1099,
        "y": 200,
        "w": 180,
        "h": 213
      },
      "object": "person",
      "confidence": 0.578
    }
  ],
  "brands": [],
  "requestId": "17594f91-bff5-4fcb-ba6f-a5628938175b",
  "metadata": {
    "width": 1280,
    "height": 720,
    "format": "Png"
  },
  "modelVersion": "2021-05-01"
}