{
  "categories": [
    {
      "name": "others_",
      "score": 0.05859375
    }
  ],
  "adult": {
    "isAdultContent": false,
    "isRacyContent": false,
    "isGoryContent": false,
    "adultScore": 0.04829869791865349,
    "racyScore": 0.11765220761299133,
    "goreScore": 0.016151681542396545
  },
  "color": {
    "dominantColorForeground": "Grey",
    "dominantColorBackground": "Black",
    "dominantColors": [
      "Black",
      "Grey"
    ],
    "accentColor": "5D4E3C",
    "isBWImg": false
  },
  "imageType": {
    "clipArtType": 0,
    "lineDrawingType": 0
  },
  "tags": [
    {
      "name": "zebra",
      "confidence": 0.9900100231170654
    },
    {
      "name": "animal",
      "confidence": 0.9898033142089844
    },
    {
      "name": "mammal",
      "confidence": 0.9795955419540405
    },
    {
      "name": "outdoor",
      "confidence": 0.7888323664665222
    },
    {
      "name": "zoo",
      "confidence": 0.7841655015945435
    },
    {
      "name": "person",
      "confidence": 0.7655220031738281
    }
  ],
  "description": {
    "tags": [
      "animal",
      "mammal",
      "zebra"
    ],
    "captions": [
      {
        "text": "a person holding a hat",
        "confidence": 0.2464524656534195
      }
    ]
  },
  "faces": [],
  "objects": [
    {
      "rectangle": {
        "x": 24,
        "y": 12,
        "w": 597,
        "h": 707
      },
      "object": "zebra",
      "confidence": 0.654,
      "parent": {
        "object": "mammal",
        "confidence": 0.684,
        "parent": {
          "object": "animal",
          "confidence": 0.714
        }
      }
    }
  ],
  "brands": [],
  "requestId": "59461484-9a95-4fc4-b56a-7fb82a865488",
  "metadata": {
    "width": 1280,
    "height": 720,
    "format": "Png"
  },
  "modelVersion": "2021-05-01"
}