{
  "categories": [
    {
      "name": "abstract_",
      "score": 0.00390625
    },
    {
      "name": "others_",
      "score": 0.08984375
    }
  ],
  "adult": {
    "isAdultContent": false,
    "isRacyContent": false,
    "isGoryContent": false,
    "adultScore": 0.003220273181796074,
    "racyScore": 0.019603563472628593,
    "goreScore": 0.000986127881333232
  },
  "color": {
    "dominantColorForeground": "Black",
    "dominantColorBackground": "Black",
    "dominantColors": [
      "Black",
      "Grey"
    ],
    "accentColor": "725D59",
    "isBWImg": false
  },
  "imageType": {
    "clipArtType": 0,
    "lineDrawingType": 0
  },
  "tags": [
    {
      "name": "indoor",
      "confidence": 0.9498485922813416
    },
    {
      "name": "wall",
      "confidence": 0.9086394309997559
    },
    {
      "name": "clothing",
      "confidence": 0.8973298072814941
    },
    {
      "name": "person",
      "confidence": 0.8937336206436157
    }
  ],
  "description": {
    "tags": [
      "indoor",
      "person"
    ],
    "captions": [
      {
        "text": "a person playing a guitar",
        "confidence": 0.3231808841228485
      }
    ]
  },
  "faces": [],
  "objects": [],
  "brands": [],
  "requestId": "05bf8db0-db05-49db-960c-ef19f554db99",
  "metadata": {
    "width": 1280,
    "height": 720,
    "format": "Png"
  },
  "modelVersion": "2021-05-01"
}