{
  "categories": [
    {
      "name": "people_",
      "score": 0.3984375
    }
  ],
  "adult": {
    "isAdultContent": false,
    "isRacyContent": false,
    "isGoryContent": false,
    "adultScore": 0.011531543917953968,
    "racyScore": 0.014092210680246353,
    "goreScore": 0.000711336440872401
  },
  "color": {
    "dominantColorForeground": "Black",
    "dominantColorBackground": "Black",
    "dominantColors": [
      "Black"
    ],
    "accentColor": "2B5DA0",
    "isBWImg": false
  },
  "imageType": {
    "clipArtType": 1,
    "lineDrawingType": 0
  },
  "tags": [
    {
      "name": "human face",
      "confidence": 0.9874361753463745
    },
    {
      "name": "clothing",
      "confidence": 0.9614270925521851
    },
    {
      "name": "screenshot",
      "confidence": 0.9298223853111267
    },
    {
      "name": "person",
      "confidence": 0.9259902238845825
    },
    {
      "name": "darkness",
      "confidence": 0.9021086096763611
    },
    {
      "name": "black",
      "confidence": 0.8902034163475037
    },
    {
      "name": "man",
      "confidence": 0.888245701789856
    },
    {
      "name": "gentleman",
      "confidence": 0.8754584789276123
    },
    {
      "name": "dark",
      "confidence": 0.641733705997467
    },
    {
      "name": "music",
      "confidence": 0.4673095643520355
    }
  ],
  "description": {
    "tags": [
      "person",
      "indoor",
      "man",
      "dark"
    ],
    "captions": [
      {
        "text": "a man holding a gun",
        "confidence": 0.3771936595439911
      }
    ]
  },
  "faces": [],
  "objects": [
    {
      "rectangle": {
        "x": 174,
        "y": 61,
        "w": 423,
        "h": 569
      },
      "object": "person",
      "confidence": 0.553
    },
    {
      "rectangle": {
        "x": 707,
        "y": 91,
        "w": 398,
        "h": 559
      },
      "object": "person",
      "confidence": 0.835
    }
  ],
  "brands": [],
  "requestId": "b769962e-46e2-4b0e-981e-b08028bf706c",
  "metadata": {
    "width": 1280,
    "height": 720,
    "format": "Png"
  },
  "modelVersion": "2021-05-01"
}