{
  "categories": [
    {
      "name": "others_",
      "score": 0.01953125
    },
    {
      "name": "people_",
      "score": 0.30078125
    }
  ],
  "adult": {
    "isAdultContent": false,
    "isRacyContent": false,
    "isGoryContent": false,
    "adultScore": 0.005785849876701832,
    "racyScore": 0.0076619042083621025,
    "goreScore": 0.0006849195342510939
  },
  "color": {
    "dominantColorForeground": "Black",
    "dominantColorBackground": "Black",
    "dominantColors": [
      "Black"
    ],
    "accentColor": "1952B2",
    "isBWImg": false
  },
  "imageType": {
    "clipArtType": 0,
    "lineDrawingType": 0
  },
  "tags": [
    {
      "name": "human face",
      "confidence": 0.9896025657653809
    },
    {
      "name": "person",
      "confidence": 0.9694246053695679
    },
    {
      "name": "clothing",
      "confidence": 0.9483765363693237
    },
    {
      "name": "screenshot",
      "confidence": 0.9435743093490601
    },
    {
      "name": "man",
      "confidence": 0.8895407915115356
    },
    {
      "name": "video",
      "confidence": 0.854745626449585
    },
    {
      "name": "indoor",
      "confidence": 0.7780308723449707
    }
  ],
  "description": {
    "tags": [
      "man",
      "person",
      "indoor"
    ],
    "captions": [
      {
        "text": "a group of men in a dark room",
        "confidence": 0.4971344470977783
      }
    ]
  },
  "faces": [],
  "objects": [
    {
      "rectangle": {
        "x": 204,
        "y": 48,
        "w": 270,
        "h": 490
      },
      "object": "person",
      "confidence": 0.545
    },
    {
      "rectangle": {
        "x": 417,
        "y": 47,
        "w": 372,
        "h": 594
      },
      "object": "person",
      "confidence": 0.765
    },
    {
      "rectangle": {
        "x": 679,
        "y": 32,
        "w": 462,
        "h": 621
      },
      "object": "person",
      "confidence": 0.789
    }
  ],
  "brands": [],
  "requestId": "6b11c076-2858-4467-b824-e76f3c262d76",
  "metadata": {
    "width": 1280,
    "height": 720,
    "format": "Png"
  },
  "modelVersion": "2021-05-01"
}