{
  "categories": [
    {
      "name": "abstract_",
      "score": 0.00390625
    },
    {
      "name": "others_",
      "score": 0.0078125
    },
    {
      "name": "outdoor_",
      "score": 0.0078125,
      "detail": {
        "landmarks": []
      }
    }
  ],
  "adult": {
    "isAdultContent": false,
    "isRacyContent": false,
    "isGoryContent": false,
    "adultScore": 0.14929762482643127,
    "racyScore": 0.35736942291259766,
    "goreScore": 0.009212140925228596
  },
  "color": {
    "dominantColorForeground": "Grey",
    "dominantColorBackground": "Black",
    "dominantColors": [
      "Grey",
      "Black"
    ],
    "accentColor": "3B6790",
    "isBWImg": false
  },
  "imageType": {
    "clipArtType": 0,
    "lineDrawingType": 0
  },
  "tags": [
    {
      "name": "outdoor",
      "confidence": 0.9835424423217773
    },
    {
      "name": "sky",
      "confidence": 0.9775784015655518
    },
    {
      "name": "blurry",
      "confidence": 0.9446402788162231
    },
    {
      "name": "person",
      "confidence": 0.9435391426086426
    },
    {
      "name": "mammal",
      "confidence": 0.931424081325531
    },
    {
      "name": "people",
      "confidence": 0.6614255905151367
    },
    {
      "name": "ground",
      "confidence": 0.5585490465164185
    }
  ],
  "description": {
    "tags": [
      "sky",
      "water",
      "water sport",
      "swimming"
    ],
    "captions": [
      {
        "text": "a person holding a stick",
        "confidence": 0.29141566157341003
      }
    ]
  },
  "faces": [],
  "objects": [
    {
      "rectangle": {
        "x": 943,
        "y": 220,
        "w": 75,
        "h": 184
      },
      "object": "person",
      "confidence": 0.56
    },
    {
      "rectangle": {
        "x": 949,
        "y": 224,
        "w": 181,
        "h": 315
      },
      "object": "person",
      "confidence": 0.736
    },
    {
      "rectangle": {
        "x": 3,
        "y": 0,
        "w": 653,
        "h": 719
      },
      "object": "person",
      "confidence": 0.64
    }
  ],
  "brands": [],
  "requestId": "d163fe9b-d391-47a8-b652-6a42bac44f85",
  "metadata": {
    "width": 1280,
    "height": 720,
    "format": "Png"
  },
  "modelVersion": "2021-05-01"
}