{
  "categories": [
    {
      "name": "others_",
      "score": 0.046875
    },
    {
      "name": "people_",
      "score": 0.4375
    }
  ],
  "adult": {
    "isAdultContent": false,
    "isRacyContent": false,
    "isGoryContent": false,
    "adultScore": 0.006712290458381176,
    "racyScore": 0.008166070096194744,
    "goreScore": 0.0004647528112400323
  },
  "color": {
    "dominantColorForeground": "Black",
    "dominantColorBackground": "Black",
    "dominantColors": [
      "Black"
    ],
    "accentColor": "61604D",
    "isBWImg": false
  },
  "imageType": {
    "clipArtType": 0,
    "lineDrawingType": 0
  },
  "tags": [
    {
      "name": "human face",
      "confidence": 0.9887173175811768
    },
    {
      "name": "person",
      "confidence": 0.9539635181427002
    },
    {
      "name": "clothing",
      "confidence": 0.9464949369430542
    },
    {
      "name": "man",
      "confidence": 0.9385378956794739
    },
    {
      "name": "screenshot",
      "confidence": 0.8700010180473328
    },
    {
      "name": "indoor",
      "confidence": 0.7659473419189453
    }
  ],
  "description": {
    "tags": [
      "person",
      "man",
      "indoor"
    ],
    "captions": [
      {
        "text": "a group of men in a room",
        "confidence": 0.4497227668762207
      }
    ]
  },
  "faces": [],
  "objects": [
    {
      "rectangle": {
        "x": 193,
        "y": 31,
        "w": 399,
        "h": 552
      },
      "object": "person",
      "confidence": 0.74
    },
    {
      "rectangle": {
        "x": 708,
        "y": 33,
        "w": 408,
        "h": 616
      },
      "object": "person",
      "confidence": 0.803
    }
  ],
  "brands": [],
  "requestId": "6462c1b9-4612-4792-a40d-fae35665915d",
  "metadata": {
    "width": 1280,
    "height": 720,
    "format": "Png"
  },
  "modelVersion": "2021-05-01"
}