{
  "categories": [
    {
      "name": "others_",
      "score": 0.00390625
    },
    {
      "name": "people_",
      "score": 0.42578125
    }
  ],
  "adult": {
    "isAdultContent": false,
    "isRacyContent": false,
    "isGoryContent": false,
    "adultScore": 0.007822748273611069,
    "racyScore": 0.009523706510663033,
    "goreScore": 0.0006555527215823531
  },
  "color": {
    "dominantColorForeground": "Black",
    "dominantColorBackground": "Black",
    "dominantColors": [
      "Black"
    ],
    "accentColor": "175EB4",
    "isBWImg": false
  },
  "imageType": {
    "clipArtType": 0,
    "lineDrawingType": 0
  },
  "tags": [
    {
      "name": "human face",
      "confidence": 0.9931297302246094
    },
    {
      "name": "person",
      "confidence": 0.9793907403945923
    },
    {
      "name": "clothing",
      "confidence": 0.9793453216552734
    },
    {
      "name": "man",
      "confidence": 0.9061681032180786
    },
    {
      "name": "gentleman",
      "confidence": 0.8427628874778748
    },
    {
      "name": "indoor",
      "confidence": 0.8155391216278076
    },
    {
      "name": "wearing",
      "confidence": 0.6847392320632935
    },
    {
      "name": "hat",
      "confidence": 0.6324354410171509
    }
  ],
  "description": {
    "tags": [
      "person",
      "man",
      "indoor",
      "necktie"
    ],
    "captions": [
      {
        "text": "a group of men in a room",
        "confidence": 0.4381692409515381
      }
    ]
  },
  "faces": [],
  "objects": [
    {
      "rectangle": {
        "x": 77,
        "y": 21,
        "w": 505,
        "h": 572
      },
      "object": "person",
      "confidence": 0.71
    },
    {
      "rectangle": {
        "x": 433,
        "y": 28,
        "w": 376,
        "h": 553
      },
      "object": "person",
      "confidence": 0.724
    },
    {
      "rectangle": {
        "x": 698,
        "y": 38,
        "w": 411,
        "h": 610
      },
      "object": "person",
      "confidence": 0.741
    }
  ],
  "brands": [],
  "requestId": "6963c830-550c-459c-8acf-7c2987ddb76a",
  "metadata": {
    "width": 1280,
    "height": 720,
    "format": "Png"
  },
  "modelVersion": "2021-05-01"
}