{
  "categories": [
    {
      "name": "others_",
      "score": 0.00390625
    },
    {
      "name": "people_",
      "score": 0.515625
    }
  ],
  "adult": {
    "isAdultContent": false,
    "isRacyContent": false,
    "isGoryContent": false,
    "adultScore": 0.008055371232330799,
    "racyScore": 0.01000787504017353,
    "goreScore": 0.00071244704304263
  },
  "color": {
    "dominantColorForeground": "Black",
    "dominantColorBackground": "Black",
    "dominantColors": [
      "Black"
    ],
    "accentColor": "1E5EAD",
    "isBWImg": false
  },
  "imageType": {
    "clipArtType": 0,
    "lineDrawingType": 0
  },
  "tags": [
    {
      "name": "human face",
      "confidence": 0.9921711683273315
    },
    {
      "name": "clothing",
      "confidence": 0.9717499017715454
    },
    {
      "name": "person",
      "confidence": 0.962327241897583
    },
    {
      "name": "man",
      "confidence": 0.9422107934951782
    },
    {
      "name": "screenshot",
      "confidence": 0.9393190145492554
    },
    {
      "name": "gentleman",
      "confidence": 0.8655927777290344
    },
    {
      "name": "darkness",
      "confidence": 0.8612422943115234
    },
    {
      "name": "black",
      "confidence": 0.8421460390090942
    },
    {
      "name": "indoor",
      "confidence": 0.6573027968406677
    },
    {
      "name": "dark",
      "confidence": 0.5520559549331665
    },
    {
      "name": "wearing",
      "confidence": 0.5402022004127502
    }
  ],
  "description": {
    "tags": [
      "person",
      "man",
      "music",
      "indoor",
      "brass",
      "dark"
    ],
    "captions": [
      {
        "text": "a man in a suit",
        "confidence": 0.31646063923835754
      }
    ]
  },
  "faces": [],
  "objects": [
    {
      "rectangle": {
        "x": 191,
        "y": 35,
        "w": 397,
        "h": 538
      },
      "object": "person",
      "confidence": 0.655
    },
    {
      "rectangle": {
        "x": 702,
        "y": 78,
        "w": 416,
        "h": 568
      },
      "object": "person",
      "confidence": 0.833
    }
  ],
  "brands": [],
  "requestId": "2eb00cc5-d78b-4e6f-9f34-7cec512b9509",
  "metadata": {
    "width": 1280,
    "height": 720,
    "format": "Png"
  },
  "modelVersion": "2021-05-01"
}