{
  "categories": [
    {
      "name": "people_show",
      "score": 0.80859375
    }
  ],
  "adult": {
    "isAdultContent": false,
    "isRacyContent": false,
    "isGoryContent": false,
    "adultScore": 0.027380570769309998,
    "racyScore": 0.04867196083068848,
    "goreScore": 0.10023801028728485
  },
  "color": {
    "dominantColorForeground": "Black",
    "dominantColorBackground": "Black",
    "dominantColors": [
      "Black",
      "Brown"
    ],
    "accentColor": "914F3A",
    "isBWImg": false
  },
  "imageType": {
    "clipArtType": 0,
    "lineDrawingType": 0
  },
  "tags": [
    {
      "name": "human face",
      "confidence": 0.9728376865386963
    },
    {
      "name": "person",
      "confidence": 0.9437390565872192
    },
    {
      "name": "candle",
      "confidence": 0.9426594972610474
    },
    {
      "name": "night",
      "confidence": 0.5773009657859802
    }
  ],
  "description": {
    "tags": [
      "person",
      "dark"
    ],
    "captions": [
      {
        "text": "a group of people sitting at a table with candles",
        "confidence": 0.45691972970962524
      }
    ]
  },
  "faces": [],
  "objects": [
    {
      "rectangle": {
        "x": 693,
        "y": 166,
        "w": 291,
        "h": 507
      },
      "object": "person",
      "confidence": 0.759
    }
  ],
  "brands": [],
  "requestId": "26dc4e4a-fd84-41fc-882f-5236e46ed755",
  "metadata": {
    "width": 1280,
    "height": 720,
    "format": "Png"
  },
  "modelVersion": "2021-05-01"
}