{
  "categories": [
    {
      "name": "abstract_",
      "score": 0.00390625
    },
    {
      "name": "others_",
      "score": 0.2578125
    },
    {
      "name": "outdoor_",
      "score": 0.00390625,
      "detail": {
        "landmarks": []
      }
    }
  ],
  "adult": {
    "isAdultContent": false,
    "isRacyContent": false,
    "isGoryContent": false,
    "adultScore": 0.015100590884685516,
    "racyScore": 0.01859014853835106,
    "goreScore": 0.0012420548591762781
  },
  "color": {
    "dominantColorForeground": "Black",
    "dominantColorBackground": "Black",
    "dominantColors": [
      "Black"
    ],
    "accentColor": "976534",
    "isBWImg": false
  },
  "imageType": {
    "clipArtType": 0,
    "lineDrawingType": 0
  },
  "tags": [
    {
      "name": "clothing",
      "confidence": 0.9810394048690796
    },
    {
      "name": "person",
      "confidence": 0.979499340057373
    },
    {
      "name": "man",
      "confidence": 0.9235363602638245
    },
    {
      "name": "footwear",
      "confidence": 0.8836566209793091
    },
    {
      "name": "snapshot",
      "confidence": 0.8827478289604187
    },
    {
      "name": "street",
      "confidence": 0.8527201414108276
    },
    {
      "name": "ceiling",
      "confidence": 0.6566200852394104
    },
    {
      "name": "night",
      "confidence": 0.6516064405441284
    },
    {
      "name": "standing",
      "confidence": 0.6339115500450134
    },
    {
      "name": "people",
      "confidence": 0.6333414912223816
    },
    {
      "name": "outdoor",
      "confidence": 0.5640522837638855
    }
  ],
  "description": {
    "tags": [],
    "captions": [
      {
        "text": "a person walking in front of a car",
        "confidence": 0.3635486960411072
      }
    ]
  },
  "faces": [],
  "objects": [
    {
      "rectangle": {
        "x": 693,
        "y": 318,
        "w": 276,
        "h": 372
      },
      "object": "person",
      "confidence": 0.743
    }
  ],
  "brands": [],
  "requestId": "768842fe-12e3-492b-98fd-eef8c36535cf",
  "metadata": {
    "width": 1280,
    "height": 720,
    "format": "Png"
  },
  "modelVersion": "2021-05-01"
}