{
  "categories": [
    {
      "name": "abstract_",
      "score": 0.01171875
    },
    {
      "name": "building_pillar",
      "score": 0.44921875,
      "detail": {
        "landmarks": []
      }
    },
    {
      "name": "others_",
      "score": 0.00390625
    }
  ],
  "adult": {
    "isAdultContent": false,
    "isRacyContent": false,
    "isGoryContent": false,
    "adultScore": 0.0049056257121264935,
    "racyScore": 0.008085327222943306,
    "goreScore": 0.0004632982308976352
  },
  "color": {
    "dominantColorForeground": "Grey",
    "dominantColorBackground": "Grey",
    "dominantColors": [
      "Grey",
      "Black"
    ],
    "accentColor": "766A55",
    "isBWImg": false
  },
  "imageType": {
    "clipArtType": 0,
    "lineDrawingType": 0
  },
  "tags": [
    {
      "name": "building",
      "confidence": 0.9980429410934448
    },
    {
      "name": "door",
      "confidence": 0.9817596673965454
    },
    {
      "name": "property",
      "confidence": 0.9346040487289429
    },
    {
      "name": "architecture",
      "confidence": 0.8806072473526001
    },
    {
      "name": "fixture",
      "confidence": 0.86854088306427
    },
    {
      "name": "home door",
      "confidence": 0.8670531511306763
    },
    {
      "name": "outdoor",
      "confidence": 0.7768393754959106
    }
  ],
  "description": {
    "tags": [],
    "captions": [
      {
        "text": "a black door in a room",
        "confidence": 0.41042450070381165
      }
    ]
  },
  "faces": [],
  "objects": [
    {
      "rectangle": {
        "x": 1087,
        "y": 19,
        "w": 193,
        "h": 567
      },
      "object": "dormer window",
      "confidence": 0.61,
      "parent": {
        "object": "window",
        "confidence": 0.791
      }
    }
  ],
  "brands": [],
  "requestId": "e8bf9906-6f98-4b06-81be-ea6e33ad0adc",
  "metadata": {
    "width": 1280,
    "height": 720,
    "format": "Png"
  },
  "modelVersion": "2021-05-01"
}