{
  "categories": [
    {
      "name": "others_",
      "score": 0.37109375
    },
    {
      "name": "outdoor_",
      "score": 0.00390625,
      "detail": {
        "landmarks": []
      }
    }
  ],
  "adult": {
    "isAdultContent": false,
    "isRacyContent": false,
    "isGoryContent": false,
    "adultScore": 0.016908660531044006,
    "racyScore": 0.03021256998181343,
    "goreScore": 0.0025979839265346527
  },
  "color": {
    "dominantColorForeground": "Black",
    "dominantColorBackground": "Grey",
    "dominantColors": [
      "Black",
      "Grey"
    ],
    "accentColor": "595045",
    "isBWImg": false
  },
  "imageType": {
    "clipArtType": 0,
    "lineDrawingType": 0
  },
  "tags": [
    {
      "name": "clothing",
      "confidence": 0.9613209366798401
    },
    {
      "name": "indoor",
      "confidence": 0.9595644474029541
    },
    {
      "name": "person",
      "confidence": 0.9520581960678101
    },
    {
      "name": "furniture",
      "confidence": 0.9403741359710693
    },
    {
      "name": "blurry",
      "confidence": 0.9023784399032593
    },
    {
      "name": "table",
      "confidence": 0.897126317024231
    },
    {
      "name": "wall",
      "confidence": 0.8360251188278198
    }
  ],
  "description": {
    "tags": [
      "text",
      "indoor"
    ],
    "captions": [
      {
        "text": "a person in a military uniform",
        "confidence": 0.34463271498680115
      }
    ]
  },
  "faces": [],
  "objects": [
    {
      "rectangle": {
        "x": 19,
        "y": 266,
        "w": 198,
        "h": 186
      },
      "object": "person",
      "confidence": 0.756
    },
    {
      "rectangle": {
        "x": 433,
        "y": 16,
        "w": 623,
        "h": 704
      },
      "object": "person",
      "confidence": 0.878
    },
    {
      "rectangle": {
        "x": 6,
        "y": 404,
        "w": 469,
        "h": 310
      },
      "object": "table",
      "confidence": 0.551
    }
  ],
  "brands": [],
  "requestId": "4c1c3ae5-132f-425e-9b81-ff6d582911a5",
  "metadata": {
    "width": 1280,
    "height": 720,
    "format": "Png"
  },
  "modelVersion": "2021-05-01"
}