{
  "categories": [
    {
      "name": "abstract_",
      "score": 0.00390625
    },
    {
      "name": "others_",
      "score": 0.01953125
    }
  ],
  "adult": {
    "isAdultContent": false,
    "isRacyContent": false,
    "isGoryContent": false,
    "adultScore": 0.0053121005184948444,
    "racyScore": 0.00724288634955883,
    "goreScore": 0.0005317630711942911
  },
  "color": {
    "dominantColorForeground": "Black",
    "dominantColorBackground": "Black",
    "dominantColors": [
      "Black"
    ],
    "accentColor": "5E4D38",
    "isBWImg": false
  },
  "imageType": {
    "clipArtType": 0,
    "lineDrawingType": 0
  },
  "tags": [
    {
      "name": "person",
      "confidence": 0.9749519228935242
    },
    {
      "name": "human face",
      "confidence": 0.9748516082763672
    },
    {
      "name": "clothing",
      "confidence": 0.9653850197792053
    },
    {
      "name": "man",
      "confidence": 0.9539774656295776
    },
    {
      "name": "screenshot",
      "confidence": 0.8640782833099365
    },
    {
      "name": "gentleman",
      "confidence": 0.8483659029006958
    },
    {
      "name": "people",
      "confidence": 0.5620890855789185
    },
    {
      "name": "indoor",
      "confidence": 0.5506055355072021
    }
  ],
  "description": {
    "tags": [
      "person",
      "dark"
    ],
    "captions": [
      {
        "text": "a person holding a gun",
        "confidence": 0.2711237668991089
      }
    ]
  },
  "faces": [],
  "objects": [
    {
      "rectangle": {
        "x": 224,
        "y": 74,
        "w": 242,
        "h": 313
      },
      "object": "person",
      "confidence": 0.583
    },
    {
      "rectangle": {
        "x": 779,
        "y": 78,
        "w": 474,
        "h": 562
      },
      "object": "person",
      "confidence": 0.664
    }
  ],
  "brands": [],
  "requestId": "d815db3d-f160-4d48-aec3-97e0ee66df65",
  "metadata": {
    "width": 1280,
    "height": 720,
    "format": "Png"
  },
  "modelVersion": "2021-05-01"
}