{
  "categories": [
    {
      "name": "abstract_",
      "score": 0.00390625
    },
    {
      "name": "others_",
      "score": 0.2109375
    }
  ],
  "adult": {
    "isAdultContent": false,
    "isRacyContent": false,
    "isGoryContent": false,
    "adultScore": 0.021671704947948456,
    "racyScore": 0.08322940766811371,
    "goreScore": 0.00530601479113102
  },
  "color": {
    "dominantColorForeground": "Black",
    "dominantColorBackground": "Black",
    "dominantColors": [
      "Black",
      "Grey"
    ],
    "accentColor": "596572",
    "isBWImg": false
  },
  "imageType": {
    "clipArtType": 0,
    "lineDrawingType": 0
  },
  "tags": [
    {
      "name": "indoor",
      "confidence": 0.9465629458427429
    },
    {
      "name": "wall",
      "confidence": 0.9300245642662048
    },
    {
      "name": "person",
      "confidence": 0.913941502571106
    },
    {
      "name": "clothing",
      "confidence": 0.8783928155899048
    },
    {
      "name": "projector",
      "confidence": 0.6255786418914795
    }
  ],
  "description": {
    "tags": [
      "indoor",
      "wall"
    ],
    "captions": [
      {
        "text": "a person playing a video game",
        "confidence": 0.4518369138240814
      }
    ]
  },
  "faces": [],
  "objects": [],
  "brands": [],
  "requestId": "5cc4022b-7b88-4478-a5ce-94dbebc715ee",
  "metadata": {
    "width": 1280,
    "height": 720,
    "format": "Png"
  },
  "modelVersion": "2021-05-01"
}