{
  "categories": [
    {
      "name": "abstract_",
      "score": 0.0078125
    },
    {
      "name": "others_",
      "score": 0.01171875
    }
  ],
  "adult": {
    "isAdultContent": false,
    "isRacyContent": false,
    "isGoryContent": false,
    "adultScore": 0.02339833229780197,
    "racyScore": 0.029187282547354698,
    "goreScore": 0.01740184985101223
  },
  "color": {
    "dominantColorForeground": "Black",
    "dominantColorBackground": "Black",
    "dominantColors": [
      "Black",
      "Brown"
    ],
    "accentColor": "271D06",
    "isBWImg": false
  },
  "imageType": {
    "clipArtType": 0,
    "lineDrawingType": 0
  },
  "tags": [
    {
      "name": "indoor",
      "confidence": 0.8822154998779297
    },
    {
      "name": "human face",
      "confidence": 0.8810832500457764
    },
    {
      "name": "photograph",
      "confidence": 0.8417717218399048
    },
    {
      "name": "person",
      "confidence": 0.7805551886558533
    },
    {
      "name": "child",
      "confidence": 0.4319639503955841
    }
  ],
  "description": {
    "tags": [
      "text",
      "person",
      "nature",
      "dark",
      "fireplace"
    ],
    "captions": [
      {
        "text": "a group of people dancing",
        "confidence": 0.4288157820701599
      }
    ]
  },
  "faces": [
    {
      "age": 16,
      "gender": "Female",
      "faceRectangle": {
        "left": 840,
        "top": 211,
        "width": 55,
        "height": 55
      }
    }
  ],
  "objects": [
    {
      "rectangle": {
        "x": 777,
        "y": 179,
        "w": 241,
        "h": 489
      },
      "object": "person",
      "confidence": 0.717
    }
  ],
  "brands": [],
  "requestId": "d565137b-cd08-4ad5-a593-a1f0e60ad50b",
  "metadata": {
    "width": 1280,
    "height": 720,
    "format": "Png"
  },
  "modelVersion": "2021-05-01"
}