{
  "categories": [
    {
      "name": "others_",
      "score": 0.0078125
    },
    {
      "name": "people_",
      "score": 0.42578125
    }
  ],
  "adult": {
    "isAdultContent": false,
    "isRacyContent": false,
    "isGoryContent": false,
    "adultScore": 0.006388162262737751,
    "racyScore": 0.008143995888531208,
    "goreScore": 0.0007054595625959337
  },
  "color": {
    "dominantColorForeground": "Black",
    "dominantColorBackground": "Black",
    "dominantColors": [
      "Black"
    ],
    "accentColor": "2C5E9F",
    "isBWImg": false
  },
  "imageType": {
    "clipArtType": 0,
    "lineDrawingType": 0
  },
  "tags": [
    {
      "name": "human face",
      "confidence": 0.9892436861991882
    },
    {
      "name": "clothing",
      "confidence": 0.9735622406005859
    },
    {
      "name": "person",
      "confidence": 0.9515194892883301
    },
    {
      "name": "screenshot",
      "confidence": 0.9410833716392517
    },
    {
      "name": "man",
      "confidence": 0.9378836154937744
    },
    {
      "name": "gentleman",
      "confidence": 0.9256869554519653
    },
    {
      "name": "black",
      "confidence": 0.8540080785751343
    },
    {
      "name": "darkness",
      "confidence": 0.8412135243415833
    },
    {
      "name": "bow tie",
      "confidence": 0.740919828414917
    },
    {
      "name": "wearing",
      "confidence": 0.6072152256965637
    },
    {
      "name": "dark",
      "confidence": 0.5554736256599426
    }
  ],
  "description": {
    "tags": [
      "man",
      "person",
      "dark",
      "necktie"
    ],
    "captions": [
      {
        "text": "a man holding a gun",
        "confidence": 0.3702891170978546
      }
    ]
  },
  "faces": [],
  "objects": [
    {
      "rectangle": {
        "x": 189,
        "y": 46,
        "w": 393,
        "h": 525
      },
      "object": "person",
      "confidence": 0.752
    },
    {
      "rectangle": {
        "x": 728,
        "y": 69,
        "w": 408,
        "h": 578
      },
      "object": "person",
      "confidence": 0.825
    }
  ],
  "brands": [],
  "requestId": "2dc35d59-1308-4a6e-94ec-8e60c0ed54d8",
  "metadata": {
    "width": 1280,
    "height": 720,
    "format": "Png"
  },
  "modelVersion": "2021-05-01"
}