{
  "categories": [
    {
      "name": "abstract_",
      "score": 0.00390625
    },
    {
      "name": "others_",
      "score": 0.03125
    }
  ],
  "adult": {
    "isAdultContent": false,
    "isRacyContent": false,
    "isGoryContent": false,
    "adultScore": 0.013995149172842503,
    "racyScore": 0.018174104392528534,
    "goreScore": 0.0006008722702972591
  },
  "color": {
    "dominantColorForeground": "Black",
    "dominantColorBackground": "Black",
    "dominantColors": [
      "Black"
    ],
    "accentColor": "3C4965",
    "isBWImg": false
  },
  "imageType": {
    "clipArtType": 0,
    "lineDrawingType": 0
  },
  "tags": [
    {
      "name": "human face",
      "confidence": 0.9920434355735779
    },
    {
      "name": "person",
      "confidence": 0.9788027405738831
    },
    {
      "name": "clothing",
      "confidence": 0.9758158922195435
    },
    {
      "name": "man",
      "confidence": 0.9437925815582275
    },
    {
      "name": "darkness",
      "confidence": 0.9149844646453857
    },
    {
      "name": "black",
      "confidence": 0.889272928237915
    },
    {
      "name": "screenshot",
      "confidence": 0.8651504516601562
    },
    {
      "name": "dark",
      "confidence": 0.6581404209136963
    },
    {
      "name": "indoor",
      "confidence": 0.5283569693565369
    }
  ],
  "description": {
    "tags": [
      "person",
      "indoor"
    ],
    "captions": [
      {
        "text": "a man holding a gun",
        "confidence": 0.4835171401500702
      }
    ]
  },
  "faces": [],
  "objects": [
    {
      "rectangle": {
        "x": 197,
        "y": 36,
        "w": 379,
        "h": 541
      },
      "object": "person",
      "confidence": 0.628
    },
    {
      "rectangle": {
        "x": 428,
        "y": 29,
        "w": 353,
        "h": 555
      },
      "object": "person",
      "confidence": 0.556
    },
    {
      "rectangle": {
        "x": 689,
        "y": 105,
        "w": 410,
        "h": 543
      },
      "object": "person",
      "confidence": 0.837
    }
  ],
  "brands": [],
  "requestId": "e3d2d69f-83f3-40b5-a629-0c8840b53c14",
  "metadata": {
    "width": 1280,
    "height": 720,
    "format": "Png"
  },
  "modelVersion": "2021-05-01"
}