{
  "categories": [
    {
      "name": "others_",
      "score": 0.0234375
    }
  ],
  "adult": {
    "isAdultContent": false,
    "isRacyContent": false,
    "isGoryContent": false,
    "adultScore": 0.010652367025613785,
    "racyScore": 0.01182602345943451,
    "goreScore": 0.0006007173215039074
  },
  "color": {
    "dominantColorForeground": "Black",
    "dominantColorBackground": "Black",
    "dominantColors": [
      "Black"
    ],
    "accentColor": "1A51B1",
    "isBWImg": false
  },
  "imageType": {
    "clipArtType": 1,
    "lineDrawingType": 0
  },
  "tags": [
    {
      "name": "human face",
      "confidence": 0.9910575151443481
    },
    {
      "name": "clothing",
      "confidence": 0.9883462190628052
    },
    {
      "name": "person",
      "confidence": 0.9845610857009888
    },
    {
      "name": "man",
      "confidence": 0.9385417699813843
    },
    {
      "name": "screenshot",
      "confidence": 0.8771892786026001
    },
    {
      "name": "gentleman",
      "confidence": 0.8691091537475586
    },
    {
      "name": "black",
      "confidence": 0.8542498350143433
    },
    {
      "name": "darkness",
      "confidence": 0.8495359420776367
    },
    {
      "name": "indoor",
      "confidence": 0.6205469369888306
    },
    {
      "name": "dark",
      "confidence": 0.5871655344963074
    },
    {
      "name": "wearing",
      "confidence": 0.5448706150054932
    }
  ],
  "description": {
    "tags": [
      "person",
      "man",
      "indoor",
      "dark",
      "staring"
    ],
    "captions": [
      {
        "text": "a group of men in a room",
        "confidence": 0.448277086019516
      }
    ]
  },
  "faces": [],
  "objects": [
    {
      "rectangle": {
        "x": 193,
        "y": 46,
        "w": 386,
        "h": 526
      },
      "object": "person",
      "confidence": 0.581
    },
    {
      "rectangle": {
        "x": 453,
        "y": 38,
        "w": 389,
        "h": 544
      },
      "object": "person",
      "confidence": 0.678
    },
    {
      "rectangle": {
        "x": 739,
        "y": 77,
        "w": 395,
        "h": 570
      },
      "object": "person",
      "confidence": 0.83
    }
  ],
  "brands": [],
  "requestId": "7ab7e2b8-7e7e-43a5-896f-aefb062d708c",
  "metadata": {
    "width": 1280,
    "height": 720,
    "format": "Png"
  },
  "modelVersion": "2021-05-01"
}