{
  "categories": [
    {
      "name": "abstract_",
      "score": 0.01171875
    },
    {
      "name": "others_",
      "score": 0.0703125
    },
    {
      "name": "outdoor_",
      "score": 0.0078125,
      "detail": {
        "landmarks": []
      }
    }
  ],
  "adult": {
    "isAdultContent": false,
    "isRacyContent": false,
    "isGoryContent": false,
    "adultScore": 0.012385078705847263,
    "racyScore": 0.039649251848459244,
    "goreScore": 0.002883721375837922
  },
  "color": {
    "dominantColorForeground": "Black",
    "dominantColorBackground": "Black",
    "dominantColors": [
      "Black",
      "Grey"
    ],
    "accentColor": "856046",
    "isBWImg": false
  },
  "imageType": {
    "clipArtType": 0,
    "lineDrawingType": 0
  },
  "tags": [
    {
      "name": "mammal",
      "confidence": 0.9394262433052063
    },
    {
      "name": "screenshot",
      "confidence": 0.9002460241317749
    },
    {
      "name": "person",
      "confidence": 0.8216951489448547
    },
    {
      "name": "indoor",
      "confidence": 0.5558190941810608
    }
  ],
  "description": {
    "tags": [],
    "captions": [
      {
        "text": "a person looking at a cow",
        "confidence": 0.34521055221557617
      }
    ]
  },
  "faces": [],
  "objects": [
    {
      "rectangle": {
        "x": 755,
        "y": 274,
        "w": 374,
        "h": 316
      },
      "object": "Cart",
      "confidence": 0.55,
      "parent": {
        "object": "car",
        "confidence": 0.606,
        "parent": {
          "object": "Land vehicle",
          "confidence": 0.647,
          "parent": {
            "object": "Vehicle",
            "confidence": 0.648
          }
        }
      }
    },
    {
      "rectangle": {
        "x": 12,
        "y": 16,
        "w": 463,
        "h": 704
      },
      "object": "person",
      "confidence": 0.773
    }
  ],
  "brands": [],
  "requestId": "f532e321-a268-46b2-be00-16e30a910875",
  "metadata": {
    "width": 1280,
    "height": 720,
    "format": "Png"
  },
  "modelVersion": "2021-05-01"
}