{
  "categories": [
    {
      "name": "others_",
      "score": 0.00390625
    },
    {
      "name": "people_",
      "score": 0.41796875
    }
  ],
  "adult": {
    "isAdultContent": false,
    "isRacyContent": false,
    "isGoryContent": false,
    "adultScore": 0.006120710168033838,
    "racyScore": 0.0077643548138439655,
    "goreScore": 0.0006307466537691653
  },
  "color": {
    "dominantColorForeground": "Black",
    "dominantColorBackground": "Black",
    "dominantColors": [
      "Black"
    ],
    "accentColor": "195EB2",
    "isBWImg": false
  },
  "imageType": {
    "clipArtType": 0,
    "lineDrawingType": 0
  },
  "tags": [
    {
      "name": "human face",
      "confidence": 0.9932082891464233
    },
    {
      "name": "clothing",
      "confidence": 0.9834669232368469
    },
    {
      "name": "person",
      "confidence": 0.9457733631134033
    },
    {
      "name": "screenshot",
      "confidence": 0.9219803810119629
    },
    {
      "name": "man",
      "confidence": 0.9024456143379211
    },
    {
      "name": "gentleman",
      "confidence": 0.8850225210189819
    },
    {
      "name": "indoor",
      "confidence": 0.5826907753944397
    },
    {
      "name": "wearing",
      "confidence": 0.5481694936752319
    }
  ],
  "description": {
    "tags": [
      "person",
      "man",
      "indoor",
      "dark"
    ],
    "captions": [
      {
        "text": "a group of men in a dark room",
        "confidence": 0.4811621308326721
      }
    ]
  },
  "faces": [],
  "objects": [
    {
      "rectangle": {
        "x": 189,
        "y": 36,
        "w": 381,
        "h": 543
      },
      "object": "person",
      "confidence": 0.67
    },
    {
      "rectangle": {
        "x": 710,
        "y": 85,
        "w": 406,
        "h": 566
      },
      "object": "person",
      "confidence": 0.839
    }
  ],
  "brands": [],
  "requestId": "b6d5658a-11be-41ee-a722-cb3d6e3a8cfd",
  "metadata": {
    "width": 1280,
    "height": 720,
    "format": "Png"
  },
  "modelVersion": "2021-05-01"
}