{
  "categories": [
    {
      "name": "abstract_",
      "score": 0.00390625
    },
    {
      "name": "others_",
      "score": 0.01171875
    }
  ],
  "adult": {
    "isAdultContent": false,
    "isRacyContent": false,
    "isGoryContent": false,
    "adultScore": 0.011552371084690094,
    "racyScore": 0.013485030271112919,
    "goreScore": 0.0008531195926479995
  },
  "color": {
    "dominantColorForeground": "Black",
    "dominantColorBackground": "Black",
    "dominantColors": [
      "Black"
    ],
    "accentColor": "465885",
    "isBWImg": false
  },
  "imageType": {
    "clipArtType": 0,
    "lineDrawingType": 0
  },
  "tags": [
    {
      "name": "human face",
      "confidence": 0.9903734922409058
    },
    {
      "name": "clothing",
      "confidence": 0.9792859554290771
    },
    {
      "name": "person",
      "confidence": 0.974907636642456
    },
    {
      "name": "screenshot",
      "confidence": 0.9378014802932739
    },
    {
      "name": "black",
      "confidence": 0.8883776664733887
    },
    {
      "name": "darkness",
      "confidence": 0.8811597228050232
    },
    {
      "name": "gentleman",
      "confidence": 0.8608747720718384
    },
    {
      "name": "man",
      "confidence": 0.8577353954315186
    },
    {
      "name": "dark",
      "confidence": 0.6522240042686462
    },
    {
      "name": "bow tie",
      "confidence": 0.6212313771247864
    },
    {
      "name": "indoor",
      "confidence": 0.5904823541641235
    }
  ],
  "description": {
    "tags": [
      "person",
      "indoor",
      "dark"
    ],
    "captions": [
      {
        "text": "a group of men in a dark room",
        "confidence": 0.4873966872692108
      }
    ]
  },
  "faces": [],
  "objects": [
    {
      "rectangle": {
        "x": 188,
        "y": 22,
        "w": 390,
        "h": 560
      },
      "object": "person",
      "confidence": 0.6
    },
    {
      "rectangle": {
        "x": 700,
        "y": 67,
        "w": 407,
        "h": 578
      },
      "object": "person",
      "confidence": 0.803
    }
  ],
  "brands": [],
  "requestId": "7387baf5-9928-47ab-bc56-a5e649e38eec",
  "metadata": {
    "width": 1280,
    "height": 720,
    "format": "Png"
  },
  "modelVersion": "2021-05-01"
}