{
  "categories": [
    {
      "name": "others_",
      "score": 0.00390625
    },
    {
      "name": "people_",
      "score": 0.4375
    }
  ],
  "adult": {
    "isAdultContent": false,
    "isRacyContent": false,
    "isGoryContent": false,
    "adultScore": 0.00501920934766531,
    "racyScore": 0.006828386802226305,
    "goreScore": 0.0005051370826549828
  },
  "color": {
    "dominantColorForeground": "Black",
    "dominantColorBackground": "Black",
    "dominantColors": [
      "Black"
    ],
    "accentColor": "1F5BAC",
    "isBWImg": false
  },
  "imageType": {
    "clipArtType": 0,
    "lineDrawingType": 0
  },
  "tags": [
    {
      "name": "human face",
      "confidence": 0.992343544960022
    },
    {
      "name": "clothing",
      "confidence": 0.9729382991790771
    },
    {
      "name": "person",
      "confidence": 0.9673323631286621
    },
    {
      "name": "man",
      "confidence": 0.9083223342895508
    },
    {
      "name": "screenshot",
      "confidence": 0.8671841621398926
    },
    {
      "name": "indoor",
      "confidence": 0.6610849499702454
    },
    {
      "name": "dark",
      "confidence": 0.5511970520019531
    }
  ],
  "description": {
    "tags": [
      "man",
      "person",
      "dark"
    ],
    "captions": [
      {
        "text": "a group of men in a dark room",
        "confidence": 0.4768228530883789
      }
    ]
  },
  "faces": [],
  "objects": [
    {
      "rectangle": {
        "x": 194,
        "y": 32,
        "w": 404,
        "h": 544
      },
      "object": "person",
      "confidence": 0.74
    },
    {
      "rectangle": {
        "x": 705,
        "y": 69,
        "w": 412,
        "h": 571
      },
      "object": "person",
      "confidence": 0.841
    }
  ],
  "brands": [],
  "requestId": "c6c865bf-435f-4ff4-8878-5ec9100a7e86",
  "metadata": {
    "width": 1280,
    "height": 720,
    "format": "Png"
  },
  "modelVersion": "2021-05-01"
}