{
  "categories": [
    {
      "name": "abstract_",
      "score": 0.00390625
    },
    {
      "name": "others_",
      "score": 0.0078125
    },
    {
      "name": "outdoor_",
      "score": 0.04296875,
      "detail": {
        "landmarks": []
      }
    }
  ],
  "adult": {
    "isAdultContent": false,
    "isRacyContent": false,
    "isGoryContent": false,
    "adultScore": 0.004351493436843157,
    "racyScore": 0.00956171378493309,
    "goreScore": 0.0005009197047911584
  },
  "color": {
    "dominantColorForeground": "Black",
    "dominantColorBackground": "Blue",
    "dominantColors": [
      "Blue",
      "Black",
      "Grey"
    ],
    "accentColor": "245BA7",
    "isBWImg": false
  },
  "imageType": {
    "clipArtType": 0,
    "lineDrawingType": 0
  },
  "tags": [
    {
      "name": "outdoor",
      "confidence": 0.976523756980896
    },
    {
      "name": "sky",
      "confidence": 0.9642226696014404
    },
    {
      "name": "person",
      "confidence": 0.9441603422164917
    },
    {
      "name": "man",
      "confidence": 0.9144101142883301
    },
    {
      "name": "clothing",
      "confidence": 0.8773646354675293
    },
    {
      "name": "water",
      "confidence": 0.8605020046234131
    },
    {
      "name": "beach",
      "confidence": 0.8283969163894653
    },
    {
      "name": "ground",
      "confidence": 0.8188984990119934
    },
    {
      "name": "suit",
      "confidence": 0.7943280339241028
    },
    {
      "name": "night",
      "confidence": 0.5865365862846375
    },
    {
      "name": "ocean",
      "confidence": 0.4648742973804474
    }
  ],
  "description": {
    "tags": [],
    "captions": [
      {
        "text": "a man in a suit standing next to a row of airplanes",
        "confidence": 0.44613924622535706
      }
    ]
  },
  "faces": [],
  "objects": [
    {
      "rectangle": {
        "x": 866,
        "y": 120,
        "w": 304,
        "h": 593
      },
      "object": "person",
      "confidence": 0.651
    }
  ],
  "brands": [],
  "requestId": "4e34630c-8857-4119-9f9c-359fd08b3ac5",
  "metadata": {
    "width": 1280,
    "height": 720,
    "format": "Png"
  },
  "modelVersion": "2021-05-01"
}