{
  "categories": [
    {
      "name": "others_",
      "score": 0.0078125
    },
    {
      "name": "people_",
      "score": 0.42578125
    }
  ],
  "adult": {
    "isAdultContent": false,
    "isRacyContent": false,
    "isGoryContent": false,
    "adultScore": 0.008006298914551735,
    "racyScore": 0.010015183128416538,
    "goreScore": 0.0006654189783148468
  },
  "color": {
    "dominantColorForeground": "Black",
    "dominantColorBackground": "Black",
    "dominantColors": [
      "Black"
    ],
    "accentColor": "225AA9",
    "isBWImg": false
  },
  "imageType": {
    "clipArtType": 0,
    "lineDrawingType": 0
  },
  "tags": [
    {
      "name": "human face",
      "confidence": 0.9929870963096619
    },
    {
      "name": "clothing",
      "confidence": 0.9737706780433655
    },
    {
      "name": "person",
      "confidence": 0.9628795385360718
    },
    {
      "name": "man",
      "confidence": 0.9428736567497253
    },
    {
      "name": "gentleman",
      "confidence": 0.8423912525177002
    },
    {
      "name": "indoor",
      "confidence": 0.7837891578674316
    },
    {
      "name": "wearing",
      "confidence": 0.5459992289543152
    },
    {
      "name": "train",
      "confidence": 0.4085264205932617
    }
  ],
  "description": {
    "tags": [
      "person",
      "indoor"
    ],
    "captions": [
      {
        "text": "a group of men in a room",
        "confidence": 0.418213814496994
      }
    ]
  },
  "faces": [],
  "objects": [
    {
      "rectangle": {
        "x": 207,
        "y": 36,
        "w": 263,
        "h": 352
      },
      "object": "person",
      "confidence": 0.523
    },
    {
      "rectangle": {
        "x": 199,
        "y": 35,
        "w": 392,
        "h": 538
      },
      "object": "person",
      "confidence": 0.69
    },
    {
      "rectangle": {
        "x": 474,
        "y": 28,
        "w": 357,
        "h": 560
      },
      "object": "person",
      "confidence": 0.644
    },
    {
      "rectangle": {
        "x": 712,
        "y": 49,
        "w": 406,
        "h": 584
      },
      "object": "person",
      "confidence": 0.82
    }
  ],
  "brands": [],
  "requestId": "31cdeb33-a760-4289-8029-f397f87d3921",
  "metadata": {
    "width": 1280,
    "height": 720,
    "format": "Png"
  },
  "modelVersion": "2021-05-01"
}