{
  "categories": [
    {
      "name": "abstract_",
      "score": 0.00390625
    },
    {
      "name": "others_",
      "score": 0.01171875
    },
    {
      "name": "outdoor_",
      "score": 0.03125,
      "detail": {
        "landmarks": []
      }
    },
    {
      "name": "text_sign",
      "score": 0.140625
    }
  ],
  "adult": {
    "isAdultContent": false,
    "isRacyContent": false,
    "isGoryContent": false,
    "adultScore": 0.005773079115897417,
    "racyScore": 0.012064194306731224,
    "goreScore": 0.0005358949420042336
  },
  "color": {
    "dominantColorForeground": "Blue",
    "dominantColorBackground": "Blue",
    "dominantColors": [
      "Blue",
      "Black",
      "Grey"
    ],
    "accentColor": "245BA7",
    "isBWImg": false
  },
  "imageType": {
    "clipArtType": 0,
    "lineDrawingType": 0
  },
  "tags": [
    {
      "name": "outdoor",
      "confidence": 0.9776639342308044
    },
    {
      "name": "sky",
      "confidence": 0.9415550827980042
    },
    {
      "name": "person",
      "confidence": 0.9225263595581055
    },
    {
      "name": "man",
      "confidence": 0.9043782949447632
    },
    {
      "name": "water",
      "confidence": 0.8913546800613403
    },
    {
      "name": "ground",
      "confidence": 0.8139218091964722
    },
    {
      "name": "beach",
      "confidence": 0.7990647554397583
    },
    {
      "name": "suit",
      "confidence": 0.7076608538627625
    },
    {
      "name": "night",
      "confidence": 0.6868411898612976
    },
    {
      "name": "nature",
      "confidence": 0.6357452869415283
    },
    {
      "name": "ocean",
      "confidence": 0.5083863139152527
    }
  ],
  "description": {
    "tags": [],
    "captions": [
      {
        "text": "a man in a suit standing next to a row of airplanes",
        "confidence": 0.4401390850543976
      }
    ]
  },
  "faces": [],
  "objects": [
    {
      "rectangle": {
        "x": 946,
        "y": 83,
        "w": 269,
        "h": 441
      },
      "object": "person",
      "confidence": 0.647
    }
  ],
  "brands": [],
  "requestId": "c3c5e4bd-467b-4ad3-8126-41cdc953647a",
  "metadata": {
    "width": 1280,
    "height": 720,
    "format": "Png"
  },
  "modelVersion": "2021-05-01"
}