{
  "categories": [
    {
      "name": "others_",
      "score": 0.00390625
    },
    {
      "name": "people_",
      "score": 0.421875,
      "detail": {
        "celebrities": []
      }
    }
  ],
  "adult": {
    "isAdultContent": false,
    "isRacyContent": false,
    "isGoryContent": false,
    "adultScore": 0.005615757778286934,
    "racyScore": 0.0074018072336912155,
    "goreScore": 0.0005943446303717792
  },
  "color": {
    "dominantColorForeground": "Black",
    "dominantColorBackground": "Black",
    "dominantColors": [
      "Black"
    ],
    "accentColor": "264578",
    "isBWImg": false
  },
  "imageType": {
    "clipArtType": 1,
    "lineDrawingType": 0
  },
  "tags": [
    {
      "name": "human face",
      "confidence": 0.9941079616546631
    },
    {
      "name": "clothing",
      "confidence": 0.9833564758300781
    },
    {
      "name": "person",
      "confidence": 0.970872163772583
    },
    {
      "name": "man",
      "confidence": 0.9392102360725403
    },
    {
      "name": "screenshot",
      "confidence": 0.9040641784667969
    },
    {
      "name": "gentleman",
      "confidence": 0.89903324842453
    },
    {
      "name": "darkness",
      "confidence": 0.8720918893814087
    },
    {
      "name": "black",
      "confidence": 0.8707648515701294
    },
    {
      "name": "wearing",
      "confidence": 0.5892120003700256
    },
    {
      "name": "dark",
      "confidence": 0.5681507587432861
    }
  ],
  "description": {
    "tags": [
      "person",
      "man",
      "indoor"
    ],
    "captions": [
      {
        "text": "a group of men in a dark room",
        "confidence": 0.4507614076137543
      }
    ]
  },
  "faces": [
    {
      "age": 24,
      "gender": "Male",
      "faceRectangle": {
        "left": 853,
        "top": 111,
        "width": 175,
        "height": 175
      }
    }
  ],
  "objects": [
    {
      "rectangle": {
        "x": 191,
        "y": 41,
        "w": 394,
        "h": 538
      },
      "object": "person",
      "confidence": 0.675
    },
    {
      "rectangle": {
        "x": 477,
        "y": 52,
        "w": 347,
        "h": 578
      },
      "object": "person",
      "confidence": 0.671
    },
    {
      "rectangle": {
        "x": 711,
        "y": 69,
        "w": 399,
        "h": 575
      },
      "object": "person",
      "confidence": 0.843
    }
  ],
  "brands": [],
  "requestId": "99b5251e-e01b-4db7-804f-ee6915291581",
  "metadata": {
    "width": 1280,
    "height": 720,
    "format": "Png"
  },
  "modelVersion": "2021-05-01"
}