{
  "categories": [
    {
      "name": "others_",
      "score": 0.05859375
    }
  ],
  "adult": {
    "isAdultContent": false,
    "isRacyContent": false,
    "isGoryContent": false,
    "adultScore": 0.009508945047855377,
    "racyScore": 0.011220571584999561,
    "goreScore": 0.0007925564423203468
  },
  "color": {
    "dominantColorForeground": "Black",
    "dominantColorBackground": "Black",
    "dominantColors": [
      "Black"
    ],
    "accentColor": "345D97",
    "isBWImg": false
  },
  "imageType": {
    "clipArtType": 0,
    "lineDrawingType": 0
  },
  "tags": [
    {
      "name": "human face",
      "confidence": 0.9889844059944153
    },
    {
      "name": "clothing",
      "confidence": 0.9884785413742065
    },
    {
      "name": "person",
      "confidence": 0.985465943813324
    },
    {
      "name": "man",
      "confidence": 0.9196668863296509
    },
    {
      "name": "darkness",
      "confidence": 0.8915857076644897
    },
    {
      "name": "black",
      "confidence": 0.8624350428581238
    },
    {
      "name": "screenshot",
      "confidence": 0.8591653108596802
    },
    {
      "name": "indoor",
      "confidence": 0.701757550239563
    },
    {
      "name": "dark",
      "confidence": 0.5702588558197021
    }
  ],
  "description": {
    "tags": [
      "person",
      "indoor",
      "dark"
    ],
    "captions": [
      {
        "text": "a man holding a gun",
        "confidence": 0.37424013018608093
      }
    ]
  },
  "faces": [],
  "objects": [
    {
      "rectangle": {
        "x": 425,
        "y": 44,
        "w": 331,
        "h": 368
      },
      "object": "person",
      "confidence": 0.656
    },
    {
      "rectangle": {
        "x": 744,
        "y": 71,
        "w": 403,
        "h": 566
      },
      "object": "person",
      "confidence": 0.81
    }
  ],
  "brands": [],
  "requestId": "dbb4b866-ea6d-4ab4-9c54-68aa270a5148",
  "metadata": {
    "width": 1280,
    "height": 720,
    "format": "Png"
  },
  "modelVersion": "2021-05-01"
}