{
  "categories": [
    {
      "name": "others_",
      "score": 0.00390625
    },
    {
      "name": "people_group",
      "score": 0.203125
    }
  ],
  "adult": {
    "isAdultContent": false,
    "isRacyContent": false,
    "isGoryContent": false,
    "adultScore": 0.005816152319312096,
    "racyScore": 0.00747852073982358,
    "goreScore": 0.0005009231972508132
  },
  "color": {
    "dominantColorForeground": "Black",
    "dominantColorBackground": "Black",
    "dominantColors": [
      "Black"
    ],
    "accentColor": "225AA9",
    "isBWImg": false
  },
  "imageType": {
    "clipArtType": 0,
    "lineDrawingType": 0
  },
  "tags": [
    {
      "name": "human face",
      "confidence": 0.9870439171791077
    },
    {
      "name": "person",
      "confidence": 0.9649131298065186
    },
    {
      "name": "man",
      "confidence": 0.9357712268829346
    },
    {
      "name": "clothing",
      "confidence": 0.9327952861785889
    },
    {
      "name": "indoor",
      "confidence": 0.8679264187812805
    },
    {
      "name": "car",
      "confidence": 0.8673173189163208
    },
    {
      "name": "wearing",
      "confidence": 0.6156938672065735
    }
  ],
  "description": {
    "tags": [
      "person",
      "indoor"
    ],
    "captions": [
      {
        "text": "a group of men in a room",
        "confidence": 0.4840105175971985
      }
    ]
  },
  "faces": [],
  "objects": [
    {
      "rectangle": {
        "x": 457,
        "y": 32,
        "w": 291,
        "h": 532
      },
      "object": "person",
      "confidence": 0.531
    },
    {
      "rectangle": {
        "x": 191,
        "y": 39,
        "w": 397,
        "h": 538
      },
      "object": "person",
      "confidence": 0.623
    },
    {
      "rectangle": {
        "x": 669,
        "y": 58,
        "w": 455,
        "h": 585
      },
      "object": "person",
      "confidence": 0.807
    }
  ],
  "brands": [],
  "requestId": "3c9c06f2-19d2-4dfe-bcba-c4bc87228f0a",
  "metadata": {
    "width": 1280,
    "height": 720,
    "format": "Png"
  },
  "modelVersion": "2021-05-01"
}