{
  "categories": [
    {
      "name": "others_",
      "score": 0.0078125
    },
    {
      "name": "people_",
      "score": 0.43359375
    }
  ],
  "adult": {
    "isAdultContent": false,
    "isRacyContent": false,
    "isGoryContent": false,
    "adultScore": 0.00760846259072423,
    "racyScore": 0.009321874938905239,
    "goreScore": 0.0008284897194243968
  },
  "color": {
    "dominantColorForeground": "Black",
    "dominantColorBackground": "Black",
    "dominantColors": [
      "Black"
    ],
    "accentColor": "2D5F9F",
    "isBWImg": false
  },
  "imageType": {
    "clipArtType": 0,
    "lineDrawingType": 0
  },
  "tags": [
    {
      "name": "human face",
      "confidence": 0.9833317399024963
    },
    {
      "name": "person",
      "confidence": 0.9587695002555847
    },
    {
      "name": "clothing",
      "confidence": 0.9482495784759521
    },
    {
      "name": "screenshot",
      "confidence": 0.9063682556152344
    },
    {
      "name": "man",
      "confidence": 0.9033215045928955
    },
    {
      "name": "indoor",
      "confidence": 0.6956111192703247
    },
    {
      "name": "wearing",
      "confidence": 0.5704169869422913
    }
  ],
  "description": {
    "tags": [
      "person",
      "man",
      "indoor",
      "dark",
      "necktie"
    ],
    "captions": [
      {
        "text": "a group of men in a room",
        "confidence": 0.43438681960105896
      }
    ]
  },
  "faces": [],
  "objects": [
    {
      "rectangle": {
        "x": 193,
        "y": 42,
        "w": 385,
        "h": 534
      },
      "object": "person",
      "confidence": 0.742
    },
    {
      "rectangle": {
        "x": 711,
        "y": 41,
        "w": 405,
        "h": 615
      },
      "object": "person",
      "confidence": 0.815
    }
  ],
  "brands": [],
  "requestId": "fa55c00d-a842-48eb-8a27-037c1ea1d3fe",
  "metadata": {
    "width": 1280,
    "height": 720,
    "format": "Png"
  },
  "modelVersion": "2021-05-01"
}