{
  "categories": [
    {
      "name": "dark_",
      "score": 0.46875
    },
    {
      "name": "people_show",
      "score": 0.4453125
    }
  ],
  "adult": {
    "isAdultContent": false,
    "isRacyContent": false,
    "isGoryContent": false,
    "adultScore": 0.045559000223875046,
    "racyScore": 0.0634712427854538,
    "goreScore": 0.008156361058354378
  },
  "color": {
    "dominantColorForeground": "Blue",
    "dominantColorBackground": "Black",
    "dominantColors": [
      "Black",
      "Blue"
    ],
    "accentColor": "0553B0",
    "isBWImg": false
  },
  "imageType": {
    "clipArtType": 0,
    "lineDrawingType": 0
  },
  "tags": [],
  "description": {
    "tags": [
      "dark"
    ],
    "captions": [
      {
        "text": "a blurry image of a person holding a gun",
        "confidence": 0.491847962141037
      }
    ]
  },
  "faces": [],
  "objects": [
    {
      "rectangle": {
        "x": 5,
        "y": 166,
        "w": 470,
        "h": 548
      },
      "object": "Land vehicle",
      "confidence": 0.624,
      "parent": {
        "object": "Vehicle",
        "confidence": 0.627
      }
    }
  ],
  "brands": [],
  "requestId": "e190688a-00cf-4122-ad00-80046ff13e3d",
  "metadata": {
    "width": 1280,
    "height": 720,
    "format": "Png"
  },
  "modelVersion": "2021-05-01"
}