{
  "categories": [
    {
      "name": "others_",
      "score": 0.0078125
    },
    {
      "name": "people_",
      "score": 0.43359375
    }
  ],
  "adult": {
    "isAdultContent": false,
    "isRacyContent": false,
    "isGoryContent": false,
    "adultScore": 0.005489330273121595,
    "racyScore": 0.00714914733543992,
    "goreScore": 0.0005611202795989811
  },
  "color": {
    "dominantColorForeground": "Black",
    "dominantColorBackground": "Black",
    "dominantColors": [
      "Black"
    ],
    "accentColor": "1D62AE",
    "isBWImg": false
  },
  "imageType": {
    "clipArtType": 0,
    "lineDrawingType": 0
  },
  "tags": [
    {
      "name": "human face",
      "confidence": 0.9915334582328796
    },
    {
      "name": "person",
      "confidence": 0.9684930443763733
    },
    {
      "name": "clothing",
      "confidence": 0.9668285846710205
    },
    {
      "name": "screenshot",
      "confidence": 0.9130035638809204
    },
    {
      "name": "man",
      "confidence": 0.891563892364502
    },
    {
      "name": "indoor",
      "confidence": 0.7402727007865906
    }
  ],
  "description": {
    "tags": [
      "man",
      "person",
      "indoor",
      "dark"
    ],
    "captions": [
      {
        "text": "a group of men in a dark room",
        "confidence": 0.44464510679244995
      }
    ]
  },
  "faces": [],
  "objects": [
    {
      "rectangle": {
        "x": 188,
        "y": 40,
        "w": 404,
        "h": 539
      },
      "object": "person",
      "confidence": 0.753
    },
    {
      "rectangle": {
        "x": 698,
        "y": 30,
        "w": 426,
        "h": 633
      },
      "object": "person",
      "confidence": 0.812
    }
  ],
  "brands": [],
  "requestId": "6043cda5-1620-46c8-a66a-b4583b76a80b",
  "metadata": {
    "width": 1280,
    "height": 720,
    "format": "Png"
  },
  "modelVersion": "2021-05-01"
}