{
  "categories": [
    {
      "name": "people_show",
      "score": 0.7890625
    }
  ],
  "adult": {
    "isAdultContent": false,
    "isRacyContent": false,
    "isGoryContent": false,
    "adultScore": 0.02876117080450058,
    "racyScore": 0.039824724197387695,
    "goreScore": 0.13689976930618286
  },
  "color": {
    "dominantColorForeground": "Black",
    "dominantColorBackground": "Black",
    "dominantColors": [
      "Black",
      "Brown"
    ],
    "accentColor": "91503A",
    "isBWImg": false
  },
  "imageType": {
    "clipArtType": 0,
    "lineDrawingType": 0
  },
  "tags": [
    {
      "name": "human face",
      "confidence": 0.9733085632324219
    },
    {
      "name": "candle",
      "confidence": 0.9645692110061646
    },
    {
      "name": "person",
      "confidence": 0.9409236907958984
    },
    {
      "name": "darkness",
      "confidence": 0.8510622978210449
    },
    {
      "name": "people",
      "confidence": 0.5784681439399719
    },
    {
      "name": "night",
      "confidence": 0.5783565044403076
    }
  ],
  "description": {
    "tags": [
      "person",
      "dark"
    ],
    "captions": [
      {
        "text": "a group of people sitting at a table with candles",
        "confidence": 0.4555865228176117
      }
    ]
  },
  "faces": [],
  "objects": [
    {
      "rectangle": {
        "x": 694,
        "y": 163,
        "w": 287,
        "h": 499
      },
      "object": "person",
      "confidence": 0.729
    },
    {
      "rectangle": {
        "x": 471,
        "y": 482,
        "w": 238,
        "h": 151
      },
      "object": "Musical instrument",
      "confidence": 0.501
    }
  ],
  "brands": [],
  "requestId": "cde70d4b-5ec2-493a-957c-223cd12acc76",
  "metadata": {
    "width": 1280,
    "height": 720,
    "format": "Png"
  },
  "modelVersion": "2021-05-01"
}