{
  "categories": [
    {
      "name": "others_",
      "score": 0.0078125
    }
  ],
  "adult": {
    "isAdultContent": false,
    "isRacyContent": false,
    "isGoryContent": false,
    "adultScore": 0.006587149575352669,
    "racyScore": 0.007466924376785755,
    "goreScore": 0.015562092885375023
  },
  "color": {
    "dominantColorForeground": "Black",
    "dominantColorBackground": "Black",
    "dominantColors": [
      "Black",
      "Blue"
    ],
    "accentColor": "20437D",
    "isBWImg": false
  },
  "imageType": {
    "clipArtType": 0,
    "lineDrawingType": 0
  },
  "tags": [
    {
      "name": "human face",
      "confidence": 0.9886901378631592
    },
    {
      "name": "person",
      "confidence": 0.9736812114715576
    },
    {
      "name": "clothing",
      "confidence": 0.9502965211868286
    },
    {
      "name": "hat",
      "confidence": 0.9327152967453003
    },
    {
      "name": "headgear",
      "confidence": 0.8977391123771667
    },
    {
      "name": "man",
      "confidence": 0.8678595423698425
    },
    {
      "name": "wearing",
      "confidence": 0.7204357981681824
    },
    {
      "name": "dark",
      "confidence": 0.6490248441696167
    },
    {
      "name": "portrait",
      "confidence": 0.6273543238639832
    }
  ],
  "description": {
    "tags": [
      "person",
      "man",
      "headdress",
      "hat",
      "staring"
    ],
    "captions": [
      {
        "text": "a man wearing a hat",
        "confidence": 0.551123321056366
      }
    ]
  },
  "faces": [
    {
      "age": 66,
      "gender": "Male",
      "faceRectangle": {
        "left": 239,
        "top": 233,
        "width": 478,
        "height": 478
      }
    }
  ],
  "objects": [
    {
      "rectangle": {
        "x": 18,
        "y": 33,
        "w": 860,
        "h": 366
      },
      "object": "hat",
      "confidence": 0.657,
      "parent": {
        "object": "headwear",
        "confidence": 0.803
      }
    },
    {
      "rectangle": {
        "x": 2,
        "y": 108,
        "w": 909,
        "h": 612
      },
      "object": "person",
      "confidence": 0.765
    }
  ],
  "brands": [],
  "requestId": "f550f72b-305e-4c8a-aeb7-062a579b1d82",
  "metadata": {
    "width": 1280,
    "height": 720,
    "format": "Png"
  },
  "modelVersion": "2021-05-01"
}