{
  "categories": [
    {
      "name": "others_",
      "score": 0.00390625
    }
  ],
  "adult": {
    "isAdultContent": false,
    "isRacyContent": false,
    "isGoryContent": false,
    "adultScore": 0.006585797760635614,
    "racyScore": 0.0072806826792657375,
    "goreScore": 0.003415158484131098
  },
  "color": {
    "dominantColorForeground": "Black",
    "dominantColorBackground": "Black",
    "dominantColors": [
      "Black",
      "Blue"
    ],
    "accentColor": "1A5CB1",
    "isBWImg": false
  },
  "imageType": {
    "clipArtType": 0,
    "lineDrawingType": 0
  },
  "tags": [
    {
      "name": "human face",
      "confidence": 0.9916737079620361
    },
    {
      "name": "person",
      "confidence": 0.9885129332542419
    },
    {
      "name": "clothing",
      "confidence": 0.9502108097076416
    },
    {
      "name": "man",
      "confidence": 0.9050884246826172
    },
    {
      "name": "headgear",
      "confidence": 0.8818345069885254
    },
    {
      "name": "chin",
      "confidence": 0.8735144138336182
    },
    {
      "name": "hat",
      "confidence": 0.8731513619422913
    },
    {
      "name": "wrinkle",
      "confidence": 0.8654203414916992
    },
    {
      "name": "portrait",
      "confidence": 0.8449642062187195
    },
    {
      "name": "wearing",
      "confidence": 0.775794267654419
    },
    {
      "name": "black",
      "confidence": 0.7105410695075989
    },
    {
      "name": "head",
      "confidence": 0.6409854292869568
    },
    {
      "name": "dark",
      "confidence": 0.6118292808532715
    }
  ],
  "description": {
    "tags": [
      "person",
      "headdress",
      "man",
      "hat",
      "wearing",
      "helmet"
    ],
    "captions": [
      {
        "text": "Joss Ackland wearing a hat",
        "confidence": 0.5672520399093628
      }
    ]
  },
  "faces": [
    {
      "age": 61,
      "gender": "Male",
      "faceRectangle": {
        "left": 364,
        "top": 218,
        "width": 449,
        "height": 449
      }
    }
  ],
  "objects": [
    {
      "rectangle": {
        "x": 112,
        "y": 48,
        "w": 842,
        "h": 314
      },
      "object": "hat",
      "confidence": 0.709,
      "parent": {
        "object": "headwear",
        "confidence": 0.796
      }
    },
    {
      "rectangle": {
        "x": 94,
        "y": 103,
        "w": 877,
        "h": 617
      },
      "object": "person",
      "confidence": 0.631
    }
  ],
  "brands": [],
  "requestId": "c69fbc17-4025-4426-b302-86d158800232",
  "metadata": {
    "width": 1280,
    "height": 720,
    "format": "Png"
  },
  "modelVersion": "2021-05-01"
}