{
  "categories": [
    {
      "name": "others_",
      "score": 0.00390625
    },
    {
      "name": "people_",
      "score": 0.453125
    }
  ],
  "adult": {
    "isAdultContent": false,
    "isRacyContent": false,
    "isGoryContent": false,
    "adultScore": 0.011290907859802246,
    "racyScore": 0.013463879935443401,
    "goreScore": 0.0006965609500184655
  },
  "color": {
    "dominantColorForeground": "Black",
    "dominantColorBackground": "Black",
    "dominantColors": [
      "Black"
    ],
    "accentColor": "5B4A35",
    "isBWImg": false
  },
  "imageType": {
    "clipArtType": 0,
    "lineDrawingType": 0
  },
  "tags": [
    {
      "name": "human face",
      "confidence": 0.9877285361289978
    },
    {
      "name": "clothing",
      "confidence": 0.9593580961227417
    },
    {
      "name": "person",
      "confidence": 0.9399962425231934
    },
    {
      "name": "screenshot",
      "confidence": 0.9203466176986694
    },
    {
      "name": "man",
      "confidence": 0.890598475933075
    },
    {
      "name": "black",
      "confidence": 0.8866921663284302
    },
    {
      "name": "gentleman",
      "confidence": 0.8756382465362549
    },
    {
      "name": "darkness",
      "confidence": 0.8543097376823425
    },
    {
      "name": "dark",
      "confidence": 0.5975469350814819
    },
    {
      "name": "wearing",
      "confidence": 0.546990156173706
    }
  ],
  "description": {
    "tags": [
      "person",
      "man",
      "indoor",
      "necktie"
    ],
    "captions": [
      {
        "text": "a group of men",
        "confidence": 0.46817949414253235
      }
    ]
  },
  "faces": [],
  "objects": [
    {
      "rectangle": {
        "x": 183,
        "y": 52,
        "w": 397,
        "h": 516
      },
      "object": "person",
      "confidence": 0.592
    },
    {
      "rectangle": {
        "x": 706,
        "y": 76,
        "w": 398,
        "h": 577
      },
      "object": "person",
      "confidence": 0.825
    }
  ],
  "brands": [],
  "requestId": "602cccbf-b9e7-4ecf-b22c-287231518a2b",
  "metadata": {
    "width": 1280,
    "height": 720,
    "format": "Png"
  },
  "modelVersion": "2021-05-01"
}