{
  "categories": [
    {
      "name": "abstract_",
      "score": 0.00390625
    },
    {
      "name": "others_",
      "score": 0.0078125
    }
  ],
  "adult": {
    "isAdultContent": false,
    "isRacyContent": false,
    "isGoryContent": false,
    "adultScore": 0.013396444730460644,
    "racyScore": 0.016870874911546707,
    "goreScore": 0.000935723481234163
  },
  "color": {
    "dominantColorForeground": "Black",
    "dominantColorBackground": "Black",
    "dominantColors": [
      "Black",
      "Grey"
    ],
    "accentColor": "304961",
    "isBWImg": false
  },
  "imageType": {
    "clipArtType": 0,
    "lineDrawingType": 0
  },
  "tags": [
    {
      "name": "person",
      "confidence": 0.9963981509208679
    },
    {
      "name": "clothing",
      "confidence": 0.9943652153015137
    },
    {
      "name": "fast food",
      "confidence": 0.8401715755462646
    },
    {
      "name": "food",
      "confidence": 0.7987520694732666
    },
    {
      "name": "indoor",
      "confidence": 0.6372343301773071
    },
    {
      "name": "people",
      "confidence": 0.5742605924606323
    },
    {
      "name": "outdoor",
      "confidence": 0.5374693870544434
    },
    {
      "name": "street",
      "confidence": 0.42606085538864136
    }
  ],
  "description": {
    "tags": [
      "person",
      "indoor",
      "blurry"
    ],
    "captions": [
      {
        "text": "a person holding a plate of food",
        "confidence": 0.4728836417198181
      }
    ]
  },
  "faces": [],
  "objects": [
    {
      "rectangle": {
        "x": 227,
        "y": 12,
        "w": 335,
        "h": 704
      },
      "object": "person",
      "confidence": 0.838
    },
    {
      "rectangle": {
        "x": 513,
        "y": 149,
        "w": 421,
        "h": 562
      },
      "object": "person",
      "confidence": 0.75
    }
  ],
  "brands": [],
  "requestId": "fa330c64-5df3-44ca-82cb-97084cd69aa5",
  "metadata": {
    "width": 1280,
    "height": 720,
    "format": "Png"
  },
  "modelVersion": "2021-05-01"
}